material_id,formula,Number of Atoms,Volume (A3),Density (g cm-3),Atomic mass (amu),K_VRH_pred,G_VRH_pred,K_VRH_spread_log10,G_VRH_spread_log10,Poisson ratio,Gruneisen parameter,Kappa_cal (W m-1 K-1),Kappa_cal_p05,Kappa_cal_p50,Kappa_cal_p95,stoichiometry_pattern,is_low_kappa_candidate,space_group,space_group_number,crystal_system
8973ebd0ca,ReOF5,28,460.95376759042506,4.282508274692231,1188.793664,3.182687420483681,1.852458108405316,0.0525419585802251,0.0970206735269711,0.2562666376216487,1.530539167534812,0.0269396943510014,0.0102018826362456,0.0264929609201547,0.0636319905810468,"ternary oxide (A-B-O, other ratio)",True,Pnma,62.0,orthorhombic
abbd9e4b22,COF14,32,562.9635055646781,1.7343153906021582,587.9754896000001,5.497180044034906,2.4049955891438834,0.0546488727790767,0.0375720622359652,0.3090923417428674,1.8305178119567744,0.0436744203135016,0.0283238881368444,0.0434407366346484,0.0662830924903784,"ternary oxide (A-B-O, other ratio)",True,P2_1,4.0,monoclinic
f7559a5b03,S24ClO3,28,935.6837515752256,1.513821760227983,853.0111999999999,1.1335221419103194,1.0443236361365982,0.0741520212997297,0.0697534681630291,0.1475761082048619,1.1053717790643478,0.0367186239934734,0.0181268310396172,0.0362268431845589,0.0684267655869098,"ternary oxide (A-B-O, other ratio)",True,R3m,160.0,trigonal
5174372520,ReAsOF10,26,425.916414125236,3.642300474808822,934.224064,9.44330250813293,2.2532288154488107,0.0454561805479386,0.1470313984478792,0.3894867032074298,2.506470319619212,0.0157596964277565,0.0036237125632236,0.0158662030962494,0.0701127512823808,complex oxide (4 elements),True,P2,3.0,monoclinic
ab7969dde5,CeSCl6O,36,1337.9639703234652,1.9902104111415693,1603.5936,6.733049760077889,2.7004707598627187,0.0730324242510905,0.0200568281966347,0.3231103340273141,1.925609002550749,0.0524190859171607,0.0363462189548841,0.0527349324726825,0.0745489211147528,complex oxide (4 elements),True,P2_1/c,14.0,monoclinic
d8d45058ea,CuSCl6O,18,562.7912008831009,1.913889124475416,648.6568,5.458528312283415,1.8320869832100863,0.0757413317575163,0.0692889193435768,0.3490674432799192,2.123851923965712,0.0368387723308932,0.0176484725582471,0.0366309853084593,0.0756445024021117,complex oxide (4 elements),True,P-1,2.0,triclinic
8bb1b0b22a,Rb2Re2OF10,30,535.5314370708352,4.646960716532861,1498.666064,11.867189936919653,3.942291760137651,0.0518430462484051,0.0672032625784358,0.3504587714681199,2.135396984031926,0.0435425889482303,0.0214205004220783,0.0430411880343911,0.0836682417634184,complex oxide (4 elements),True,P2/c,13.0,monoclinic
70cc7da303,TlRe2Ag(OF2)4,16,305.7389206950371,4.891641043588583,900.6503256,13.751759708467016,3.614834031219609,0.0230740516485468,0.0773230693983524,0.3791567333939439,2.398450581680808,0.0447292360165175,0.0211875048246685,0.0439616931584254,0.0973832067542121,complex oxide (5 elements),True,Cmm2,35.0,orthorhombic
ebd507228c,Na(S8O)3,28,881.7009142063451,1.583034246422655,840.54796928,1.5108804230863029,1.2484607955376554,0.0850702690168691,0.1108752091549505,0.1760667477728774,1.198600634122288,0.0420374747258222,0.0143940423573788,0.0417466890633978,0.1103249173585009,"ternary oxide (A-B-O, other ratio)",True,P1,1.0,triclinic
3bdadbf5e7,AgN5O14,20,308.1645612122838,2.165594653589857,401.8933,9.236685360063614,2.7470437879947216,0.1101507578950972,0.0926481467396126,0.3647091909661339,2.2597704988095555,0.0409543325044878,0.0149563275063248,0.0401632841527856,0.1119463292608683,"ternary oxide (A-B-O, other ratio)",True,I-4,82.0,tetragonal
660939cd61,IrOF8,20,346.77335352302646,3.44970100498633,720.4072512,3.993025350798576,2.625186771273574,0.0365516924705176,0.0554064085643924,0.2303677560137883,1.4100055328727092,0.0725167611346402,0.0424396094403615,0.0719171688759967,0.1205031274091,"ternary oxide (A-B-O, other ratio)",True,Pmmn,59.0,orthorhombic
51bf6e6de2,Ag2W(OF2)2,36,593.8585297988252,5.6770277871078845,2030.2752512,39.793821433587546,8.211525074215778,0.0650758629630171,0.0793641875389665,0.403464228938748,2.6661307567173003,0.060518295052182,0.0265490901389744,0.0595477218075415,0.137272238791298,complex oxide (4 elements),True,Pbcn,60.0,orthorhombic
68ac500bff,BaSr(Se4O13)2,36,614.8365032325116,3.4370453578190103,1272.6114,14.871272842265538,6.600475001287156,0.0432351256066219,0.0087971428790912,0.3066806779927249,1.8149049117245704,0.1311123518476817,0.1078049324078336,0.1312780106605299,0.1575869352076295,complex oxide (4 elements),True,C2,5.0,monoclinic
7c5e9204bf,TlSbS6(O3F)6,32,526.0029937383595,2.905967616103565,920.5129192,11.769291404142953,5.212555253682591,0.0308557556336523,0.0448422963968907,0.3070397332026545,1.8172161364736183,0.1066307144428294,0.0689834313960069,0.107457315992243,0.1695956173843271,complex oxide (5 elements),True,R-3,148.0,trigonal
598433b870,CsK(CO3)2,20,404.1895127877263,2.399434822304594,584.0431037999999,15.453482182231472,4.64635459245098,0.0311629928651833,0.0652821392341488,0.3633607336075881,2.247500930590154,0.0948244691042325,0.0486808618664765,0.0966819384134245,0.1821896246671933,complex oxide (4 elements),True,P2_1/m,11.0,monoclinic
76034d04ec,Ta4Br11ClO4,20,608.637223010434,4.6440579839213845,1702.1861199999998,11.872871150047349,5.208470751724676,0.054227458300987,0.0271358701454484,0.3086391355072621,1.827567744957324,0.1400893033706494,0.10135824432667,0.1399851197796373,0.1963692539753458,complex oxide (4 elements),True,Amm2,38.0,orthorhombic
40bfba50d6,Cs2Na(CO3)3,30,570.2297456241159,2.7305000328469298,937.65474616,14.994585802096095,5.368471474695951,0.0355358352331856,0.0760691190914474,0.3400724776041628,2.051586529219751,0.1000950401833347,0.0453692788947432,0.1026614307490934,0.2151723441299915,complex oxide (4 elements),True,Pmc2_1,26.0,orthorhombic
b91ac8619e,Cs8Mo6PbO24,39,860.833700636564,4.301779839122243,2230.0692152,21.07119193836474,9.42653580276702,0.0177304973875231,0.0052404228243926,0.3053444111080668,1.8063437707290133,0.2082951769788608,0.1906397565903148,0.2082909593715424,0.2268672096844026,complex oxide (4 elements),True,C2/m,12.0,monoclinic
d3e2f2e94c,Cs6W2O9,34,843.9781312703328,5.1513747938386505,2618.2146228,22.9078116241667,8.373794013046304,0.0621209572356003,0.0585805049488452,0.3370798639440562,2.0284183906923308,0.1460397440536419,0.0766188859080006,0.1433929283565815,0.2627311549569346,"ternary oxide (A-B-O, other ratio)",True,C2/c,15.0,monoclinic
5592eed2ea,SeSO5,14,211.99896879580152,2.9924626126720866,382.044,10.976931434465358,4.835617246045762,0.0795437649503773,0.0467588445906978,0.3079397652177562,1.8230299427432708,0.1576198122491251,0.0906913874085846,0.1597422037592662,0.2663199323885621,"ternary oxide (A-B-O, other ratio)",True,P4/n,85.0,tetragonal
043233727a,Rb4Ru2Cl10O,17,506.5007030146985,2.998278950798352,914.5406,14.04397553701457,5.617354925845373,0.0120516322766273,0.0338997387633985,0.3235359335771688,1.9286175879092045,0.1957001614325601,0.1403990776103701,0.1940239529455912,0.2673298560836057,complex oxide (4 elements),True,I4/mmm,139.0,tetragonal
c0ca40f650,Rb6Au4O,22,892.5181593260814,4.899364936217134,2633.344952,14.11203154484942,5.887592639412657,0.0256176698249566,0.0534751614480686,0.3168661614582171,1.8823102623500845,0.1604495306432597,0.0933377530226594,0.1597546387711323,0.2699285738003217,"ternary oxide (A-B-O, other ratio)",True,R-3c,167.0,trigonal
bc8ab2046a,Rb5AuCO5,24,603.8447591844034,3.939642269535901,1432.626538,23.606729751114152,8.310083245978946,0.0201051536626132,0.0329791652791439,0.3424733736500741,2.070482953485044,0.2007112734213357,0.1438205578097689,0.2011806558582168,0.2794898044501575,complex oxide (4 elements),True,Aem2,39.0,orthorhombic
2fac98237a,KRb4Au3O4,12,327.8444291579463,5.246687606188414,1035.866807,22.23241352096462,7.25955132188357,0.0357826282055259,0.0295635497697183,0.3527609607540763,2.154725026136932,0.2132747285847365,0.1536293183982287,0.2129564800792172,0.2990759436867566,complex oxide (4 elements),True,Fmm2,42.0,orthorhombic
e5ead16186,Ca2Ta(AgO2)3,36,572.6144426956637,5.921979765249781,2042.11464,87.69907883188496,19.864833740065738,0.0370491268641252,0.0258834944253617,0.3946952480759131,2.564047456351596,0.243637338767392,0.1834728281766983,0.2434301370814126,0.3220309822852143,complex oxide (4 elements),True,P3_112,151.0,trigonal
1e9bcc31cf,CsVSeO6,36,667.2272882798995,3.5718382287713744,1435.2134076,19.425951127777576,9.179535144069405,0.0888535042185514,0.0017456243473959,0.295881473969144,1.747482773707056,0.2315700927378943,0.1643567927787463,0.2323662493231331,0.3245861101945178,complex oxide (4 elements),True,P2_12_12_1,19.0,orthorhombic
22c1882ae0,Cs3K(RuO4)2,14,317.63762656907323,4.014671536667019,767.9498557,19.43501801749696,7.129714290772945,0.0586653004468634,0.0297136181715626,0.3365613311251162,2.024446725364854,0.2287767161290795,0.1555661859382738,0.2299088863496665,0.3283999856660162,complex oxide (4 elements),True,P-3m1,164.0,trigonal
c4bdce82ae,Fe3SbBr7O,12,350.779082503451,4.093001397964631,864.6224000000001,11.4241154960818,5.217788376912932,0.0439738663811346,0.0471159075682156,0.3018066387442302,1.7839808955737049,0.2165817198914739,0.1341541473810121,0.2154722938752685,0.3400509144271472,complex oxide (4 elements),True,Cm,8.0,monoclinic
ef88803627,Rb5Co(AuO)2,20,619.5339091775194,4.889968343097628,1824.408266,18.38835576322046,7.485741320671853,0.0420246278590833,0.0502720344433457,0.320774667876261,1.9092298643724752,0.2184100413697923,0.1285161342053946,0.218402898799663,0.3728957045578512,complex oxide (4 elements),True,Pbam,55.0,orthorhombic
b64fb11bbf,Rb2Cu(CO3)2,22,357.52657188643315,3.292958621244431,708.9988,26.048412429832112,9.962117353775842,0.0603914171239227,0.015378342333334,0.3303980854814506,1.9781778017921188,0.2890239424222446,0.2132717732639471,0.2899072880991324,0.3834650099606642,complex oxide (4 elements),True,Fdd2,43.0,orthorhombic
8dee164585,K11Li(SbO4)4,32,639.8929159264516,3.062268018544147,1180.0527,41.07306009066751,11.282698599215184,0.1402131911785346,0.0284938091769491,0.3741724053161581,2.34905874558241,0.2093277796871396,0.111575230612881,0.210550881843807,0.3920254524218702,complex oxide (4 elements),True,I-42m,121.0,tetragonal
f238f0ac9b,Ag2PtS6(O3F)6,33,538.3103137861937,3.1007343827950526,1005.1900192,18.06178369637704,9.23729556009579,0.0513180712940002,0.0344670388785602,0.2815300358438671,1.6637342871100411,0.2765575974051166,0.1841653731958964,0.2773633406869338,0.4000196297621899,complex oxide (5 elements),True,P321,150.0,trigonal
5e4005cd75,Cs2RbAuO,10,394.1587169036542,4.7541778650725846,1128.4893456000002,5.913966206243581,2.924660369425752,0.0615878187852809,0.1347991959244753,0.2877251575043187,1.6991080765351378,0.1143246589419958,0.0299047512284821,0.1169943911522615,0.4137732233172439,complex oxide (4 elements),True,Ama2,40.0,orthorhombic
de3109d6a6,Rb3(CoO2)2,36,698.1042830821624,4.169922124044299,1753.0695599999997,36.89900492582135,11.389163092227667,0.0193790055038692,0.0777052583639377,0.3600681507404074,2.21799532628449,0.1894257783529552,0.0915004029667559,0.1916188149552636,0.4161131358249633,"ternary oxide (A-B-O, other ratio)",True,Pnna,52.0,orthorhombic
091f05f6f7,NbSe4IO13,38,631.265774708014,3.9122930066246537,1487.2861,11.311864385509969,9.030796733530863,0.0390824611927839,0.0265531706411862,0.1847257790343264,1.229119389365986,0.3329147233566548,0.2507529138619691,0.3334869128238265,0.4364059797487137,complex oxide (4 elements),True,Pc,7.0,monoclinic
eafd1b72d4,K4Rb2Zn2O5,26,560.5769591743701,3.188175289662981,1076.2876,27.98712858827534,11.696485622371984,0.0133988381831041,0.0137204028680118,0.3165887639027476,1.8804225481072585,0.404333728145532,0.3502018393903762,0.4039152442617503,0.469845915993355,complex oxide (4 elements),True,P4_2/mnm,136.0,tetragonal
66a755633e,BPb3BrO4,36,766.7237667373804,6.725224691966059,3105.2504,37.54060918128475,14.857945616372726,0.0754868601238467,0.0374600315500804,0.3251729049082392,1.9402593155503465,0.3013126359870871,0.1894061433526437,0.3014075861235693,0.4855986897684187,complex oxide (4 elements),True,Pbcm,57.0,orthorhombic
24bc5d47d4,Rb6BaO4,22,581.1603609331393,4.080949664696638,1428.2628,18.503934736037053,8.047022172278288,0.0595406335682343,0.0605190268193882,0.3100887957531308,1.83703042535526,0.2545374365746844,0.1327382681977055,0.2544420487970825,0.4866738599478814,"ternary oxide (A-B-O, other ratio)",True,P6_3mc,186.0,hexagonal
e0e7ac0c62,Fe3Sb2(ClO)4,26,585.0274099984475,3.501811200731351,1233.7292,38.73994899429495,13.138207440102324,0.0339108508424351,0.0239000174336432,0.3476530027599777,2.11221830791888,0.3710059095813432,0.2763527558686844,0.3723509212341568,0.4880259452206257,complex oxide (4 elements),True,Cmce,64.0,orthorhombic
ef0a2b67ec,Ag5BiPbO6,13,211.50247273300764,8.255631085547623,1051.5178,79.8725067487401,17.5857951607979,0.0197284646395725,0.0413527630599091,0.3974403082656489,2.595288805608208,0.3311237640699838,0.2204353157488282,0.333753815801818,0.4952150672201122,complex oxide (4 elements),True,P312,149.0,trigonal
78e547209e,ZnFe2Sb2(BrO)4,26,636.6983591707793,4.194952393275777,1608.4652,22.78217405710128,11.152646684754696,0.0492304147452547,0.0145752186254328,0.2895705040964445,1.709869566567524,0.4047077797245502,0.3186604607965987,0.4052693609057828,0.5084987232454515,complex oxide (5 elements),True,C222_1,20.0,orthorhombic
6d854b5584,HfZn(ReO4)6,32,550.8230672339575,5.260946884565905,1745.1266,19.032696641514523,10.737542334196664,0.1352757017437982,0.0247718041926101,0.2625685356648269,1.5622053639974378,0.3053588151967555,0.1721754514744184,0.3025706576309115,0.5085479238838563,complex oxide (4 elements),True,P-6,174.0,hexagonal
362d4d0fff,Rb2CuAgO2,12,288.36915489863105,4.311282709234421,748.6972,24.86320811163237,9.652644249859872,0.02953057257038,0.0159375520181177,0.3281270599898153,1.961553439827739,0.4179046680933653,0.3452242409535569,0.4177246755300328,0.5093826395054031,complex oxide (4 elements),True,Fmmm,69.0,orthorhombic
5e4048d01f,BaCa7(Sb2O5)4,36,635.3853024179797,4.474048901301011,1711.941,42.81403837945693,16.47262534402798,0.028504062391982,0.0244796027062606,0.3294932735359445,1.9715275591459551,0.3928193133703042,0.2984995747765052,0.3909701148900715,0.5177550862683807,complex oxide (4 elements),True,Pm,6.0,monoclinic
24862c4a07,Sr3EuBr6O,22,657.961635029698,4.594496972500918,1820.4948,23.43977688175423,11.136590590185302,0.0158306066606673,0.014165466960206,0.2949211594207799,1.741676945895501,0.4469213408057914,0.3837760876560098,0.4488189954989723,0.5231717909759642,complex oxide (4 elements),True,Cc,9.0,monoclinic
febf24690b,Cs3(AgO2)2,18,434.06482714821794,5.190898923389747,1356.9007114,24.151857875089984,9.826969326989722,0.0295648643229626,0.0505161696514174,0.3208556339947224,1.9097939469845664,0.3144815107494556,0.1892244361916366,0.3150523475964269,0.5288362936735169,"ternary oxide (A-B-O, other ratio)",True,Cmcm,63.0,orthorhombic
76014f02e2,EuReSeO8,11,205.1184637220618,4.413075918014186,545.1261999999999,15.16074308527318,7.643877446813848,0.0625607038969061,0.0247705175128456,0.2841773681177276,1.678710192663624,0.3740104622144335,0.2681000862943271,0.3750423477799402,0.52943565633243,complex oxide (4 elements),True,P3,143.0,trigonal
417a06e89b,BaHg2(BrO)2,28,686.2945134125856,7.0681876294841866,2921.2552,30.00662272793445,14.45376312005366,0.0584971899361812,0.0047108706363673,0.2924773513708614,1.7270366877647596,0.4306574853679245,0.3412686688264337,0.4325951460393747,0.5376354403471618,complex oxide (4 elements),True,P4/mbm,127.0,tetragonal
c5c3a7fa98,CaAg5SbO6,26,389.1765916730216,6.80277758120719,1594.3508,89.18595794980571,23.620920457262443,0.0266379974162232,0.0262788702717139,0.3783174414529098,2.390014123379638,0.4260699011729538,0.3226671015319594,0.4253489612224843,0.5602629994835593,complex oxide (4 elements),True,P-31c,163.0,trigonal
40f30f3ad5,Fe3Br4O,32,877.6810947083379,3.8077652659038783,2012.6016,16.980027445292084,7.195954141656972,0.0747322559482674,0.1205406503213299,0.3143332110943478,1.8651836638098824,0.1709781875726453,0.0493721123437666,0.16858162035031,0.5684254607926227,"ternary oxide (A-B-O, other ratio)",True,P2_13,198.0,cubic
44efcb9791,LiHg2ClO2,18,328.0108187734489,7.22269360628419,1426.7184,46.83544223525877,12.692462944465266,0.0267529058154951,0.0992148434151025,0.3757255559253181,2.364268068578938,0.2279413305536492,0.0871673669811601,0.2279118488934465,0.5942802364920831,complex oxide (4 elements),True,P6_222,180.0,hexagonal
5bd88d37ee,RbFeAsO4,28,515.6535194885007,3.6096810495790015,1120.928,33.32352489572142,13.166389606305414,0.0371962717817508,0.0413467398254278,0.3254365005036813,1.942144382203593,0.3857554396116383,0.2474590061390406,0.3832861662129303,0.6077550904257327,complex oxide (4 elements),True,Pna2_1,33.0,orthorhombic
6368781ddc,VHg2O3F,28,569.1750784000684,6.058001655099456,2076.4724128000003,16.460540626104947,10.478302956381444,0.1595548289632706,0.0232153462621361,0.2374294324963478,1.4414283454325667,0.3565893401102722,0.1825059356380207,0.3552119131818664,0.6078439899810238,complex oxide (4 elements),True,Ibam,72.0,orthorhombic
e60983567b,SrPb5(BrO)4,28,786.4208606569458,6.365091273642408,3014.4672,41.93437330818508,14.339601939959582,0.0380128704928009,0.0661637889366919,0.3465178738947718,2.1029563507586952,0.3245070562174673,0.1673699177072278,0.3240223076012123,0.6139062468344877,complex oxide (4 elements),True,Pmn2_1,31.0,orthorhombic
0a0a97b6bc,MnFe(ReO4)4,22,409.0057947825433,4.513035394698542,1111.601445,17.681193847358077,10.907028666986292,0.0464223300092429,0.0197189256917594,0.244169086940761,1.4723978865724072,0.4852950283305871,0.3799738418305075,0.4883237044753221,0.6219855917709083,complex oxide (4 elements),True,P2/m,10.0,monoclinic
be479fdd7f,Rb6Se2O9,17,400.0525677471349,3.381747360362712,814.7213999999999,18.70843530137011,9.000584643922792,0.0376371139308939,0.0392200217863114,0.2926957028568121,1.728336993983954,0.4204121496877417,0.2840467305494856,0.4243643790194547,0.6247657064628286,"ternary oxide (A-B-O, other ratio)",True,Fm-3m,225.0,cubic
6186b5a1b1,K2ZnAs2O7,24,411.9697606117907,3.268475810374189,810.8892000000001,31.749592159184846,13.400624093776342,0.0332707231855513,0.0227839570046091,0.3149926641567822,1.8696188156811813,0.4838572484417021,0.3696257039352918,0.4852758419410616,0.6298968210681041,complex oxide (4 elements),True,P-42_1m,113.0,tetragonal
d95dec2ea3,KNa3(CO3)4,20,294.0368238547497,1.9658727402124376,348.10320784,23.254625939232184,9.531006194855168,0.041280028330651,0.0518951662300396,0.319704518515725,1.901798979440264,0.3888505319710197,0.2281186150885355,0.3944203219466442,0.6471231474576625,complex oxide (4 elements),True,R32,155.0,trigonal
229034b20e,Cs2FeGeO4,16,332.87185799834936,4.572415779863914,916.5870076,38.07106765417978,13.404688039579108,0.0467354834372105,0.0315465235448132,0.3424434701006391,2.070245874322031,0.4695487838719151,0.3208612866284195,0.469949093574292,0.6776946941616595,complex oxide (4 elements),True,Cmc2_1,36.0,orthorhombic
11a8cce63f,K2AgAuO2,12,277.68249489355526,4.963754093819654,830.060338,37.3023657033793,11.335682434190431,0.0139027821535834,0.0621617031471225,0.3620322933793475,2.23551971283085,0.3738530019247232,0.2002629162458802,0.3681919483879935,0.689206503797813,complex oxide (4 elements),True,Imm2,44.0,orthorhombic
53ed34b2f6,Li3HgO2F,28,356.4814187518069,5.075695521745822,1089.6408128,57.77756587837328,21.127470283571213,0.0116119887263991,0.0296765608325871,0.3370298361636315,2.0280346618478373,0.5373937108756598,0.4008000325647395,0.5357413038602273,0.7223614743963703,complex oxide (4 elements),True,Pnnm,58.0,orthorhombic
30342393d7,FeNi(Se2O5)2,32,452.4126497301056,4.333815316600461,1180.7448,28.103704424484384,14.859715725946522,0.1070526918693292,0.028119382900207,0.2752406245484273,1.6289675281278435,0.4805552087775651,0.2882209270319478,0.4787731665358228,0.7471470734734837,complex oxide (4 elements),True,Pnc2,30.0,orthorhombic
b93632eac6,As3Pb5O9F,36,639.4826973367731,7.39411861099423,2847.5156064,51.81011980652927,21.668060479578475,0.0530570803358822,0.0399041702408789,0.3164744172315412,1.879645279635784,0.5055700317005353,0.3254188588975683,0.5036594664957941,0.7835829457387232,complex oxide (4 elements),True,P6_3/m,176.0,hexagonal
354f44a5c9,LiPrCr4O14,20,314.5606875402351,3.0608449262265527,579.82465,31.57599933938896,13.080655893979689,0.0667846334591315,0.0335491300943673,0.31800177324393,1.890069516757924,0.5183717819361624,0.3356637903969319,0.5191735531191559,0.7890265039685885,complex oxide (4 elements),True,I4,79.0,tetragonal
28362a88b3,Cs2RuOF5,9,197.78041007368003,4.012154978785394,477.8723198,26.53454920792516,8.559582052870217,0.163187870506225,0.0586529219317951,0.3543681631628513,2.16838721282298,0.347092655709403,0.1458713376076358,0.3465101838732158,0.8152837935675749,complex oxide (4 elements),True,I4mm,107.0,tetragonal
ca300c0b2c,Eu4(PO4)3,38,568.2072426794857,5.218094723239227,1785.540172,65.69261130700053,26.14090919865538,0.0400297303979246,0.0111875133636974,0.3243365980384376,1.9342978011619965,0.6883996501632966,0.5577627484411095,0.6858639042241514,0.8392385643546523,"ternary oxide (A-B-O, other ratio)",True,I-43d,220.0,cubic
e7237b4838,Rb3CoO4F,18,357.7315080880615,3.698007174546594,796.6651963999999,27.218814756679883,12.420651717211925,0.0206232531622217,0.0428229217563037,0.3019605369372522,1.7849446867032543,0.5610293543236499,0.3686571317882267,0.5613735098832993,0.8514956866355382,complex oxide (4 elements),True,I4/mcm,140.0,tetragonal
62ce3edf15,Rb2I4O11,34,643.6367983946612,4.409345407232579,1709.0937600000002,17.652311192791554,13.257683199210614,0.0804623128347683,0.0358500959437117,0.1996656362806614,1.284435748770258,0.5946358706382682,0.3734713858281377,0.6040877624037939,0.8924789726448816,"ternary oxide (A-B-O, other ratio)",True,P6_3,173.0,hexagonal
9a4e9cdbb7,PtOF3,20,319.0417469584289,5.581150542540825,1072.3144384,12.4971761291527,7.358649924676907,0.0221969654990646,0.1644110597157793,0.2538922853283541,1.5188591419638708,0.2340256489123876,0.0479329350156799,0.2288794164215714,0.9815106319220436,"ternary oxide (A-B-O, other ratio)",True,P4_1,76.0,tetragonal
601d0c677b,Pd(SeO3)2,36,570.6498180172928,4.194184603320786,1441.3456,22.06642606444033,14.681472763154584,0.0957288612164142,0.0559288552089121,0.2277200213363165,1.3984843424561746,0.5769374277492411,0.3079630562151213,0.5861300760926252,1.033206278588367,"ternary oxide (A-B-O, other ratio)",True,I-42d,122.0,tetragonal
41e31e028c,LaAsSe2O,20,493.99848785741153,5.213523345493832,1550.98588,33.698371301082226,16.767123965608736,0.0512217625861463,0.0218832996439469,0.2866094653963882,1.692652396923553,0.8129895212690159,0.5999542099914067,0.815479749800399,1.069414674971508,complex oxide (4 elements),True,Pca2_1,29.0,orthorhombic
cb05d3e591,K6SbIO5,13,347.2432501604565,2.693503009839982,563.25127,25.65071172602778,9.988832686165008,0.0205327394188749,0.0710894362070276,0.3276618101072591,1.9581752066649205,0.5484005363772717,0.2690649701613495,0.5389539991294976,1.089649250592793,complex oxide (4 elements),True,F-43m,216.0,cubic
6dfd8f1d7b,KDy(AuO2)4,14,241.99159748282952,7.667975397890639,1117.459776,77.63834689277157,23.10737100150884,0.087932216054283,0.0269873406764508,0.3646171002185164,2.258929082841054,0.7003954445302536,0.4423983740771734,0.6853786221051617,1.0908749570366332,complex oxide (4 elements),True,Pmmm,47.0,orthorhombic
c4ac68c097,Na2V4PbO12,38,590.8206775613745,3.647764898637874,1297.8766771199998,30.12514335818645,19.03045555905752,0.0397897449312797,0.0246303251679591,0.2390845732543011,1.4489434804971038,0.8330160507146331,0.6313307667154993,0.8351811930526589,1.0934187663119916,complex oxide (4 elements),True,P4/nbm,125.0,tetragonal
4fb01de76c,Nd3Gd3Se8(O12F)2,40,697.78466094423,4.659840647371047,1958.1384064,65.0192038426266,24.77681239233633,0.0646883514650351,0.0482643417086103,0.3309399505056916,1.9821775962975927,0.6524438003805975,0.365697363609755,0.6462392339786704,1.101379927465161,complex oxide (5 elements),True,P3m1,156.0,trigonal
ab2ee866b3,K2Ba(RuO4)2,13,232.2148540632802,3.90193710628472,545.6587999999999,35.45400422390251,15.864045336679562,0.040485141343324,0.0076571620416465,0.3053110082026332,1.8061305774910863,0.9257452091915236,0.7742675752830113,0.9205240617192252,1.106980192375431,complex oxide (4 elements),True,R-3m,166.0,trigonal
090b39c5c9,LaNd(AuO3)2,20,305.2672290370326,8.41049711832676,1546.154016,123.84289897775122,36.034105027036965,0.0109250030761555,0.0168142357052083,0.36737956143058,2.28439437835444,0.9606085506235454,0.8040745897942037,0.9624411875929634,1.135353925781631,complex oxide (4 elements),True,Pma2,28.0,orthorhombic
c4627d1f77,TlVCu4P4O17,54,713.9735848835193,4.21147660666264,1810.787296,56.82322260526245,28.87504908384523,0.0694056571368357,0.0151490827871178,0.2827252495104991,1.6704700146855385,0.8748015955208859,0.6422537281071798,0.8715946594959117,1.1663867101145478,complex oxide (5 elements),True,P42_12,90.0,tetragonal
576e0282c1,HoCuPd5O8,15,223.32970651696465,6.606858297096029,888.57152,159.27839163882314,34.22461048036617,0.0075468211608813,0.033365710278536,0.3997442931770863,2.6220063063236005,0.863765474659305,0.6278319454170452,0.870896592618069,1.2022135497146962,complex oxide (4 elements),True,Immm,71.0,orthorhombic
9ce7a8963d,NaLi(Ag3O2)2,12,186.302099505522,6.605872357318043,741.1375692800001,58.499520914892166,18.381758298146984,0.04001977101524,0.067868695811804,0.3577852703208061,2.1979071682265827,0.6079355686613181,0.309147610987574,0.6085828544892662,1.2030459846192492,complex oxide (4 elements),True,I222,23.0,orthorhombic
a2dfb72e0b,LaBiPb2O7,22,338.8789661127134,8.568126177490468,1748.56334,103.8788127181434,33.87644653302499,0.0311590436518231,0.0277249629667504,0.3529297399559974,2.1561531728837267,0.926534661782902,0.6828019188029496,0.9270080737608752,1.2550203656191672,complex oxide (4 elements),True,Imma,74.0,orthorhombic
0f3467e253,P2SeO6,18,269.99593030795967,2.9140307480468493,473.807848,17.055008311356733,8.168903285091611,0.0261524629345064,0.1434008595782661,0.2934848526735465,1.7330491521451696,0.3229172947199134,0.0799584302696795,0.3195105900510525,1.2577997848042126,"ternary oxide (A-B-O, other ratio)",True,Pmna,53.0,orthorhombic
c265fdd42b,CsNaCdO2,20,397.2761802399738,5.020872079076258,1201.22008472,44.78150534536715,20.88564738100421,0.0083953627560436,0.0247823755282415,0.2981805186449088,1.7615051822358545,1.0012161082046136,0.7881000715143217,1.0030411560100614,1.2616666420337614,complex oxide (4 elements),False,Cccm,66.0,orthorhombic
35c738a32d,Ba12CrCo3(O9F)2,36,642.477995935459,5.693080356124098,2202.7056914,65.87634269263035,30.796462520487072,0.0183329589098578,0.0143755393189208,0.2977690945974549,1.7589829709613407,1.100555562781416,0.938709398408848,1.102610653953806,1.2921685468147197,complex oxide (5 elements),False,P-4,81.0,tetragonal
69071f813c,Mg2Hg2OF6,22,287.93160598284965,6.687331443636783,1159.5596384,76.42890324230106,27.70850441693713,0.0568310735714084,0.0381138309393821,0.3382741999150888,2.037614037181105,0.8256451151747732,0.5434144413313556,0.8283247467072268,1.2935431747839927,complex oxide (4 elements),True,Fd-3m,227.0,cubic
62acf95047,Eu2AsWO8,12,188.3509241472873,6.089214055633367,690.6848,64.26361607855314,21.305706477230487,0.1102174661887285,0.0037710757931007,0.3507282858488632,2.13764513566303,0.8414840877355572,0.5193834854944418,0.834615633390931,1.3098037065207015,complex oxide (4 elements),True,I-4m2,119.0,tetragonal
a1f59230c6,Hg(AuO2)2,14,196.51235105936075,11.129065498918347,1317.041476,96.22722107270393,24.96033066526501,0.1344555301647318,0.0739137326019514,0.3806266484461286,2.4133452672724625,0.5229453220855895,0.2167612413097976,0.535214191214815,1.3206861006201944,AB2O4-type (spinel-like),True,I4_1/a,88.0,tetragonal
999765470a,LiNbCdO4,28,366.1567392062467,5.011338573827412,1105.02392,83.45066331168701,29.94462206809731,0.0840854223940338,0.0193875349151575,0.339752136919729,2.049086251927717,0.9019074583261086,0.5955426867696347,0.9019186464570031,1.3262094134031794,complex oxide (4 elements),True,P4_122,91.0,tetragonal
bbe278249c,Rb3PSeO3,16,404.79260510509664,3.399370678016609,828.670724,23.702687056831326,11.543821892330062,0.0377393870850696,0.0748300772310999,0.2904980237977962,1.7153184459445416,0.658011516102833,0.303602787116224,0.6595074449765781,1.3461297750683534,complex oxide (4 elements),True,R3c,161.0,trigonal
00b01ac08e,Ba5Bi2Br2O9,36,868.7324346449342,5.384167724232108,2816.7968,54.14386784433567,27.24805810106061,0.0027608393491999,0.0206111259760195,0.2845204551743567,1.6806662169411637,1.1244689835408257,0.9203846200769236,1.1225144961607658,1.3746071416042518,complex oxide (4 elements),False,P6_3/mmc,194.0,hexagonal
17ebc21827,BiSb5(BrO4)2,32,619.5508471870571,5.926437741446362,2211.1672000000003,26.800804610000643,16.180394408360645,0.0250827080707666,0.0956202822957957,0.2487069173569472,1.4938124058826796,0.5916773139915975,0.2520754514459775,0.5969771492884451,1.4003408654929743,complex oxide (4 elements),True,P222_1,17.0,orthorhombic
6e5adc38af,Sr4TiCr(BrO4)2,32,601.9317591746877,4.072623685480015,1476.2926,50.87412979929455,26.15698465701224,0.0241415306423203,0.0098779356230893,0.2805368925082446,1.6581690641432687,1.2374974705154675,1.081093927635814,1.2375650642557776,1.4159889752726518,complex oxide (5 elements),False,P2_12_12,18.0,orthorhombic
a27f5962fb,Ca3MgSn(GeO4)3,80,998.1392371983928,4.479581312691475,2692.6472000000003,114.84739236451868,49.894181543003086,0.0085902583430292,0.0154732141254043,0.3102576735744974,1.8381377840761413,1.233943321097959,1.051134339498235,1.2337941390133302,1.4361712663512003,complex oxide (5 elements),False,Ia-3,206.0,cubic
b7e71df270,K2Ge3PbO9,30,521.783478480238,4.120044354337286,1294.6224,46.44031013984412,22.90124794016448,0.060361598351578,0.0446947793761669,0.2882418282284559,1.702110561168675,0.9819996768283118,0.601947525523696,0.9783763895149036,1.5770410906586996,complex oxide (4 elements),True,R3,146.0,trigonal
5dbeb02b88,Ba2Fe2Pb2O7,13,248.41435068190768,6.101258214341207,912.7398,57.136393978101374,21.38871326323809,0.0378324569770279,0.0462233420345726,0.3335922191371198,2.0019431526923386,0.9781325174269674,0.6032030474012485,0.9730421634694204,1.626238662524498,complex oxide (4 elements),True,P-3,147.0,trigonal
5651cbd051,Nb2Cd4O9,30,409.6535837678901,6.319043635347195,1558.90272,138.09202155124882,41.76740082109762,0.0202190609102857,0.0456594603988592,0.3626203290372497,2.240810298294174,1.0615769162750095,0.6597014726086207,1.070840984680161,1.6445051851800525,"ternary oxide (A-B-O, other ratio)",False,P-3c1,165.0,trigonal
aa5038f61a,Rb3Ba2BiO6,24,496.3593009543097,5.593800496471678,1672.0684,45.752954744159,25.16923900280611,0.022088970638304,0.0231928639663493,0.2675657244515052,1.588026474475399,1.3345963970082255,1.0442759728590527,1.32855792929571,1.6875083893248275,complex oxide (4 elements),False,Fddd,70.0,orthorhombic
19d1a2b4c6,Ce(BrO3)4,34,568.5197941336323,3.8071303893060056,1303.4496,13.885386684809252,13.135140038671986,0.0460013275641522,0.1019953785247795,0.1404044068213436,1.0834943846785887,0.7358252263775595,0.2919534542881891,0.7486344407436629,1.702439895425071,"ternary oxide (A-B-O, other ratio)",True,P4_2/n,86.0,tetragonal
55f9b0b960,CaCd15O16,32,438.28878957611744,7.510062047449375,1982.2334,128.948865331406,47.090926402516914,0.0104144481103814,0.0234919762064402,0.337219908493659,2.0294931962745606,1.3760892853846425,1.0817574091238316,1.3676827816777086,1.7147693248121103,"ternary oxide (A-B-O, other ratio)",False,P4/mmm,123.0,tetragonal
53b1406ae6,Eu3Al2Cl2O5,24,419.6321432207931,5.229411616915857,1321.5161544,69.78988428471624,32.16558782501916,0.0181197933199887,0.0066448081251294,0.3002428896012849,1.7742337847378282,1.571577695251458,1.4284271322680422,1.574713383137235,1.7276365365233122,complex oxide (4 elements),False,I2_13,199.0,cubic
1aad76b999,CsMgV3O9,28,493.4947923605108,3.0554884105987576,908.0591038,34.747804579439304,20.283472025392125,0.0355761506352081,0.0432493107241437,0.2556735812391544,1.52760913232033,1.185521462574079,0.7662056165353378,1.176169245886599,1.790408595910477,complex oxide (4 elements),False,P-6c2,188.0,hexagonal
70b9322764,Na3IO5,27,381.9198461152888,3.598353496705063,827.61233352,39.606660641991816,24.126948483855465,0.0160399642797729,0.0280108587053382,0.246826163933533,1.4848807533060504,1.40680804507732,1.0653314311732376,1.3923261458634726,1.8271383368149063,"ternary oxide (A-B-O, other ratio)",False,P3_121,152.0,trigonal
44cc9dd2c7,MgFe3(AsO2)8,28,426.3192925470333,4.078918916169385,1047.2032,56.56807292538485,28.16867875254877,0.0275639742294476,0.0301543246805876,0.28646384291869,1.691812583395544,1.3621927142578534,1.0019027738609814,1.3718160988915986,1.8704308874027005,complex oxide (4 elements),False,C222,21.0,orthorhombic
f41316ea09,Eu2Al3(O3F)2,26,369.1155585441354,4.668440272139741,1037.7316444,70.23899357684107,31.576889192808988,0.0800742597169245,0.0163299851744588,0.3045128677659032,1.801048162031517,1.3938069796136388,0.9524318032785904,1.4012775623260545,1.999439338303687,complex oxide (4 elements),False,I-43m,217.0,cubic
4f512cc5c0,Ba6Co2O9F,18,318.98636048282,5.751340229125668,1104.8213932,66.77882359493155,31.0693082775258,0.0130464617788296,0.0163825977049237,0.298605019264719,1.7641134690767668,1.748368191305084,1.4938456421433983,1.7573265225051915,2.0667284528314065,complex oxide (4 elements),False,I4/m,87.0,tetragonal
8069addfd0,FeCoSnO4,28,345.2096229703467,5.723905154157988,1189.94318,152.17742747068675,51.769349066248736,0.0181325841741213,0.0173325007485325,0.3472284588709078,2.1087465838342885,1.773861545693034,1.469347447305876,1.768583233684858,2.119844055047242,complex oxide (4 elements),False,P4_322,95.0,tetragonal
5e56f6200f,Ba4TmTl(ClO3)2,14,292.5183553564939,6.1849235376319065,1089.52791,63.12934133055818,28.204911025685306,0.007546567418337,0.0215158463214252,0.3055664512491979,1.807761939078089,1.7453103215957286,1.3969646105002913,1.7483297243052198,2.127459710634996,complex oxide (5 elements),False,P4mm,99.0,tetragonal
a48ca61b59,BaSn3O4,16,325.9975280286756,5.679031666569853,1114.9092,60.809894529176496,23.03073650991441,0.0861893487698158,0.0697557911378412,0.3318600499868178,1.9889989976816649,1.020578303331081,0.4988304754356336,1.0396275866584397,2.128338167593236,"ternary oxide (A-B-O, other ratio)",False,P-62c,190.0,hexagonal
fd95e327e7,Ba6YErTi4O17,58,931.293548609399,5.504564315596365,3087.1693,94.15889142217236,48.650832665025234,0.0153122300708938,0.0228211752713016,0.2796128455959866,1.653016681318741,1.7316653669772135,1.3689091097010235,1.7266669320579078,2.171672897317238,complex oxide (5 elements),False,P-6m2,187.0,hexagonal
705be59dff,RbFe3(AsO4)3,38,528.8057231843139,4.206321006960224,1339.5207999999998,79.1479019976789,40.21659005374271,0.0515239100753609,0.0130397114697387,0.2827385263953954,1.670545073212208,1.8497609382953173,1.4453934007577196,1.8411338394885808,2.3227032381883985,complex oxide (4 elements),False,Ima2,46.0,orthorhombic
58ce5d696b,La2PrIn3O9,30,478.26112370956025,6.299431362320702,1814.33438,120.2764621079806,49.88779075138235,0.0133315650747576,0.01146807210787,0.3178023946796127,1.888703573991256,2.065868771031404,1.8137647960684504,2.069426973673151,2.33956458262061,complex oxide (4 elements),False,P6_3cm,185.0,hexagonal
d890b52180,Nd2Mn(SeO)2,7,149.80021046067014,5.9120965681542055,533.340845,68.62681597808262,24.949359498996497,0.0178022389020692,0.0233363319516039,0.3378717217475575,2.034507741712245,1.9022897996641333,1.4977047288390146,1.8798875401634807,2.412627488141003,complex oxide (4 elements),False,P-4m2,115.0,tetragonal
5e30c77072,LaPr5In6O18,30,474.0650556803732,6.376228705732297,1820.34092,120.58510403018768,52.45780187058688,0.0114620062635882,0.0041339467400914,0.3100332892568424,1.8366666894324664,2.323180539382168,2.18390909201011,2.319994412941832,2.474605089450417,complex oxide (4 elements),False,P31m,157.0,trigonal
7e654ab21c,ErBiCO5,32,397.3844926677476,7.826602374326588,1872.9884,99.17309781357052,47.1166647242536,0.0218710370859546,0.0444759064243771,0.294928545869985,1.741721488093271,1.7316259332401238,1.117933531280416,1.717184249259055,2.597506239417048,complex oxide (4 elements),False,Pcca,54.0,orthorhombic
6085e15cce,MgNi(AsO2)4,28,406.4649570509044,4.172581557183854,1021.36,72.37733209840012,37.75541771319305,0.0268217784912935,0.0175355816697415,0.2778112081755254,1.6430413670078856,2.157454189072339,1.765353304882826,2.159784588128118,2.6272672480581285,complex oxide (4 elements),False,P4_22_12,94.0,tetragonal
50017dc551,MnCd2SiO5,18,234.0303385326381,5.503796666704786,775.6850900000001,134.15176110202484,48.13559979778936,0.0051716699213629,0.0174669460827743,0.3397584096701735,2.0491351640661466,2.3501487139054715,1.9828789552188848,2.3615993276627414,2.7678131461568745,complex oxide (4 elements),False,P4/nmm,129.0,tetragonal
ce6c8afbd3,CeHf(BrO3)8,34,580.8159991870377,3.836241623022784,1341.8236,18.720340931341216,17.311463386651983,0.1007844714968763,0.1113996100790951,0.146572527624528,1.1022740322897884,1.0969089122326203,0.3682931140584861,1.0998135442397063,2.780550782457692,complex oxide (4 elements),False,P4,75.0,tetragonal
dfa2affd90,BaBiIO6,18,326.2005015604846,5.795163196658082,1138.4165400000002,39.7982746206288,24.969812449689407,0.0239477013093024,0.0571560164837564,0.2405547533559586,1.4556677654437973,1.7090586312809353,1.0034676767150288,1.69171313862905,2.80421765857232,complex oxide (4 elements),False,P6_322,182.0,hexagonal
d78de7f867,SrTi4PbO10,16,230.2561991011048,4.660793128390549,646.2819999999999,69.54147689697506,30.837660473201986,0.0800466389719704,0.0295643784677072,0.3068316764255648,1.815876320907456,1.8422642801994595,1.212519552184892,1.846309298527146,2.8132430954718366,complex oxide (4 elements),False,Pmm2,25.0,orthorhombic
0f8ef442e4,BaMn2Co(PO4)3,38,498.23354509621726,3.939767775193152,1182.100742,86.2257454126382,44.65381350221256,0.0307572127728867,0.0217122194732113,0.2791827763405585,1.650627043183644,2.2353761260348786,1.7581740660323728,2.24653992753559,2.8143478120951784,complex oxide (5 elements),False,I2_12_12_1,24.0,orthorhombic
09fbde580c,Ba8CaFe4(ReO8)3,40,577.4512056148268,6.627420880708475,2304.6806,111.43895865630222,54.95161481936134,0.0049933536666145,0.0253816891947289,0.2882504641921399,1.7021608162759083,2.2324763913907093,1.724331498450897,2.230856856275401,2.840532829984807,complex oxide (5 elements),False,Pm-3m,221.0,cubic
8629fa15b4,Ba4PrOsO8,14,254.4557808648285,6.580929010252853,1008.44085,85.31463910532942,36.62296362992665,0.0231053018964642,0.0206858511138077,0.3122328635856585,1.8511677669831887,2.290232657547543,1.843034323671203,2.2970759517431816,2.8674122778121167,complex oxide (4 elements),False,Cmmm,65.0,orthorhombic
6d5bcb1e1d,Rb2V(AsO4)2,26,467.52626088273865,3.54973476582106,999.431,30.43470329947644,20.0452469236466,0.0312510544579967,0.092839790543272,0.2299681718546872,1.408257855782455,1.2839775521734629,0.5531383013035949,1.3064920334467507,2.9219333250959827,complex oxide (4 elements),False,P4bm,100.0,tetragonal
79066dee05,Na2PtO4,21,265.84600010691094,5.716459214557074,915.18341568,71.84343663039257,39.77240721904444,0.0129309328837283,0.0259548038635817,0.2663220685473151,1.5815400963269606,2.4494175365451025,1.9086642018124893,2.454626900708249,3.146097591120897,AB2O4-type (spinel-like),False,P-62m,189.0,hexagonal
0523be3e8d,TmCr4(AuO4)3,20,220.01362099923372,8.753601997909719,1159.811117,175.3923018966424,65.99834876669587,0.016420593548569,0.0136827136940941,0.3328239445924104,1.9961854137649169,2.7786296865928835,2.3956971385300547,2.774887437698367,3.24872445840891,complex oxide (4 elements),False,Im-3,204.0,cubic
f906eca18f,LiNiOsO4,28,305.57607106250765,6.95268246386007,1279.448,136.09850544016336,64.04637500101694,0.0144689428936694,0.0182645349326007,0.2966101159633665,1.751908071211187,3.018380109809828,2.5323069292960785,3.0236423078128976,3.645701919391013,complex oxide (4 elements),False,Pmma,51.0,orthorhombic
36ee8ca553,MnCdFe(BO3)2,22,247.1147973895852,4.580319641518158,681.6248899999999,128.89542978424262,48.580533871293085,0.012721119245641,0.0585802928009176,0.3325836086766602,1.994389683652444,2.296464712935583,1.266332952590174,2.3088974048556574,4.13080981376331,complex oxide (5 elements),False,Pnn2,34.0,orthorhombic
79fc155e91,Sr4TaCoO8,28,387.8232183159672,6.151558770622618,1436.7125499999995,117.97227821587704,64.51033855335471,0.0044342383253878,0.0102899615127381,0.2687399049880729,1.5941877088588936,4.0979611480566405,3.714396841292755,4.101615104596784,4.527714718173601,complex oxide (4 elements),False,I4_1/amd,141.0,tetragonal
e0bf6b4d40,Nd2Ti2AlCrO10,32,385.5203996211754,5.368487598883445,1246.3792772,161.6735542318688,80.15896882390072,0.0083939413165476,0.0074389743458179,0.2872562163774632,1.6963900380132646,4.801355641485721,4.439097389224965,4.7854682531006505,5.190621068016147,complex oxide (5 elements),False,Pba2,32.0,orthorhombic
2c4427faf6,Ba4Y2MnWO12,20,300.4885035775183,6.398655737621448,1157.890545,117.33317278646771,61.3632727657717,0.0126940547716339,0.0289392533292108,0.2773265733519192,1.640373795666752,4.58165630494538,3.4502696307842595,4.557211551815152,5.941800417466174,complex oxide (5 elements),False,P4/m,83.0,tetragonal
5985f23f2c,Ba4Lu3ReO12,20,312.21322678984785,7.724789821497842,1452.4088000000002,121.09287703075202,62.18379894812135,0.007567364472669,0.0374596628006695,0.280766310169079,1.6594520950864753,4.228784225049612,2.915254349698853,4.235414730809453,5.962338655590625,complex oxide (4 elements),False,Im-3m,229.0,cubic
59d7b74cd5,NiSbWO6,18,208.3438083003045,7.337191368064819,920.5796,175.81660416976297,90.11559820714774,0.0159151568951853,0.0100645321287354,0.2811188985569849,1.6614269417746037,7.335670093904179,6.527031636949686,7.319946757754531,8.229025250552697,complex oxide (4 elements),False,P4_2nm,102.0,tetragonal
4a7fb0260d,Sr2IOF,10,258.5783399631063,4.330122287218467,674.2845464,48.65739444374837,29.37979030588264,0.1233230968328942,0.0630175664393061,0.248678702926826,1.493677822388224,4.0507285545559775,1.8474407862780524,3.955479273240502,8.255613564143243,complex oxide (4 elements),False,Cmme,67.0,orthorhombic
a4f396c0d1,CeMn2O6,9,106.61410063869192,5.3888500826796975,345.98849,123.23504936628098,58.231670547333856,0.0393311855939678,0.0422960560528313,0.2958869113030896,1.7475157321256338,6.53804252344722,4.270580815709057,6.6208639613792215,10.018441587988027,"ternary oxide (A-B-O, other ratio)",False,P-31m,162.0,trigonal
