material_id,formula,Number of Atoms,Volume (A3),Density (g cm-3),Atomic mass (amu),K_VRH_pred,G_VRH_pred,K_VRH_spread_log10,G_VRH_spread_log10,Poisson ratio,Gruneisen parameter,Kappa_cal (W m-1 K-1),Kappa_cal_p05,Kappa_cal_p50,Kappa_cal_p95,is_low_kappa_candidate,space_group,space_group_number,crystal_system
7f8d1f0d38,CrSi3Cl16,20,740.9895310637913,1.5765273088697558,703.5006000000001,3.657127940314808,0.5662226859736705,0.1651716191868483,0.087807163314035,0.4263855957948267,2.96816056008762,0.0029883688768935,0.0012289740054427,0.0031165395509807,0.0093725039463927,True,P1,1.0,triclinic
68654f5a84,SbP2Cl13,32,1077.4982652983622,1.9867831740696824,1289.193048,1.9814337063701384,0.7717411113653602,0.0896194967702664,0.0264734948316087,0.3276348439568949,1.957979686605137,0.0081268276512431,0.005125228733052,0.0081527605984785,0.0125476604611938,True,Cmc2_1,36.0,orthorhombic
9836be9ac8,BI5,24,1500.1371346469814,2.8573420800071,2581.3334,3.5332798527476768,0.8991465465454856,0.0432354404632547,0.0532823256562868,0.3827096747897989,2.434716725322585,0.0079356269438602,0.0046436141537092,0.0079909968789478,0.0139786869014448,True,Pbcm,57.0,orthorhombic
2d394d35d3,BPI6,32,1424.757068425067,3.744537906365719,3212.846328,2.705986845508568,0.961387329883902,0.1364677753362844,0.0481061513011211,0.3411690998027462,2.060182988039729,0.0081709250499412,0.0039611521308884,0.0081281582297231,0.0160988369779309,True,Pnma,62.0,orthorhombic
c636d53106,POsCl10,24,800.9302370640861,2.3872950747913704,1151.467524,2.752718726397454,0.8570691500856995,0.087712743992315,0.0611203594442601,0.358960839838024,2.208214341996864,0.0081941017240013,0.0039005268681237,0.0080898148640093,0.0162806297889361,True,P4/n,85.0,tetragonal
a0d472593b,TaSb(As2Cl13)2,32,1060.99897354422,2.385438329172322,1524.17228,2.3496597575384004,1.0493116660145947,0.0794461016218972,0.0180926001631024,0.3056420162044459,1.8082449696064096,0.0135493500552302,0.0093725299865711,0.0134685268801503,0.0191301651750025,True,Cm,8.0,monoclinic
973f1cceea,YAg3Br28,32,1387.752317690817,3.1706909423491485,2649.82245,6.850798000509866,1.5792797579310018,0.0816056685662037,0.0390530770670128,0.3929624725791982,2.544649484132577,0.0114970135513341,0.0070268543793193,0.0115735757814455,0.0192858907300346,True,Pm,6.0,monoclinic
79702373b2,Au3IBr12,32,1298.0036554548146,4.2898899909842205,3353.304354,6.911465188915198,1.58859476831391,0.1307306655896252,0.0573645576573327,0.3932539002748033,2.5478947429213123,0.0097207397149272,0.0046485305084103,0.0097149513304342,0.021026579684492,True,P2_1,4.0,monoclinic
0933b39611,P(WCl6)2,30,1127.8134502528603,2.4267014119953543,1648.179524,3.475942687473708,1.0529917680655312,0.1276234919805938,0.0613702773280752,0.3624237924277795,2.2390397734640515,0.0096275197066504,0.0044670171703911,0.0096525222917749,0.0212497868232969,True,P2_1/m,11.0,monoclinic
5a5edea9fb,AgBr5,24,930.6399898030896,3.621326994071097,2029.5528,8.571231039436816,1.749588101228933,0.0636175116918986,0.0463371933956437,0.4044403277647602,2.677916210945791,0.0128335000022858,0.007501710364389,0.0126802387168365,0.0218197020179161,True,P2_1/c,14.0,monoclinic
aa41e5b5fc,TaSbCl10,36,1257.1561117883434,2.6043762594328435,1971.71364,3.6459685438353553,1.3014520222723396,0.0751415080390179,0.0432571273996579,0.3404999601587871,2.0549307047781147,0.0132246949221725,0.0076481174036975,0.0131793647374448,0.0220247999895697,True,C2,5.0,monoclinic
91f33bea6a,CrPCl9,22,664.2945909197306,2.0099953575216096,804.0937240000001,4.192320572847195,1.0643306336892189,0.0675887691773404,0.0717450942674689,0.3829659309902006,2.437367544522942,0.0101056242970197,0.004954424840979,0.009934085374555,0.0220382670851927,True,Cmme,67.0,orthorhombic
12d269d409,AgTeBr10,24,1048.512665278208,3.276720139116869,2069.0164,5.913962418493875,1.6142351673140756,0.0597857602290926,0.0099568572760713,0.3749050714765325,2.3562132476355213,0.0170932035702388,0.0130546920556764,0.0171824687229745,0.0225819392900111,True,P-1,2.0,triclinic
f5da5e100f,TaOs2Cl15,36,1148.0143127873378,3.1625147391906,2186.40576,4.407451780473253,1.3121932677874526,0.0994408748194372,0.0780463040136804,0.3645785325294296,2.2585768494791467,0.0096471016796334,0.0040113605050321,0.0095282548823348,0.0229309255532763,True,C2/m,12.0,monoclinic
c5d465fdc1,P2Br9Cl,24,913.777549642852,2.967660564285213,1633.073048,2.100866153944389,0.9281668538316812,0.0423466822728315,0.0747840402141727,0.3074546441534581,1.8198926569967209,0.0126745872635189,0.0058826647189985,0.0125269432365437,0.0259383929270008,True,Pma2,28.0,orthorhombic
8fd0724d08,SbP2NCl12,32,990.8459167556448,2.0886502639005884,1246.300448,2.848740602076074,1.2253679912836388,0.0675558832644485,0.035373045649309,0.3118983681249614,1.848950954070012,0.0171624756881846,0.0113312074099894,0.0169384086463438,0.026265691228104,True,C2/c,15.0,monoclinic
d800a655be,FeSeBr18,20,742.6634166199422,3.5172808549101275,1573.077,3.921491710041204,1.3602643678345456,0.0422407445021365,0.0365328563357242,0.3445381295324569,2.0869590466806054,0.0177961025912349,0.0117669133760304,0.0175968999093873,0.0264300448182699,True,R-3,148.0,trigonal
dca9f9ab5b,RbPS6,32,933.881750157275,2.1965387987514435,1235.326248,5.782113732532075,1.557251265540932,0.0662022639047942,0.0672749609635079,0.3764321171826751,2.371240983593848,0.0140645747293757,0.0066376100894294,0.0139756366493719,0.0291030336122268,True,Pca2_1,29.0,orthorhombic
d11f17d6c1,Rb(S8I)3,28,1105.7903488527554,1.855683186608018,1235.74121,1.4903209344506003,0.8951696920288205,0.0501528357173727,0.0449469343477691,0.2497723846365839,1.498908042766585,0.0189802780873767,0.0120306274428133,0.0193401102631875,0.030092488473791,True,R3m,160.0,trigonal
bf4afd71df,DyAgBr14,32,1382.6040138940707,3.3364997187865293,2778.0484,7.290619919963614,2.08146365650849,0.0516498472876399,0.0277907898556373,0.3696550190348466,2.3057261052817206,0.0214396465234686,0.0150533659081031,0.0211884721745382,0.0302776704270419,True,Pmc2_1,26.0,orthorhombic
7e5456dbad,P2I13Br,32,1652.4438582064274,3.6007732168759854,3583.219268,1.7408868253372094,1.1244472407976445,0.1211281006878213,0.0258820076423495,0.2342615035932674,1.427204863628971,0.0205792253417214,0.0120252186129477,0.0205495178821884,0.0324344177066561,True,Pc,7.0,monoclinic
6071813527,TePBr4,24,1284.5352439503788,2.472653937362049,1912.759048,4.986966361796172,1.3072608462436437,0.068333654369509,0.0770059735055175,0.3794644706219868,2.4015562722357884,0.014673194117321,0.0065484274234159,0.0144199517045134,0.0328333703429635,True,P2_12_12,18.0,orthorhombic
b07ceed845,K2S17,38,1033.3065721871562,2.003309930236038,1246.6032,3.404140649144716,1.2163856431154223,0.1375304662044481,0.0939835720685296,0.3403526833208857,2.053777575784381,0.0121046611127287,0.0042010787372671,0.0121957469647839,0.0347620419312895,True,P-4b2,117.0,tetragonal
6dd77e1ebe,P2AuBr9,24,953.8105644026456,3.4054778829263177,1956.100186,4.113398174451198,1.2357623490712448,0.0683401487972084,0.103155884463158,0.3634612984538906,2.2484122007646548,0.0121015522726702,0.0042089996026638,0.011901537702428,0.0348104678285402,True,P2,3.0,monoclinic
9a602188e5,Ce(SeCl6)2,30,992.3760074160988,2.421165994122967,1446.944,5.948972991357039,2.074382353087219,0.0279967128159449,0.0162800628607139,0.343806713299955,2.0810984751856623,0.0298323317473716,0.0246207770979802,0.0298213423988006,0.0363167037682502,True,Fdd2,43.0,orthorhombic
ec7a003ca3,Y2WCl12,15,533.0250719709429,2.4520232635278973,787.0877,4.726483817140552,1.3415085279816126,0.0948295654322536,0.0594249371898837,0.3703519115671488,2.3123247964937046,0.0199612941887595,0.0098566233157844,0.0201842783498244,0.0398644873894418,True,P-31m,162.0,trigonal
a8efde69d2,NbSCl9,22,678.5332142890318,2.173393042382578,888.09676,4.460018456667799,1.3835487595731304,0.0726328068371644,0.0743384150328942,0.3594297760123413,2.2123478940259265,0.0181078269311805,0.0082481209928432,0.0181664064684057,0.0407178679336059,True,R-3m,166.0,trigonal
aa5318a88b,ReTeSeBr4,28,1039.303999314964,4.552815362258382,2849.532,6.914878326639518,2.3014390193042717,0.1080547616165234,0.0201438353349094,0.3502062204142526,2.133293807178206,0.0262774075631965,0.0157122788212891,0.025642197473802,0.0417629130435667,True,I-4,82.0,tetragonal
d9720bb713,CuCl9,20,784.7364446321938,1.6192963752694591,765.246,3.2397972736949945,1.2232410758015693,0.1248641847853464,0.0306753878010946,0.3323199150522159,1.9924224007245177,0.0249991996162083,0.013829074184767,0.0247094839035518,0.0440749860747724,True,Cc,9.0,monoclinic
bbabdf6758,TaAlI8,20,994.8503069773516,4.083254641552919,2446.3303572,1.8133535879448184,1.0303858647631423,0.0600653591608918,0.0894443547546321,0.2611325947248094,1.5549033755487038,0.0202199612741085,0.0085953113824059,0.0201861499124722,0.046541127483705,True,Cmcm,63.0,orthorhombic
034fa20312,VCl8,9,405.0293428063881,1.371651446320822,334.56550000000004,2.4330540166402046,0.8995849814205764,0.1050235441519295,0.0208176701177429,0.3354166231775873,2.0157229401565546,0.0298444186310886,0.0186165117796812,0.0298193254088201,0.0467465413708492,True,I-4m2,119.0,tetragonal
76e07b4a1e,Ta2AlGaI16,20,977.3431723175478,4.229017112108233,2489.0718186,1.7867403553806644,1.0075867957839133,0.0581094673738254,0.0932294941392328,0.2626529841277651,1.5626364139365343,0.018955615248809,0.0074203132224309,0.0192452622215115,0.0476477088360967,True,Amm2,38.0,orthorhombic
8f1a15f00c,PSe6IF6,28,669.9147552353717,3.696427035074653,1491.2573024,10.859361521509571,2.957311273023612,0.0427730939330893,0.0469272387700266,0.3751676517179056,2.358786104233713,0.0293864752309792,0.0175429557473323,0.0294999328277119,0.0481844315948005,True,P2/c,13.0,monoclinic
ccfd6e5f98,YBr6,28,1178.988895113661,3.2018415911117186,2273.3194,8.379298475444116,2.3983452469385225,0.0657053585365612,0.0488861864196195,0.3693533400911964,2.3028791811382168,0.0294188234566762,0.016674751362194,0.029370681129691,0.0518380605650035,True,R-3c,167.0,trigonal
474af20d56,Na2AlGaI8,24,1063.8015687877714,3.614905607768016,2315.83967432,2.9589576915823925,1.6287001866705375,0.0744868939465662,0.0445999707789119,0.2674519781820911,1.587431543405074,0.0352548434329331,0.0198449860516334,0.0354336693685223,0.0589025296374782,True,Pmn2_1,31.0,orthorhombic
90f0556408,Cs3Rb3V2(IrBr9)2,28,980.503498561448,4.3688851509043225,2579.7087557,13.027109313584369,4.119455088204716,0.0072357511380234,0.010551132404295,0.3569659575807892,2.1907698590456146,0.0595390041002643,0.0532919923906212,0.0594841324755952,0.0666583090292302,True,P3m1,156.0,trigonal
a0a157b12d,Lu5ScI18,24,1149.4108460554596,4.628880709689588,3204.071372,16.69479110208942,3.0936803301455083,0.064134755780905,0.0905023625864065,0.4127361725770148,2.7817379272263354,0.0258414547751306,0.0108771271535134,0.0259914889404035,0.0667165594809238,True,P3,143.0,trigonal
ef7f9e3016,Er3AgBr24,28,1148.7895443909845,3.653192025973744,2527.3412,8.525414071125432,2.793505865819902,0.0878927844631031,0.0467805714163425,0.3522983430437083,2.150818389491437,0.0398678130612785,0.0227879047557125,0.0398646048084057,0.0722858416118622,True,R3,146.0,trigonal
23893d0da1,TaCl7,16,827.5457910157968,1.7221250429575106,858.23776,3.5260396044810416,1.3650237896259212,0.0994589639133462,0.0578391880839936,0.3285597223035147,1.964703394078388,0.0373612503066412,0.0179362360478665,0.0368256517160504,0.0724074854862034,True,P4/nmm,129.0,tetragonal
8636a4b743,Cs4NbSbI12,36,1772.7706775054596,4.250971324675157,4538.2836552,6.96139615162556,3.184091045810772,0.0188455804015613,0.0215251290088946,0.3015588705216864,1.782430948153257,0.0580396813603613,0.0465110088232188,0.0582185271558123,0.0724418017942071,True,I4_1/a,88.0,tetragonal
3a6b2b52a1,LiAg3S2,12,267.20908170158765,4.905329183993436,789.3512,28.4244921712562,4.400854243227191,0.0672375675242825,0.0443487138221563,0.4263860537445293,2.9681671700387,0.0435479524845184,0.0267590318232121,0.0438270446780959,0.0729932786977462,True,Ibam,72.0,orthorhombic
6ba0526214,Rb3VIrBr9,28,940.440609407622,4.303717759349999,2437.3958,13.92486011589835,4.2198391528815815,0.0065656279256539,0.0245338492375705,0.3623798539463463,2.238644260930481,0.0585109985743649,0.0459875867901131,0.0588941585919968,0.0751124680872692,True,P-3m1,164.0,trigonal
20620d6773,CaHf2MnBr12,16,592.6694135360509,3.9528978607112144,1410.8440449999998,7.642032683603206,2.837330889569284,0.0063993674434542,0.0263818933660752,0.3348047403083243,2.011084481663333,0.0631741361364921,0.0487343053645925,0.0631715520463446,0.0818911484177143,True,P312,149.0,trigonal
5218f4abd7,Cs4TaBiBr12,36,1471.0928476706308,4.245108654462517,3760.7961752,9.091572905345446,3.7965917826453626,0.0239548358769336,0.033857637027167,0.3167155622802048,1.8812850506482688,0.0644979803362184,0.0458786963091196,0.0641244710825138,0.0896527137919474,True,I4_1/amd,141.0,tetragonal
bd0cdccd5e,Mo(SF6)2,30,498.8768940909678,2.583296943685921,776.1016768,9.8075488283078,3.747323017494867,0.0747848787389351,0.0309746756744054,0.3305399549483305,1.979223769730152,0.0616279410996402,0.040759187954712,0.0612450933728507,0.0947530799495744,True,Pnnm,58.0,orthorhombic
70cc7da303,TlRe2Ag(OF2)4,16,305.7389206950371,4.891641043588583,900.6503256,13.751759708467016,3.614834031219609,0.0230740516485468,0.0773230693983524,0.3791567333939439,2.398450581680808,0.0447292360165175,0.0211875048246685,0.0439616931584254,0.0973832067542121,True,Cmm2,35.0,orthorhombic
86ff065e61,Rb3Co2Br9,28,895.3683757883246,4.0556335952333775,2186.81158,14.831996007686774,3.97091492603849,0.0276390719236544,0.0790822038800705,0.3771043325109245,2.3779065335380327,0.0471851092235976,0.0217907268211694,0.0467638782139584,0.1046399208938447,True,P6_3/mmc,194.0,hexagonal
c23af56c1a,Cs6BiTe4Br,24,1235.8724094119104,4.290752225392685,3193.4342228,12.724115693350276,3.85353227447996,0.0920890879314785,0.0274449987553513,0.3624585969288762,2.2393531475072894,0.0653022784802934,0.0399086359747213,0.0651307462494807,0.1049130658362942,True,P6_3mc,186.0,hexagonal
59bce876eb,CsRb2BiTe3,28,1396.2075783775497,4.2607257971511885,3582.4858076,13.980413333113445,4.198967571296505,0.0881918069320386,0.0309753455619387,0.3634932158182784,2.248701546924268,0.0659313121645828,0.0408931797287972,0.0657591800997314,0.1078515234591544,True,P2_13,198.0,cubic
d345e5a53e,Rb4NbRhBr12,18,644.2674343341772,3.8571689235871935,1496.53108,14.66451663865754,4.343838492616632,0.0232482497776566,0.0301715912474235,0.3652025284475829,2.264286784677928,0.0863083245879386,0.0630607001895221,0.085953194495871,0.1158899884273752,True,P4/mmm,123.0,tetragonal
664c074e91,K4Au6Se5,30,927.6305741795538,6.2044137435681,3465.985228,12.64261636123166,4.791093257213053,0.0273282886984584,0.0531664927522298,0.3317692458659587,1.9883241302393804,0.0700643055957874,0.0406020486534057,0.0709191215873914,0.1188867553395774,True,P-62c,190.0,hexagonal
37103e6df2,Hf6InFeBr14,22,677.070025185426,5.788621762123776,2360.259,8.841829254690307,4.011161362891725,0.0654958617751084,0.0277048153534107,0.3029665265719988,1.7912648125910104,0.0827732234953771,0.0565654448313986,0.0813856057889067,0.1190678065876473,True,I4/mmm,139.0,tetragonal
660939cd61,IrOF8,20,346.77335352302646,3.44970100498633,720.4072512,3.993025350798576,2.625186771273574,0.0365516924705176,0.0554064085643924,0.2303677560137883,1.4100055328727092,0.0725167611346402,0.0424396094403615,0.0719171688759967,0.1205031274091,True,Pmmn,59.0,orthorhombic
14f4e4045b,Hf6CoI15,22,783.0074943381262,6.433075132077298,3033.440245,4.834791055999038,3.0632567905839307,0.0324895206273319,0.0519441627607734,0.238445926017955,1.4460368315437422,0.077076200043136,0.0461054812900816,0.0763036631596971,0.1230766884722359,True,Im-3m,229.0,cubic
b7d6f18a56,Rb4ZrPtI12,18,814.7099982741498,4.384227610949249,2151.03284,7.933748615172212,3.4825711582292795,0.0594453096565007,0.0072877051732767,0.3085364398747172,1.8269003032727709,0.0965936067736826,0.0748787964981483,0.0961566263836251,0.1234691961437834,True,P4/m,83.0,tetragonal
c78856ff7e,OsBr3F2,24,697.3767613602831,4.456877331991036,1871.7552256,8.634457384148002,2.951429634985637,0.0602265898226632,0.1143505325307866,0.3465716560767676,2.103393698007332,0.0405712384568201,0.012872795355892,0.0407332424470719,0.124426523486669,True,I4,79.0,tetragonal
2da71988d0,Li8Hf3TeBr24,36,1059.433900152315,4.13208335463874,2636.294,11.8600127557341,5.051887606446343,0.0453705818188338,0.0267401781288088,0.3135005602925647,1.8596073300720417,0.0918771339138411,0.0666285861465257,0.0912997035645166,0.1260756458604697,True,P-3,147.0,trigonal
557692e22e,K7Rb(Au6Se5)2,30,934.4658642764182,6.241428898278764,3512.3547280000003,12.183197061918053,4.795242016726916,0.018659133171559,0.0595082202500125,0.3260275234425486,1.9463816032588337,0.0730666050906176,0.0403152197702532,0.0731695174191108,0.1280094329593584,True,P321,150.0,trigonal
43b272c7c2,Cs5Rb(Ir2Br9)2,28,1009.1106542595664,4.866104899046819,2957.1350595,12.948060221536275,5.445372557899732,0.0226452825997075,0.0069668235815487,0.3155759486709276,1.87355558156182,0.1182280275191434,0.1057940171424626,0.1185877669139744,0.1324170176670993,True,P-6m2,187.0,hexagonal
4d21a389c2,HfZr(MnI6)2,16,736.5182968363198,4.289210673593014,1902.44373,4.923530096601186,2.422970875082308,0.05403620893733,0.0691008796668668,0.2886152683688324,1.7042858116261257,0.0695155040320787,0.0345043503644431,0.0700536103115858,0.1369179449194679,True,P2/m,10.0,monoclinic
51bf6e6de2,Ag2W(OF2)2,36,593.8585297988252,5.6770277871078845,2030.2752512,39.793821433587546,8.211525074215778,0.0650758629630171,0.0793641875389665,0.403464228938748,2.6661307567173003,0.060518295052182,0.0265490901389744,0.0595477218075415,0.137272238791298,True,Pbcn,60.0,orthorhombic
7b239eaf6a,Cs4HgPdSe32,38,1277.378547198058,4.374817605508036,3365.3518076,8.668042803024218,4.082596350510417,0.0315208521340702,0.0705428248673372,0.2964585851500811,1.7509863369797871,0.0727555601210257,0.0349445545395807,0.0730351948457525,0.144094960671755,True,P-4,81.0,tetragonal
3fb26ff676,KRb3Au6Se5,30,994.0565119022324,6.25456803218729,3744.202228,11.494533840709446,4.885524321913196,0.0230513615074627,0.0615904392295046,0.3138570180120238,1.8619913358692293,0.0832385510090006,0.0456641572424437,0.0826401037916349,0.152836319376316,True,Ama2,40.0,orthorhombic
80ee2caff4,MnCdBr6,16,546.7801612447961,3.928423107019136,1293.5460899999998,7.455257190319759,3.194746576699134,0.0461629446882423,0.0557413681067437,0.312518672846712,1.853065237910092,0.0860739904518582,0.048228210791312,0.0855326891309215,0.1544266901691489,True,P-31c,163.0,trigonal
22d95557e5,Cs3Rb(PdSe16)2,38,1234.3861476340112,4.336692475853632,3223.7441557,9.090652513009502,4.360082402957718,0.0280795467390443,0.0698884616000147,0.2932436979584216,1.7316070599942546,0.0812622434182811,0.040206348915576,0.0816471766593509,0.1561090091389866,True,C222,21.0,orthorhombic
5dfbddde4e,Pb2W3Cl14,38,1047.1927145455406,4.637433294311752,2924.524,10.479381581076025,4.3853264347370775,0.0624350502762571,0.0996552041244726,0.3163776586744695,1.8789879622825512,0.0649466450058699,0.0231219263819015,0.0638544234037626,0.1650375262602641,True,P6_3,173.0,hexagonal
c5e7e87eb2,Hf2Zr4CoBr15,22,642.8875818956757,5.112588845506112,1979.369195,6.12678159402205,3.9199541826933033,0.0909048028427874,0.018046252557945,0.2363294867332563,1.4364660368464608,0.1182941249109202,0.0785474146105607,0.1177988750444128,0.1673607291325119,True,Fmm2,42.0,orthorhombic
d825730a55,Ta4S9I8,21,776.4748666126537,4.33617307183435,2027.61228,7.867476948224702,3.7590806756619006,0.1198054957071007,0.0277054780668945,0.2939214356157906,1.7356646414601389,0.100467689732136,0.0572281118865326,0.0997662121614654,0.1688869886725604,True,I4mm,107.0,tetragonal
9a62a7db3f,SrHg2(SI)2,28,909.9205295680384,5.88896056197373,3226.9557600000003,23.89562473032836,7.279557355848676,0.068307854327354,0.0325555067500231,0.3617217997587123,2.2327344178082846,0.1127471230104462,0.0734084173722703,0.1124067754832082,0.1722117291691683,True,P4/mbm,127.0,tetragonal
f0ef966f88,MnRuCl6,24,646.1366404995398,2.842822856992692,1106.178135,8.314291672683318,4.074377343140856,0.0178531145268788,0.0406949374460635,0.2893816430777846,1.7087633519251364,0.1183089610608538,0.080419370694668,0.1179421374416116,0.1734134443972372,True,P3_112,151.0,trigonal
8a08b59dac,CsHf2Zr4BI14,44,1589.6486055259395,5.5201730687755,5284.5100638,6.536584656205304,4.566637122841787,0.0397774962455913,0.0521224274720347,0.2166675680274302,1.3518555611628358,0.1050973648623108,0.061706340145491,0.1066405379118251,0.1754585655540393,True,Cmce,64.0,orthorhombic
0425f781f0,Rb3Re2Br10N,32,1116.3613588134283,4.289420537930523,2883.7282,9.785518380597214,4.462428797282016,0.1202562929459922,0.0536576698546008,0.3020743849672744,1.7856581863145964,0.0921464609867787,0.045868125799337,0.091572327589289,0.1772442076318,True,P4/mnc,128.0,tetragonal
cd379c88b3,Sr2Hf6BBr17,26,796.907077632929,5.449701628515299,2615.359,12.110746971122325,5.342512816886462,0.1000438170574692,0.0221624278540138,0.3077068606763676,1.8215226870159784,0.1137278756809353,0.0714694139693187,0.1143649012208763,0.1774830335704927,True,I4/m,87.0,tetragonal
b4d98216ae,Hf3Zr3CoCl15,22,553.9346094729941,4.196414360939992,1399.870195,6.824016770574034,4.067668714311228,0.0896404819133455,0.0298849119216589,0.2513621462008602,1.5065597465653997,0.1226584077625777,0.0755874896386878,0.1219065607826354,0.1858283096484608,True,Imm2,44.0,orthorhombic
805ef1755e,CsK3Se24,28,954.6935356452512,3.731307779460356,2145.2403519,9.021304389969396,3.8923340012718266,0.0818157233740452,0.0800771520586914,0.3113950644720485,1.845623258897097,0.0823238925246905,0.0348665063937118,0.0835276061006107,0.191243134409842,True,I222,23.0,orthorhombic
655d2e49bc,Rb8HfBi4,26,1318.603572391143,4.277026273983593,3396.308,13.784772657086224,4.947565908988945,0.0715282059689356,0.0518925319408219,0.3397182092487307,2.048821731457473,0.1082572584549107,0.0583600276234865,0.1069431066656482,0.1943064448334084,True,Fd-3m,227.0,cubic
ef6a1949fb,Rb3Li2HfBi3,36,1318.4828320508138,5.4191663265189804,4302.8664,22.471332201065334,8.115810870678269,0.0542515295257169,0.0234110485178765,0.3388223575145708,2.041856942670697,0.1469273898568815,0.1050325355938498,0.1447148092932433,0.1981826914647248,True,Ibca,73.0,orthorhombic
2ae9b52a37,CeAg2F6,18,335.81369885157,4.646578505887346,939.6856384,57.960225808403045,8.907622181115876,0.0792813556053544,0.0718892953144469,0.4269021414365656,2.975632321059951,0.0920134365691616,0.044081449380036,0.0928971144731858,0.2008640470486793,True,P4_2/mnm,136.0,tetragonal
45218a7f0f,Cs2Zr(PdSe2)3,24,726.6570050682662,5.256155478700773,2300.1098076,19.98840912415496,6.351847403079464,0.0785844225095192,0.0551459816380791,0.3563300456652117,2.1852561925955443,0.1103249952107904,0.0573367728988452,0.1095519358064451,0.2031965798463728,True,Fmmm,69.0,orthorhombic
617d4ed7ea,Rb8Dy6ZnBr20,35,1336.797138057719,4.126800453588787,3322.2314,13.82167594247932,6.826297989006168,0.0151839959323096,0.0102633528896892,0.2879650887525949,1.700501349699733,0.1875743924092654,0.167919479129015,0.1870730081238145,0.209219460859799,True,Fm-3m,225.0,cubic
ac752ecac2,ReTeBr,36,1225.6631687526196,6.400836843573443,4724.531999999999,16.55750351367429,6.127267915725899,0.0932353347314558,0.0771986587585309,0.3352878429309025,2.014745281363601,0.0888905723665986,0.0375373813037885,0.0873389231613214,0.2093591207658236,True,C222_1,20.0,orthorhombic
7e5bd92339,Cs4NbV(AgTe4)2,16,684.2063700058469,4.640355523795464,1912.0060876,11.054108142590245,5.152083416503116,0.0122512248377204,0.0096689276651447,0.2982971534842693,1.76222123034571,0.1910503462089298,0.1713213355702962,0.1907157578301522,0.2126235694062055,True,F222,22.0,orthorhombic
794eed8a51,Cs2W(SeS)2,28,1066.8050576296998,4.182153376239193,2686.8036152,10.127453018251453,3.981181383976708,0.0246670367003726,0.1108322557523801,0.3262177878146021,1.947748796069445,0.0755122293812625,0.0250890802062288,0.0748645254698266,0.2147237499980208,True,P2_12_12_1,19.0,orthorhombic
8dcc2afc63,Na(YI3)2,18,797.078522831618,4.009185097330825,1924.45657856,14.862559626847885,4.562678007628252,0.1638774191831548,0.0396688096503651,0.3607534625432312,2.224084224220295,0.1017856750543721,0.045891597514706,0.1017667155924797,0.2199509178831061,True,P31c,159.0,trigonal
164bdb440d,ErAgBr4,12,410.9113707425922,4.806848337098762,1189.4864,15.838420867221847,5.363163039784989,0.0703987486535455,0.0214289130236536,0.347863387343905,2.1139421624005723,0.1587951899907721,0.1101894770616881,0.1581738491134257,0.2249029517683544,True,Imma,74.0,orthorhombic
c77f6227f9,CsNb(Te2Au)2,32,1191.8213920558485,6.298426554754869,4520.5798796,18.158197726790103,7.064701145347409,0.0350378890479626,0.0576413838284964,0.3278002399258496,1.959179392152386,0.1305870488067258,0.0725203664084801,0.1301500478533772,0.2354338999125678,True,Pna2_1,33.0,orthorhombic
9b17530653,Cs3Ag2Cl7,24,803.6539128252459,3.564769424397316,1725.2475114,12.974724486391032,6.143448377690344,0.0241323128888819,0.0160399423771161,0.2955256525429107,1.745328060281316,0.2029734645576084,0.1688525590586321,0.2027090388793486,0.2441286273647624,True,Ccce,68.0,orthorhombic
3de986a96e,NaHgSI,16,519.2266047868591,4.893724256451216,1530.19695712,18.066833065082243,6.482909253001791,0.0624798959412445,0.0165367560637715,0.3397525101478811,2.0490891621435408,0.1807573106531368,0.1319766950973242,0.1806677812922707,0.2465568404266517,True,Cmmm,65.0,orthorhombic
24872db72d,CsRb2Nb2Br10N,32,1172.763622290161,3.689038530864024,2605.4010238,11.292272335182767,4.988065913805468,0.0283375276756489,0.0794816252695752,0.3074843326754935,1.8200844097021,0.1154108148249279,0.0513358880775289,0.1140074485589859,0.2506376336676018,True,P-4n2,118.0,tetragonal
3b878f1e21,K5(EuI4)3,20,900.0559518509091,4.011312528562594,2174.23714,12.889777670854905,5.95688544402279,0.0177741430260902,0.0115485357888067,0.2997740235434357,1.771327454918292,0.221944928992695,0.194773502172294,0.2218682154259178,0.2515910553809079,True,P-62m,189.0,hexagonal
832150dfc6,Rb6NaLi3(ZrBi3)2,36,1360.8902566607462,4.863538805124004,3985.89993856,20.44964408847798,8.272094614314849,0.0937918004846271,0.0045056465208183,0.3217759421603486,1.9162242534245584,0.1824678592858886,0.1223786544906046,0.180841303920798,0.2622179173662193,True,Iba2,45.0,orthorhombic
debc0a58fb,Cs3CeI6,20,1029.4026224755314,4.194920653649075,2600.5183514,10.775670875569066,4.854314845989518,0.0554803928560248,0.0456639585924325,0.3041631979296257,1.7988285773834378,0.1625274842873279,0.1000604911714986,0.1602168155106826,0.2647988219618444,True,P4_2/m,84.0,tetragonal
7059880322,K5SbAu2,16,625.0917506330555,3.778484919753721,1422.369276,14.058896875254156,4.935923668134588,0.076279655787352,0.0568756664064974,0.3428470673264893,2.073449337320389,0.1419439002186249,0.0766590557009335,0.1413189437286955,0.267373965892453,True,I4/mcm,140.0,tetragonal
3ef08e95ea,AgHgTeBr,16,559.1285353596923,6.1293626563684045,2063.8488,36.47067566107009,8.186275845845206,0.0745093030760093,0.0599939832122991,0.3955817093158432,2.574067043325014,0.1400249803871805,0.0725522032078065,0.1402224740921289,0.2695278465740088,True,Pmma,51.0,orthorhombic
d3d0f57173,Cs2LiVTe4,16,680.2359519124411,4.072247814142719,1668.1868076,9.95085395251885,4.526896457537831,0.013881290444531,0.0521706622086269,0.3024883165967327,1.7882561063097426,0.1634234134533205,0.097848469336992,0.1639554897565354,0.2754940211382604,True,Fddd,70.0,orthorhombic
bc8ab2046a,Rb5AuCO5,24,603.8447591844034,3.939642269535901,1432.626538,23.606729751114152,8.310083245978946,0.0201051536626132,0.0329791652791439,0.3424733736500741,2.070482953485044,0.2007112734213357,0.1438205578097689,0.2011806558582168,0.2794898044501575,True,Aem2,39.0,orthorhombic
9fdae5c922,KRbSeBr6,9,316.6671391907952,3.5812535714024145,682.9501,9.912488126866538,4.5667844107727324,0.0335870343984379,0.0147740375533298,0.3003111317837122,1.7746574133227495,0.2465508585441918,0.2040381291212166,0.2474760843169752,0.2973735196717385,True,F-43m,216.0,cubic
f0f4748e06,Re6Te7Cl4,34,1046.0162253518408,6.833358348790847,4304.508,22.92156541192544,9.401853375351338,0.0978333109359716,0.0302879679413364,0.3195803686719292,1.9009398761859744,0.183647398364129,0.1079970595619403,0.1805085082047917,0.3014640761866783,True,R3c,161.0,trigonal
18f921d3f6,RbIn3Te5,36,1507.948927148146,4.7039414651930125,4271.6872,24.743190798267168,8.817661214039102,0.0721762357541054,0.047785480681938,0.3407353111440588,2.0567755885196823,0.1840514862558271,0.1084193252593714,0.1842663716380431,0.3173056282118068,True,R32,155.0,trigonal
713c31c377,Cs3TaNbBr10N,32,1235.8250726575095,3.992354013143701,2971.2346314,9.737182756311146,4.844912586045158,0.0261434281408148,0.1058205383752675,0.2866082177471665,1.6926451989226556,0.1224345566764455,0.0451690277808723,0.1229480122882934,0.3234103809425722,True,P4nc,104.0,tetragonal
c04ca4f771,Rb6AgPb8Au,16,685.537568780025,5.995638339199801,2475.241569,24.16748408002497,6.617858753782109,0.0175517374228317,0.0837244297373795,0.3745355268959459,2.352600150697305,0.1370489601612411,0.0602667989764264,0.1376327338868431,0.3263116792871542,True,Pmm2,25.0,orthorhombic
d85b58a91f,Nb2Ni2PdSe8,26,573.4385218818105,6.030702632794481,2082.59912,31.53981108012001,12.220953046405924,0.0214339826031184,0.0099960371572951,0.3284222829332885,1.963701907287868,0.2915339014838681,0.2547754394349712,0.2929070614786822,0.3327849587896761,True,Pbam,55.0,orthorhombic
0ec67d681c,Ag2HgF8,22,363.8958735767079,5.186686891679982,1136.6272512,43.21791661803523,11.724355423437874,0.061231098928431,0.0459837061164565,0.3756063882690169,2.363095362654825,0.2024994991677816,0.121638562949932,0.2018262443700726,0.3413344711843212,True,P4/mcc,124.0,tetragonal
af2e8210f8,LiS3Br,20,498.4606363210201,2.4390698003231623,732.16,10.08010916036602,4.149655759078591,0.0459301353369029,0.1061882115150014,0.3190030045915803,1.8969526419857905,0.1201525729002558,0.0395648510926779,0.1187572019076501,0.3464764929776436,True,Pmna,53.0,orthorhombic
42c141d849,Hg4SF6,22,388.2390859273842,8.112943360073245,1896.8308384,52.04189457120879,13.983431194971336,0.1083367123977349,0.0236835899360058,0.376695926589664,2.373853179503694,0.2132228463283309,0.129123759171007,0.2108573613338327,0.350075997646589,True,P4_2/nmc,137.0,tetragonal
8466df130e,K2NaSbS4,32,943.2576383298224,2.4730969514357177,1404.82547712,16.633497785944854,7.29988468175826,0.0199258984878674,0.0468463570542692,0.3085707228183323,1.8271230731568355,0.2304810066586438,0.1448821820995815,0.2296425697840439,0.363982611275545,True,Pnn2,34.0,orthorhombic
db9935db66,Rb2Ti(Te2Au)2,18,617.4335166597507,6.041171145806289,2246.271476,15.536669610492313,7.634188325037571,0.0143779865785444,0.0326516302505158,0.288893870905395,1.705911443819123,0.2741304277276208,0.2013309640202557,0.2740474937316193,0.3801748029177513,True,P4_2/mcm,132.0,tetragonal
2012c8c5d5,Rb2Hg6S7,30,853.0623324186998,6.22483640149411,3197.8612,22.735816382087982,10.707376486740214,0.0444492832348215,0.0226815729527104,0.2964759523793058,1.751091940373355,0.2867961282556259,0.2185449732936659,0.290284604353227,0.382629564483036,True,P4_2nm,102.0,tetragonal
8dee164585,K11Li(SbO4)4,32,639.8929159264516,3.062268018544147,1180.0527,41.07306009066751,11.282698599215184,0.1402131911785346,0.0284938091769491,0.3741724053161581,2.34905874558241,0.2093277796871396,0.111575230612881,0.210550881843807,0.3920254524218702,True,I-42m,121.0,tetragonal
c270147b72,CsRb4Eu3Br12,20,823.651355695301,3.809398479294898,1889.5166519,14.05241135894758,6.359832779994589,0.0460806530960347,0.0529077273872259,0.3033733325606536,1.7938305085723305,0.2386071444832394,0.1434022223561211,0.2414134739634763,0.3966393993500272,True,P-6,174.0,hexagonal
16fce7ca88,KRb7Sn8(AuSe3)8,48,1585.0744237735328,5.298626134430594,5057.825452,9.26190528260556,8.064245102161385,0.040148636583659,0.0412215824264231,0.1625835194040991,1.15316642275935,0.2796062031753474,0.1891452128638685,0.2785851424821697,0.4056827367719096,True,P4,75.0,tetragonal
4579b8802a,Rb4Ti2CuTe8Au3,18,610.2918750742105,5.748841859397084,2112.850907,15.409716385067766,8.464564442017894,0.0229021787738976,0.0099123050620821,0.2678554658670696,1.5895434522965768,0.3662047260938977,0.3228286900847503,0.3655709306305228,0.4154301983054808,True,P222,16.0,orthorhombic
de3109d6a6,Rb3(CoO2)2,36,698.1042830821624,4.169922124044299,1753.0695599999997,36.89900492582135,11.389163092227667,0.0193790055038692,0.0777052583639377,0.3600681507404074,2.21799532628449,0.1894257783529552,0.0915004029667559,0.1916188149552636,0.4161131358249633,True,Pnna,52.0,orthorhombic
7a5843f9e4,K3Rh2Cl9,28,788.6582663362609,2.7042632794459958,1284.3658,13.75561423166154,6.416515040291705,0.0697077021648296,0.0726280698206714,0.2981523739609235,1.7613324634297045,0.208583864257004,0.094120179436836,0.2064338521536411,0.4375419975404463,True,P6_3/m,176.0,hexagonal
a8c78e6e21,K2CdSn(H6Ir)2,36,443.5074622621671,5.285531453910196,1411.69376,39.76738930428821,16.099624962246487,0.0937322192590936,0.0120638187155359,0.3216461028278691,1.9153149715525015,0.3273397785875886,0.2165197177687547,0.3280302972406144,0.4803943506286564,True,P-42m,111.0,tetragonal
6b1be64895,KCd2H8Ir,24,295.46673424311984,5.2176675618612345,928.40164,38.94557452573618,13.926238734496982,0.05339818890935,0.0467420435170316,0.3402501921610602,2.05297571789386,0.3033240114907843,0.1778174706899439,0.3046034197356868,0.5096868077823625,True,P4_2/mmc,131.0,tetragonal
d767dde0ce,CsRb2NaSn3Se8,30,1078.894951612387,4.046756251670271,2629.28164236,10.101762041268604,7.494086229821263,0.06359457566328,0.0334608583645187,0.202610687829232,1.295760363697979,0.3512510160996211,0.2417481191372074,0.3531404891531646,0.5120184482305262,True,P4/nbm,125.0,tetragonal
4b2c6676a6,Ag2Se6IBr,20,615.3846200217221,4.837135040020093,1792.60974,15.741506024075438,6.515051237357934,0.1093045817966714,0.1059394981771738,0.3181493268072395,1.891081412676496,0.1810992459370318,0.0584274883023175,0.1764461566082822,0.5252600631924071,True,P222_1,17.0,orthorhombic
c7aa5cb20d,Cs5Ce2S4Cl9,20,703.0521887014153,3.2879923620846427,1392.0962595,15.197377653306562,7.887788401971801,0.0862572838581185,0.0097435658158797,0.2787640239241511,1.648305377456499,0.3880222870043831,0.2703688479362939,0.3903202675038025,0.5352906377098005,True,Immm,71.0,orthorhombic
7ecc5ded18,K7RbZrSb4,26,1122.834493217162,2.7726657443039926,1874.8398,14.21623083710621,6.915968532688222,0.0388194727179534,0.0594605233298339,0.2906986029860743,1.7165003196689084,0.291794910587227,0.1595275525533279,0.2981579997691993,0.5359737026036795,True,I4_1md,109.0,tetragonal
83379cc316,LiTi2Ag3F12,36,550.9270373320251,3.9439887520248,1308.5208768,42.99753849455595,11.253754740457852,0.0272264715974678,0.1334182585302096,0.379635871618566,2.4032889421975896,0.1472845207005617,0.0432946584636068,0.1485107389835493,0.5517091415165482,True,P-42_1c,114.0,tetragonal
065ddd3691,Na2Ag6Se3S,24,540.052247608384,5.916689244346875,1924.26747712,29.775620468284483,11.626866040157283,0.065827423387878,0.0643802929693087,0.3272446248234308,1.955153851552792,0.2924782405725425,0.1468581270781509,0.2915890601104953,0.5741963072986301,True,Ima2,46.0,orthorhombic
80916912a7,K5RbNa2(Sn3Se8)2,30,985.1928687545314,3.880954715749764,2302.55883856,9.442890807178625,8.229952452745543,0.0726944355023942,0.0086616440263319,0.1623251360911324,1.1523194756187674,0.4603024821384422,0.3599254394189272,0.4594859934590311,0.5771480178513474,True,P422,89.0,tetragonal
f6cad1a3c8,PrNd2Bi4Au3,20,553.7454404177995,11.132603215688498,3712.425914,66.25494410352051,19.517891087794645,0.0288756410251747,0.0354417853352761,0.3658765284952807,2.270480902065053,0.4115296647117665,0.2833972378421393,0.4083130336811768,0.5879107133533258,True,I-42d,122.0,tetragonal
44efcb9791,LiHg2ClO2,18,328.0108187734489,7.22269360628419,1426.7184,46.83544223525877,12.692462944465266,0.0267529058154951,0.0992148434151025,0.3757255559253181,2.364268068578938,0.2279413305536492,0.0871673669811601,0.2279118488934465,0.5942802364920831,True,P6_222,180.0,hexagonal
4cdcec8c1a,Cs2RbIn2Sb3,32,1399.2163000159285,4.491637990344168,3784.7788152,18.011309881808735,10.147355175535724,0.1016291375884146,0.0103441154081489,0.2628431277783906,1.5636076233383904,0.413689832356723,0.270767828669904,0.4163604972794781,0.6012112255951209,True,Aea2,41.0,orthorhombic
aed6226420,Cs3RbFe2F12,18,372.915979850448,3.668503037538209,823.8549941000001,35.343264740867404,11.07504597675436,0.0680653617076462,0.0632130376664398,0.3581393481528971,2.201003390389048,0.3195694553039549,0.1567579499632159,0.3165683369830936,0.6290325948685225,True,P-4m2,115.0,tetragonal
6186b5a1b1,K2ZnAs2O7,24,411.9697606117907,3.268475810374189,810.8892000000001,31.749592159184846,13.400624093776342,0.0332707231855513,0.0227839570046091,0.3149926641567822,1.8696188156811813,0.4838572484417021,0.3696257039352918,0.4852758419410616,0.6298968210681041,True,P-42_1m,113.0,tetragonal
6d008b8b0a,Ba3BiI3,28,1473.2643365270603,4.516012816217292,4006.69924,21.006037874033854,9.263607082426054,0.0784295013718788,0.0728228470274269,0.3077603785825661,1.82186885825211,0.3249773959092544,0.1473358566672021,0.3205788760082647,0.6907707377516371,True,I4_132,214.0,cubic
82c8961315,CsRb5(CdH5)2,18,405.1280815894188,3.259143990684332,795.1458519,26.76959673236197,10.140601575049653,0.0459853192274432,0.0591259295373817,0.3318296887955363,1.988773308825111,0.3762431826245044,0.2092443602661101,0.3775730169577229,0.6936090668574086,True,I422,97.0,tetragonal
30342393d7,FeNi(Se2O5)2,32,452.4126497301056,4.333815316600461,1180.7448,28.103704424484384,14.859715725946522,0.1070526918693292,0.028119382900207,0.2752406245484273,1.6289675281278435,0.4805552087775651,0.2882209270319478,0.4787731665358228,0.7471470734734837,True,Pnc2,30.0,orthorhombic
72b3d0e853,MgAgH6Ir,36,321.3645103036207,6.829689347478065,1321.7513600000002,65.38268453290111,20.509208275115167,0.0822402102142068,0.0938784369774596,0.3580070100277107,2.1998453325829246,0.2811523525656138,0.1012803738707795,0.2700151670177809,0.7638680864178686,True,P-43m,215.0,cubic
aecb54d146,NaMn2F9,24,359.2023908555764,2.809320204715372,607.7029761599999,12.372362765361975,9.745223047570498,0.0398605014299935,0.0390694449934862,0.1880684253032579,1.2411959788221778,0.5710864626686842,0.3931785015955037,0.5661395502280002,0.8176490813015982,True,P-6c2,188.0,hexagonal
ca300c0b2c,Eu4(PO4)3,38,568.2072426794857,5.218094723239227,1785.540172,65.69261130700053,26.14090919865538,0.0400297303979246,0.0111875133636974,0.3243365980384376,1.9342978011619965,0.6883996501632966,0.5577627484411095,0.6858639042241514,0.8392385643546523,True,I-43d,220.0,cubic
69d1754a30,K10SrPb12,23,978.2073015687884,5.033190115294574,2965.003,39.3155178819809,11.935721202034095,0.0535490743497101,0.0996904645435437,0.362155310845866,2.236624816789213,0.3180978208606419,0.1179915585440023,0.3274068201646601,0.8442705800594276,True,I-43m,217.0,cubic
35f5f6491a,CaHg3F8,12,176.93898964523598,7.449993972706137,793.8352256,80.54511357489302,19.506068976604087,0.0132047127148004,0.0641197765793571,0.3879568602376187,2.489967751800214,0.4612170000987475,0.2402408862315979,0.4560193448402684,0.8798774786636603,True,Pm-3m,221.0,cubic
78ef2c7f03,Rb2TiCuAgTe4,18,603.9677026593096,4.9522826334616346,1801.2336,15.400055718125143,10.669410524033427,0.0293136592180937,0.0240121768551834,0.2185821235291803,1.359768086393555,0.6961797356024862,0.5459823072017034,0.6976361880653409,0.8839270935236496,True,Pccm,49.0,orthorhombic
d155e3282b,Al2BiTe4,28,985.611422121217,5.211656556582023,3093.3739088,10.65033578124726,8.58490217559838,0.156523997297565,0.0859978572314705,0.182322330592986,1.2205390282638982,0.4244394886240876,0.1517355508749411,0.4085318747675622,0.9479487044625524,True,P4/nnc,126.0,tetragonal
9a4e9cdbb7,PtOF3,20,319.0417469584289,5.581150542540825,1072.3144384,12.4971761291527,7.358649924676907,0.0221969654990646,0.1644110597157793,0.2538922853283541,1.5188591419638708,0.2340256489123876,0.0479329350156799,0.2288794164215714,0.9815106319220436,True,P4_1,76.0,tetragonal
6f0bdb5194,KMgZnH8Ir,24,257.43198587782376,4.245560108217557,658.18564,34.71932334577062,16.506436072959488,0.0710894233861711,0.0628818501884489,0.2948056522417044,1.7409806379460933,0.5628539059027897,0.2750871020141388,0.5736885122892368,1.050856580988483,True,P4_2mc,105.0,tetragonal
6dfd8f1d7b,KDy(AuO2)4,14,241.99159748282952,7.667975397890639,1117.459776,77.63834689277157,23.10737100150884,0.087932216054283,0.0269873406764508,0.3646171002185164,2.258929082841054,0.7003954445302536,0.4423983740771734,0.6853786221051617,1.0908749570366332,True,Pmmm,47.0,orthorhombic
72c59a7a6e,RbNb2ReSe6,20,554.9281308638328,5.573236857930589,1862.49512,27.103109611469563,16.481642300936475,0.0262261728573157,0.0127458173956148,0.2471907358687724,1.4866058387384278,0.9742520298877312,0.8332972382666053,0.9736946267577408,1.1317862743599991,True,P6_3/mcm,193.0,hexagonal
1484abca9e,Ho4RuI4,18,759.4788637609803,5.546547945062671,2536.81832,17.227594915351055,12.083567231219616,0.0460042630036937,0.0256739766342043,0.2157536806670462,1.3481023150972964,0.865550999740315,0.6466343009212963,0.8642556861873609,1.1490580150783591,True,Cccm,66.0,orthorhombic
c4627d1f77,TlVCu4P4O17,54,713.9735848835193,4.21147660666264,1810.787296,56.82322260526245,28.87504908384523,0.0694056571368357,0.0151490827871178,0.2827252495104991,1.6704700146855385,0.8748015955208859,0.6422537281071798,0.8715946594959117,1.1663867101145478,True,P42_12,90.0,tetragonal
38deace5d9,Nd3Bi2Sb2Au3,20,535.2928627721659,10.454782362214274,3370.213014,69.47887602530346,23.16289421696956,0.0095850970928877,0.0675632979755355,0.3499809456363352,2.131420610383373,0.6224909795681483,0.3168527983797202,0.6122638500793991,1.1960765195502256,True,I2_13,199.0,cubic
2c9ab16a28,Nd4RuBr4,36,1160.2589185851298,5.711288808827245,3990.616,19.4168849148192,13.99603418962709,0.0383504205929307,0.076348438174483,0.2094115786594059,1.3224692413266288,0.627766711570098,0.3079685575613977,0.6320023319825735,1.2648276846123618,True,P4/ncc,130.0,tetragonal
999765470a,LiNbCdO4,28,366.1567392062467,5.011338573827412,1105.02392,83.45066331168701,29.94462206809731,0.0840854223940338,0.0193875349151575,0.339752136919729,2.049086251927717,0.9019074583261086,0.5955426867696347,0.9019186464570031,1.3262094134031794,True,P4_122,91.0,tetragonal
60ec0fcc15,Ba5Ga6F2,26,786.7875855604123,4.82454490374619,2285.9396128,37.51691630118051,17.42511494265414,0.0802929939290173,0.0607355076872181,0.2989036453344083,1.7659519445824106,0.7486306379554856,0.3785013272097423,0.7541286636097431,1.4061213337544232,True,P-3c1,165.0,trigonal
a27f5962fb,Ca3MgSn(GeO4)3,80,998.1392371983928,4.479581312691475,2692.6472000000003,114.84739236451868,49.894181543003086,0.0085902583430292,0.0154732141254043,0.3102576735744974,1.8381377840761413,1.233943321097959,1.051134339498235,1.2337941390133302,1.4361712663512003,False,Ia-3,206.0,cubic
2479529e6d,Pr(NbSe2)3,20,487.93462884073193,6.080747627921533,1786.77358,67.11639154448949,25.918580548267517,0.0316282514638726,0.0316819453683725,0.3289336259280936,1.9674320626461492,1.1006044464987643,0.7975663602043772,1.092487697340803,1.5086904927658542,False,P6_322,182.0,hexagonal
19d1a2b4c6,Ce(BrO3)4,34,568.5197941336323,3.8071303893060056,1303.4496,13.885386684809252,13.135140038671986,0.0460013275641522,0.1019953785247795,0.1404044068213436,1.0834943846785887,0.7358252263775595,0.2919534542881891,0.7486344407436629,1.702439895425071,True,P4_2/n,86.0,tetragonal
70b9322764,Na3IO5,27,381.9198461152888,3.598353496705063,827.61233352,39.606660641991816,24.126948483855465,0.0160399642797729,0.0280108587053382,0.246826163933533,1.4848807533060504,1.40680804507732,1.0653314311732376,1.3923261458634726,1.8271383368149063,False,P3_121,152.0,trigonal
d68d5bd265,La7PrH24,32,353.4068890533407,5.344428207738043,1137.4365,76.06301415088369,40.67954370568695,0.0191896658796277,0.0128333052844379,0.2730515251692666,1.6171272277868856,1.8262043966505777,1.5866582325056962,1.8295094018647635,2.109907206834056,False,Pm-3,200.0,cubic
8069addfd0,FeCoSnO4,28,345.2096229703467,5.723905154157988,1189.94318,152.17742747068675,51.769349066248736,0.0181325841741213,0.0173325007485325,0.3472284588709078,2.1087465838342885,1.773861545693034,1.469347447305876,1.768583233684858,2.119844055047242,False,P4_322,95.0,tetragonal
5e56f6200f,Ba4TmTl(ClO3)2,14,292.5183553564939,6.1849235376319065,1089.52791,63.12934133055818,28.204911025685306,0.007546567418337,0.0215158463214252,0.3055664512491979,1.807761939078089,1.7453103215957286,1.3969646105002913,1.7483297243052198,2.1274597106349957,False,P4mm,99.0,tetragonal
9c33f7eb27,Li4Cu3PbF12,20,216.3740165996589,5.015851048080683,653.5828383999999,80.37943143627703,31.633113421716157,0.0275595920652806,0.0528414080252896,0.326046026864199,1.946514497232461,1.2718451127301913,0.7501824059600695,1.2705649421808034,2.160105050787388,False,Im-3,204.0,cubic
58ce5d696b,La2PrIn3O9,30,478.26112370956025,6.299431362320702,1814.33438,120.2764621079806,49.88779075138235,0.0133315650747576,0.01146807210787,0.3178023946796127,1.888703573991256,2.065868771031404,1.8137647960684504,2.069426973673151,2.33956458262061,False,P6_3cm,185.0,hexagonal
ecaf40f78b,Ag3P10Au4Br,18,392.7711051161108,6.346332288662475,1501.112496,47.75452436214205,19.012459855267185,0.0439524335948103,0.1263396812445309,0.3242581528157784,1.933740107572888,0.723110616971321,0.2082369853298623,0.7430109891866835,2.42632615831097,True,P31m,157.0,trigonal
48f7c046ab,MgTiSb2PdPt,12,247.6016716560398,8.278442260316202,1234.392,109.9760585861194,40.201164124479455,0.008754493094902,0.0117216027792778,0.3370792593588843,2.0284137526381043,2.2814273094032758,2.0420624204514546,2.2829116318491263,2.580791401764264,False,I2_12_12_1,24.0,orthorhombic
7e654ab21c,ErBiCO5,32,397.3844926677476,7.826602374326588,1872.9884,99.17309781357052,47.1166647242536,0.0218710370859546,0.0444759064243771,0.294928545869985,1.741721488093271,1.7316259332401238,1.117933531280416,1.717184249259055,2.597506239417048,False,Pcca,54.0,orthorhombic
6085e15cce,MgNi(AsO2)4,28,406.4649570509044,4.172581557183854,1021.36,72.37733209840012,37.75541771319305,0.0268217784912935,0.0175355816697415,0.2778112081755254,1.6430413670078856,2.157454189072339,1.765353304882826,2.159784588128118,2.6272672480581285,False,P4_22_12,94.0,tetragonal
7b46ae2960,Sr3(LaSi2)2,36,1060.8184430125452,4.088743013558212,2612.05176,47.12029042352235,29.67747114005026,0.0107139665790779,0.0333611075746684,0.2397296648069479,1.4518882872727596,1.9602040730050063,1.4090037257874384,1.966945021353958,2.672020480254453,False,P4_12_12,92.0,tetragonal
a13e32d018,CrBrF,24,582.0018869673708,3.4442893140543736,1207.1880256,22.69734565863558,14.094858690554926,0.1469406682465747,0.1209342291524636,0.2427535391817944,1.465811576248182,0.8468128962199475,0.2302044279857588,0.8341311780724157,2.8092653205342963,True,Pbca,61.0,orthorhombic
6ff530bc8f,La3HoH12,32,332.3593597839645,5.932926366839498,1187.48402,78.00660344661826,43.781102219162456,0.0179328389665606,0.0390826704337606,0.2636017364961243,1.5674915403350484,1.9902325461055563,1.3606844841811114,1.9923184592493168,2.855342978265514,False,Pm-3n,223.0,cubic
6d5bcb1e1d,Rb2V(AsO4)2,26,467.52626088273865,3.54973476582106,999.431,30.43470329947644,20.0452469236466,0.0312510544579967,0.092839790543272,0.2299681718546872,1.408257855782455,1.2839775521734629,0.5531383013035949,1.3064920334467507,2.9219333250959827,False,P4bm,100.0,tetragonal
35c66dd89f,SrCu2SiS4,24,492.1580455545144,3.7558390915151687,1113.1725,66.31017462128708,35.748055114502705,0.009977287216575,0.0251139415745281,0.2715084056449067,1.6088597039034056,2.693718076817027,2.108492566260704,2.6856654609564914,3.405171937719954,False,P3_221,154.0,trigonal
e0bf6b4d40,Nd2Ti2AlCrO10,32,385.5203996211754,5.368487598883445,1246.3792772,161.6735542318688,80.15896882390072,0.0083939413165476,0.0074389743458179,0.2872562163774632,1.6963900380132646,4.801355641485721,4.439097389224965,4.7854682531006505,5.190621068016147,False,Pba2,32.0,orthorhombic
