material_id,formula,Number of Atoms,Volume (A3),Density (g cm-3),Atomic mass (amu),K_VRH_pred,G_VRH_pred,K_VRH_spread_log10,G_VRH_spread_log10,Poisson ratio,Gruneisen parameter,Kappa_cal (W m-1 K-1),Kappa_cal_p05,Kappa_cal_p50,Kappa_cal_p95,space_group,crystal_system,p95_p05_ratio,ALIGNN_K_VRH_pred,ALIGNN_G_VRH_pred,ALIGNN_Kappa_cal,cross_model_ratio,both_models_clear_threshold
034fa20312,VCl8,9,405.0293428063881,1.371651446320822,334.56550000000004,2.4330540166402046,0.8995849814205764,0.1050235441519295,0.0208176701177429,0.3354166231775873,2.0157229401565546,0.0298444186310886,0.0186165117796812,0.0298193254088201,0.0467465413708492,I-4m2,tetragonal,2.511025799251513,0.001,0.001,2.86992982998795e-06,10399.006386582598,True
f58888cfa6,LuSbI6,8,374.73304892784034,4.688953280379853,1058.15382,7.603769622316254,2.204244933026358,0.0343899138137247,0.0433697791033128,0.3678275353814943,2.288568316838369,0.0518887180388975,0.0333560706387605,0.0517902222821954,0.0818140679108247,R3,trigonal,2.4527489702505583,3.470477819442749,3.9587388038635254,0.4674406598552791,9.008522035654652,True
5fbe5bcacf,PdSe2I5Br,9,391.17629016743314,4.154852439608664,978.76635,4.272736509074029,1.859816666951612,0.0665249215915344,0.0285991460574868,0.3099386822504261,1.8360469874462548,0.0601032511540474,0.0405077391032083,0.0596853410026133,0.0874315509977588,P1,triclinic,2.1583912835765755,4.928729057312012,2.1040279865264893,0.0708355674283733,1.1785646544613448,True
d5a979b06c,PtCl8,9,352.65469184624345,2.254084108290088,478.708,2.31028469626458,1.2686358213115505,0.1127371430843848,0.045736947964874,0.2679180348009124,1.589871329298729,0.0565096348725345,0.0306096334455372,0.0563737153387041,0.0986983863045486,P-1,triclinic,3.2244223531836687,0.001,0.5002016425132751,0.0641030079343908,1.134373068928586,True
32e397f80a,HfRuI6,8,357.03519554847594,4.841537490961708,1040.98682,7.750571108560947,2.69948779295144,0.0167591699151115,0.0188961978035706,0.3439674652854658,2.082384244418772,0.0834238970814932,0.0685677454592265,0.0833972234017648,0.1021410959601975,P-31m,trigonal,1.4896376609164617,4.1545820236206055,3.6962380409240723,0.33732618353534527,4.043519846667268,True
9c397a9901,GdTiI6,8,373.348519533582,4.298888815571731,966.54382,5.810323190549864,2.309572234087759,0.0516614922508446,0.0164307083302727,0.3245054069324092,1.935498787853859,0.0821521605469157,0.0633753860242303,0.0820409374467392,0.1069001895085395,P-31m,trigonal,1.6867777257825043,4.092667102813721,8.483321189880371,2.1778116120567366,26.50948675674848,False
881dd5b86d,HfFeI6,8,329.7143427785173,5.014951401612545,995.76182,5.298855170392568,2.092571281028968,0.0562228346877729,0.0599037836014439,0.3255137554513856,1.9426974120337104,0.0624921783948409,0.0334651333155011,0.0632399387846648,0.1217696347020934,P-31m,trigonal,3.638701616816495,0.3336111903190613,1.903999924659729,0.2851339753809062,4.562714610128644,True
c91fd89141,TaInCl6,8,283.5906829599088,2.977380426758927,508.48388,6.095546972126658,2.1925138379487032,0.0827040144237183,0.0560283758589835,0.3394088625055237,2.046412408618977,0.0747092999356852,0.0395022452907287,0.0743035667923813,0.1425523401406359,R3,trigonal,3.608714874090799,5.057708740234375,3.286423683166504,0.25279523935228904,3.3837184871215795,True
fa6029de53,HfGeBr6,8,291.69065832771787,4.158904045507121,730.554,8.049258180254178,2.59970830505712,0.0735058566778468,0.0649841355889953,0.3542082453117587,2.1670215183183883,0.073170425660814,0.0362608074690366,0.0738740096422127,0.1454241084590374,P312,trigonal,4.010503863798848,4.538594722747803,3.118237018585205,0.2102557442631046,2.8735071904290677,True
6176895e50,SmSbI6,8,398.585660128172,4.305836977718011,1033.54682,5.644160971001876,2.460932666383797,0.0644901679202204,0.0267562938415794,0.3096570980772065,1.8342044769999355,0.1019165601596123,0.0703918075101945,0.102139008361965,0.1469498750577683,,,2.0875991149465265,,,,1.0,False
3d3f3d098a,InAgI4,6,301.15032876203384,4.026887375540406,730.30408,12.973828225121604,3.1661874317072263,0.0349420390938914,0.0378974783889099,0.3871574285344517,2.4814160666100977,0.0987942497792561,0.0657492047918893,0.0993548372926856,0.1484306098560649,I-4,tetragonal,2.2575270731544275,10.849031448364258,5.752649307250977,0.5608033282974975,5.676477422021476,True
c681f7a9f5,AgAu3S2,6,156.46835682918203,8.096344883034705,762.897907,50.74970100174491,5.722888808464713,0.0398461161781037,0.0932532600124739,0.4456591442942569,3.270610721245592,0.0623111373795651,0.0272143473454242,0.062402302518616,0.153312480052263,R-3m,trigonal,5.63351669273233,57.51460266113281,10.55022144317627,0.2505164035879308,4.020411344153823,True
9811b7fd74,GdGaI6,8,350.8512457961647,4.677984007436113,988.39982,5.429645681844373,2.552107100937213,0.1033611203148521,0.0199148819544782,0.2968180201879636,1.7531739436318827,0.1071416099479494,0.0701499887629916,0.1072634704435698,0.1645348561603706,R3,trigonal,2.3454723095718126,3.211256980895996,4.810216903686523,0.7335523563942749,6.846568357061676,True
844b1549b9,TmSbI6,8,381.6516588691143,4.577703345307631,1052.12103,6.120793612827262,2.694243289599966,0.0155202119368399,0.0412330234286592,0.3080715640922581,1.823883754548535,0.1127364618240221,0.0754372698088972,0.1127086116259778,0.166785665410179,R3,trigonal,2.2109186325630783,3.2788312435150146,3.367283582687378,0.3455403860549919,3.065027768871876,True
262ae9057a,Cs2TaSBr5,9,341.1036552373698,4.275897213496444,878.3437838,10.740781952747003,3.613925755023659,0.0071357702031228,0.0375258400109517,0.3487317907667335,2.121081851981588,0.1158846866283855,0.0791742523484429,0.1157628390995891,0.1692172815507334,Cm,monoclinic,2.137276659159528,11.066896438598633,4.918501853942871,0.24888197770484793,2.147669247300577,True
9a57fc02a9,CoF8,9,161.59791365250567,2.1673646083852645,210.9204206,6.036348086636237,2.479447628563645,0.0271219852921668,0.0699580358128776,0.3193567813032553,1.8993942253079448,0.0896552178846222,0.0445300889082873,0.0881931883349661,0.1737210648114791,C2/m,monoclinic,3.9012063319538672,5.551172733306885,2.883700132369995,0.14393686994476007,1.6054488889870662,True
7fb1d14f79,RuPtI6,8,292.744807919877,5.998925421184931,1057.58082,7.186872575488965,3.2261582623001424,0.0565091257074861,0.0327546798054327,0.3047653557024407,1.8026535358853912,0.120605945639343,0.0808884576387586,0.1210558251650127,0.1773907140293269,C2,monoclinic,2.193028760933231,3.7188007831573486,2.4048142433166504,0.11215077823409927,1.075391072076154,True
e8275d9285,ZrFeI6,8,342.75066177148864,4.401429293421141,908.49582,5.340325789412123,2.7599251613022626,0.012248907267852,0.0334460780033955,0.2795692866494476,1.6527744085900675,0.1359806961998808,0.0967362555219826,0.1371575402303522,0.1869022211975461,P-31m,trigonal,1.9320803786443224,0.162647545337677,1.944197416305542,0.3542924463985213,2.6054613360541974,True
09f6f8cefc,MgBr7,8,383.5775929379354,2.526595443148834,583.6329999999999,5.326135572030601,1.771463880996149,0.0193722982129514,0.1245278241897839,0.3502977355829194,2.134055532819493,0.0597585504750904,0.0182029991119086,0.0595157360699785,0.2005767991647118,C2,monoclinic,11.018887488353071,2.700357675552368,2.007504940032959,0.1640408538055589,2.745060790487836,True
332f7fe495,TeClF5,7,150.12568792945518,2.85423391904414,258.045016,9.242494881734372,3.8326574727326026,0.0145163395250957,0.0070028697494726,0.3178402940133866,1.8889631021724225,0.190301923330261,0.1741128206965251,0.190631516991529,0.2085421437126803,P1,triclinic,1.1977414579720398,7.160201549530029,2.200198173522949,0.05960461121217105,3.1927382707497975,True
552d77a56b,Hg(Se3Br)2,9,319.0904369224467,4.3409384562309,834.158,5.203774733776408,2.885395540781716,0.0732500731508699,0.0376409256445423,0.2660075207108788,1.5799059293789104,0.1364167630152107,0.0866792475337901,0.1365927639092772,0.2106468216672527,P-1,triclinic,2.430187474633261,3.436990976333618,5.395153045654297,0.8008588794469602,5.870677926565837,True
10d40a0dce,CoIrBr6,8,227.9421216301513,5.322171193574639,730.5741949999999,10.914193342671943,3.637859412923774,0.1092451946691718,0.0679786576268227,0.3500076083950478,2.1316421765472744,0.1021132643287625,0.045875836109239,0.1019253580830643,0.223590762193644,C2,monoclinic,4.873824242924582,10.851346015930176,2.8024158477783203,0.05205707993600357,1.9615634310317742,True
1d21b4ae34,NaGaBr6,8,336.9603670747021,2.8194872483163165,572.13676928,4.127642096580551,2.0692425280071545,0.0335241045368259,0.0768948116765671,0.2852319723667457,1.684733968321418,0.1062960773232516,0.050962346462119,0.1067694388784234,0.2260681722009087,P1,triclinic,4.435984366790258,6.424408435821533,1.8630589246749878,0.050208242013955816,2.1171041458433395,True
4c996b9ceb,EuPtCl6,8,258.44069157860093,3.596621363205008,559.7660000000001,9.088488939102588,3.247740800679905,0.0380469102589949,0.0661616493864119,0.3403441794120648,2.053711024772724,0.1179624312652995,0.0591627445559471,0.1178387389630602,0.2287585375556704,C2,monoclinic,3.866597793470272,6.5603132247924805,4.6938066482543945,0.41627387673110317,3.5288682359801165,True
0be540b3d8,LiCuI6,8,340.85048118019404,4.05287795194332,831.91382,6.356935856425042,2.7644862179784275,0.1008753678236938,0.0584447277578813,0.3100905182513133,1.837041714754951,0.1183867863575323,0.0562183289974922,0.1166729315761575,0.2313817542240832,C2,monoclinic,4.115770752175945,5.812570571899414,3.545165538787842,0.24290066763646326,2.051754888445866,True
3b333fcade,SrZrBr6,8,341.850592332415,3.1975364569704223,658.268,6.549108959973228,3.210726558382521,0.0440438139540573,0.0132369583911538,0.2893044632792889,1.708311605807226,0.1894298801084239,0.1531451750887298,0.1900028223123251,0.233633604557139,P312,trigonal,1.5255694762944738,7.134209156036377,4.368918418884277,0.3759574947208716,1.984678945611352,True
a204f466ca,EuZrCl6,8,303.2124508551137,2.4967633176672823,455.906,9.135369166789074,3.052457308203524,0.0403913891907977,0.0641658272232555,0.349674927525906,2.1288802843637846,0.1263661999616711,0.0635233598227897,0.1256758669985177,0.2390356676870033,R3,trigonal,3.762956939838164,4.470212936401367,1.9245778322219849,0.08336585782084666,1.515802791032658,True
297c9b445d,PdSe6IBr,9,284.00740607763856,4.601376841797324,786.98847,6.343719688329981,3.317419945313926,0.0804010261414983,0.0460210873021504,0.2773402096090032,1.6404487627973037,0.1480984359910521,0.084245904364776,0.1481294071020904,0.249360232979727,P1,triclinic,2.959909266330897,5.577601432800293,6.058770179748535,0.6988110183198621,4.718557719016583,True
9f31c919f8,Rb3BiSbAu3,8,282.7074534033485,6.9194753966039615,1178.043507,20.79162809867564,5.505869220505233,0.0354240898460095,0.0571129610095594,0.3783336453572742,2.3901765380495026,0.1388752939651545,0.0740250083895054,0.1394209682704013,0.2511261287858886,R3m,trigonal,3.392449852413539,17.460634231567383,6.125678539276123,0.22244555490312498,1.6017647815668299,True
1c8b7bc6ec,KSe6Br,8,305.47791515685134,3.222180422527351,592.7623,8.344709763526813,2.971539669715848,0.0785376060011903,0.0701311664580238,0.3408425983006186,2.0576174820735544,0.1148828070052221,0.0556903198510036,0.1162220947114509,0.251303767909088,P1,triclinic,4.512521540214483,9.720988273620605,7.159074306488037,0.8991161128384119,7.826376603050287,True
a0e05c85e7,MoBr5Cl,7,239.96625930935124,3.673857238242029,530.913,6.875097205268106,1.9457924520576488,0.057378966000053,0.1781593790699776,0.3706890342833699,2.31552807427742,0.0466373695071553,0.0076598114149527,0.0480015402167489,0.2547885447965724,Cm,monoclinic,33.26303103222624,5.545167922973633,1.4582427740097046,0.02789519375941602,1.6718783138551552,True
b5387a932b,Cs2Pd(PtSe2)2,9,280.5672713777751,6.381563382631957,1078.2389038,18.323089382002948,5.852464827825875,0.0528721347871779,0.0364780354579023,0.3556651247422467,2.17951511808212,0.1729264467978669,0.1134670320502338,0.1733843816533719,0.2610467033789084,C2/m,monoclinic,2.3006392135412383,16.812158584594727,5.628106117248535,0.1717653457182866,1.006759809871571,True
3301a13de9,Mg(Se3Br)2,9,268.9397352640943,4.061965100898404,657.873,8.891042674340845,3.8151653500403935,0.1015750827160545,0.0357227451359949,0.3122968722769913,1.8515924509552744,0.1552436409571944,0.0903524965073527,0.1567742558687693,0.2698120768675813,P-1,triclinic,2.986216068148427,9.38167953491211,6.878657341003418,0.639979820898712,4.122422129194811,True
ce2b3174a8,K2RbBiSbAu3,8,268.3705782077648,6.715305931014746,1085.304507,23.765034837178177,6.653471996346565,0.055022377161547,0.0285629378258534,0.3719642045867151,2.3277107949890605,0.1957392035559016,0.1363195350521754,0.1962815053905998,0.2842499650174414,R3m,trigonal,2.0851741088219424,19.30115509033203,6.826725006103516,0.26342998680343166,1.3458212867827373,True
027d726fb6,ZrPbBr6,8,319.77937820830306,4.039181641162333,777.848,7.689734501975694,3.5223174028214563,0.0893878484699332,0.035380802804229,0.3013097437200768,1.7808746214866582,0.1764117789586002,0.1032307158984713,0.1755863668103839,0.2870381660319982,R3,trigonal,2.780549989736619,5.01692533493042,1.3062127828598022,0.021478414998635932,8.213444938548951,True
94d8192cb2,Cs2Pd2PtSe4,9,281.6103429417815,5.83511163765161,989.5749038,17.588662701884378,5.615870267435609,0.0684338184004717,0.0449905004488245,0.3557119345649952,2.1799184810632246,0.1701306371874152,0.0988007245541158,0.1698689404859873,0.2911824429675484,C2/m,monoclinic,2.9471691051016533,16.481189727783203,5.0645904541015625,0.13965780292876342,1.218196431703822,True
aad189367e,ZrGeBr6,8,294.6775970847149,3.624995137517419,643.288,6.856307491393229,2.984199176262808,0.119411402210055,0.0662134711893411,0.309948811421771,1.836113320599636,0.1338672588490923,0.0597915386161293,0.1358257757651387,0.295780918361066,P312,trigonal,4.946869159196992,4.209675312042236,2.7872891426086426,0.1844923886990999,1.3781740978731547,True
9fdae5c922,KRbSeBr6,9,316.6671391907952,3.5812535714024145,682.9501,9.912488126866538,4.5667844107727324,0.0335870343984379,0.0147740375533298,0.3003111317837122,1.7746574133227495,0.2465508585441918,0.2040381291212166,0.2474760843169752,0.2973735196717385,F-43m,cubic,1.4574409251472429,10.939047813415527,4.1068010330200195,0.16876340219999872,1.4609260973063842,True
1286eb896b,MnCdI4,6,288.9523646470938,3.878871005468921,674.966925,6.827549766993224,2.974899898010216,0.0835197803469688,0.052130467246139,0.3097691361888957,1.834937235956125,0.1708210678879663,0.0905817947223009,0.1693514302948001,0.3083530134897471,I-4,tetragonal,3.4041389269783555,9.108170509338379,6.895742893218994,1.0393153356893314,6.084233921140047,False
a996f5a4e3,Cd(Se3Br)2,9,279.4094979000615,4.433375684805593,745.979,7.460269801842093,4.018605113075672,0.0755689903167463,0.036022783450333,0.2716651001723529,1.609696274699026,0.2061730639882287,0.132483019672114,0.2066084629995767,0.320302274993625,P-1,triclinic,2.417685494989095,9.087244987487793,8.204231262207031,0.9664289221995166,4.687464518908707,True
164b7cd4e3,MnPtCl6,8,218.0471997545069,3.5239981267423564,462.740045,6.645203048636021,3.246349364248554,0.0333205611432678,0.0795655071307978,0.2899433715128354,1.7120568174395745,0.1573399907402564,0.0731508113833312,0.1570916066626886,0.3205496887855615,C2,monoclinic,4.382038732363328,5.83645486831665,2.9466254711151123,0.1407681683006013,1.1177242173405784,True
8587a98e3f,ErVBr6,8,296.55595843052987,3.906287177019073,697.6244999999999,10.46000771831675,3.941811870093073,0.1430444262219126,0.0366387876972,0.3326044555457702,1.9945453439262293,0.167936432598203,0.0855077653212373,0.165507360435214,0.3308852758265188,P-31m,trigonal,3.869651774706569,6.977860927581787,2.926921844482422,0.12066418788973303,1.3917669818626628,True
f4cac039b3,TePdBr2,8,245.14126083442943,5.335428056530397,787.656,10.694461223211189,4.489218639363808,0.0390654567660068,0.063142814156452,0.3158778010338876,1.8755980162885293,0.1842037601774622,0.0948284125091447,0.185029360855874,0.3412827364673442,P-1,triclinic,3.5989502242741107,17.290729522705078,5.22253942489624,0.16117268257840545,1.1428969055463407,True
35c885b13e,ZrSnBr6,8,315.3508669634941,3.6299436957155,689.358,5.29840769418786,2.906129815085663,0.1071976150215924,0.0656724932347129,0.2681446252107992,1.5910595817712565,0.167142848900635,0.0751370711083014,0.1673758724106174,0.3427597346163807,R3,trigonal,4.561792595326643,5.944974899291992,1.8918079137802124,0.04908731347630716,3.4050111335041664,True
41e77920bd,ErRhBr6,8,281.1100680657404,4.42787765812802,749.5885,13.182247902060237,5.1445402175403085,0.039135527116234,0.0356316078211717,0.3273307533638662,1.955777006395792,0.2399919789456966,0.1645544509187241,0.2390119291813772,0.349555331892394,C2,monoclinic,2.1242532787219752,8.145861625671387,2.9054977893829346,0.09232920993498483,2.599307186909657,True
c642751c94,MnPbCl6,8,260.9481429074416,3.021738365522765,474.856045,8.926434257391541,3.495465763152864,0.0355341350849354,0.0832791089819126,0.326812923817699,1.9520351794497373,0.1593034859534693,0.0693102597185583,0.1594561868298351,0.3578592051317277,P312,trigonal,5.163149100650513,5.364705562591553,3.266733169555664,0.22727317401492036,1.426667926659836,True
7b01f82041,NdInSnI6,9,439.21192601333496,4.306988755906394,1139.19682,6.398460503801061,3.4424754920838008,0.0964978094913952,0.061388504516606,0.2718992024143311,1.6109473520357451,0.1925982167168909,0.0973098588748263,0.1900226816479635,0.3589498205732214,R3,trigonal,3.688730255327504,6.215219974517822,7.539754867553711,1.2545542996411334,6.513841722040767,False
aee435bf21,ErFeBr6,8,299.2873897664289,3.897842778877697,702.528,10.095817923393462,4.053853737666931,0.0388565925352506,0.0685111428856446,0.3229310108501,1.924343588545376,0.1884240083491707,0.0949233451603587,0.188308313482966,0.3645357331548756,R3,trigonal,3.8403169688030623,7.035086154937744,2.2618284225463867,0.06155304421070674,3.061164736290908,True
d495c81573,CoICl2,8,215.8828285599704,3.949669265258647,513.48733,10.742076304676614,4.330137326939873,0.0732845171628215,0.0670474505490577,0.3223235332638052,1.9200666500829613,0.1861021106449779,0.0921574908163232,0.1841770725434556,0.3749003744338334,C2/m,monoclinic,4.068040168118705,10.748769760131836,3.144733428955078,0.08098570917172147,2.297962350991684,True
65ace95f61,CaCeBr6,8,317.3518792882036,3.4514415418607127,659.6179999999999,9.682480480131378,4.503637636600876,0.0472774968594415,0.026097779998542,0.2986515891367161,1.76439997764905,0.2796932047838203,0.204733290771786,0.2813003000140304,0.3777264111399049,C2,monoclinic,1.844968200901692,6.990028381347656,4.429701805114746,0.3724714660589617,1.331714391655855,True
452c058c00,ZrTi(ICl)3,8,322.24501930061376,3.226640424388373,626.16341,5.119722206489102,3.0053335317366447,0.0079798283316833,0.067789565559859,0.2545263818514859,1.5219652483305082,0.2008915079593125,0.1043445720336548,0.1998810749990568,0.3792222675342649,P1,triclinic,3.634326732510364,4.228338241577148,3.2695817947387695,0.29481777897295386,1.4675472446185465,True
7a34973f56,RuPtBr6,8,256.4116995481002,5.02269425406325,775.578,10.190538375122928,3.8091264362865465,0.0561778874188857,0.1042089812196901,0.3338113317252507,2.003590136177339,0.1328427523717517,0.0485095302111258,0.1311680822981678,0.3837255153591641,C2,monoclinic,7.91031192611211,8.173014640808105,2.432324171066284,0.05272299005633496,2.5196361630819513,True
22772d2a07,Rb2ZrAgTe4Au,9,323.5096141481044,5.530146135131154,1077.394369,15.4273436006823,6.697467394166897,0.0347098454823712,0.0047806391076884,0.3103756843063435,1.8389122222873693,0.3332369084826396,0.2883229205513046,0.3326748269579802,0.3843185023747106,C222,orthorhombic,1.332944677585299,15.277175903320312,7.751413822174072,0.48856396809257985,1.4661160143310843,True
a50d5f760c,TmInSnI6,9,424.7696041907879,4.549956463773534,1163.88903,7.495654893250167,3.797647775490572,0.095759681770232,0.0629204245518461,0.2832773196509505,1.6735954319543804,0.2019567332957993,0.0969379569287756,0.2008642123798726,0.3874478452987144,R3,trigonal,3.99686415490878,6.186725616455078,4.560332298278809,0.38196068743086475,1.8912995927272187,True
a5b82da44f,AlIrBr6,8,241.0191703952035,4.8132686618709615,698.6225386,6.313207638000768,3.327080698140753,0.1419301425000197,0.0839485190754768,0.2758706841326296,1.632399949277249,0.1561274774966231,0.0588508039049258,0.1586564897409618,0.3886405784079583,C2,monoclinic,6.603827859952634,6.158137798309326,3.7632508277893066,0.21758524249680825,1.3936383651719118,True
7578a98a0d,Rb2Hf(Te2Au)2,9,314.70613479210937,6.6154267021966975,1253.758738,15.557442395067524,6.79392170691878,0.0177130484452106,0.0213813681874889,0.3093959690170097,1.8324984075534456,0.3103803314879496,0.2519691971332006,0.3112962346612427,0.3891844613970647,C222,orthorhombic,1.544571581864139,15.434806823730469,7.876546859741211,0.4560511747195785,1.4693301361374587,True
3b581a1679,Zr(GaI3)2,9,382.1664833838405,4.3107273960146335,992.09682,4.710672458287132,3.480495180075541,0.0653502170027269,0.0450570519494911,0.203577626767971,1.2995099463283164,0.2531236907958196,0.1546982838627665,0.2504012830701734,0.3952735774995022,R-3,trigonal,2.5551258076666907,3.4308791160583496,3.300595283508301,0.2921244216131761,1.1540777581692903,True
3e16fd27f7,K3BiSbAu3,8,259.6419831140217,6.644503899180879,1038.935007,24.609427989085344,8.02859080237067,0.0524749987592576,0.0155565047891669,0.352878744302799,2.155721504688769,0.3055949260267969,0.2342992725010391,0.3051812494716065,0.400998615106963,R3m,trigonal,1.7114804106153791,22.783767700195312,7.798890113830566,0.3085070999858078,1.0095295232708004,True
c4d8bb3c6f,Rb3Ag(SbAu)2,8,284.86623846527834,5.8392425606988825,1001.724738,18.73696976889577,7.041712083628168,0.0354858586347397,0.0201583093923616,0.3330097963804,1.997575825782819,0.3226321023706863,0.2542094363673229,0.3239223105220535,0.4150729697428003,C2/m,monoclinic,1.6327992212808171,14.938826560974121,6.153470516204834,0.2911044557660031,1.108303552144959,True
eb76dad8b3,K2Ru(Cl2F)2,9,223.7126873441661,2.665287999952478,359.0754064,20.004751265149267,6.80200322005514,0.0411056983334184,0.0170712057988702,0.3472975696960191,2.109311111306186,0.3331325051675312,0.259276857528603,0.330592065946978,0.4205178581532149,I4/mmm,tetragonal,1.6218873607214406,14.241753578186035,6.712477684020996,0.46456183906939147,1.394525697322046,True
a58f6bad97,ScSbBr6,8,296.284698046444,3.621316169680629,646.139912,7.654640207283863,3.887853199098377,0.1394319968681249,0.0365469142408563,0.282815845331694,1.670982285344946,0.2345503456740585,0.1215654965950385,0.2341779962810512,0.4206329731639437,R3,trigonal,3.460134536077823,5.467534065246582,3.303224563598633,0.21854456083367424,1.073238083708547,True
9cd1174d5f,ScAsI6,8,348.3063622694481,4.201589271465366,881.304332,5.551934966151794,3.160949302028228,0.0670419471297616,0.0831308436112798,0.2607366017121699,1.5528987756222168,0.1890867938186724,0.0794673296674906,0.1870355840988934,0.4264312815895161,R3,trigonal,5.366120685995134,1.6786510944366455,4.263923645019531,0.8385994403793189,4.434997407505393,True
a5d005c70b,Cs2Os(Cl2F)2,9,275.30769163721413,3.8351753976416574,635.8497102,14.052245498613615,5.593779722082351,0.0117139925035229,0.0519530821735447,0.3242810707044444,1.9339030121619976,0.2636903622224201,0.1619567396221161,0.2637125985526171,0.4321754198377502,I4/mmm,tetragonal,2.668462089605651,11.524026870727539,5.293625354766846,0.2829026407940951,1.0728592369085892,True
0cc369bda4,KNdSnI6,9,443.6805756670696,3.980217759155763,1063.47712,5.849026181915374,3.6031556540112937,0.0549592133348531,0.0582180590454226,0.2444598754807674,1.4737563457770473,0.2461142762236295,0.1375690634231512,0.2458624793576314,0.4323270918537046,R3,trigonal,3.1426185589699176,7.521884441375732,7.330408096313477,1.0683517406066931,4.340876754487598,False
ebe4491461,GaIrCl6,8,205.9973134170349,3.826205984442952,474.658,5.475624262807284,2.961179494182705,0.1269943411710352,0.1136021173751486,0.270901729759656,1.6056269912287209,0.1432360009029993,0.0433665355302588,0.1471179921335986,0.4425071198593495,C2,monoclinic,10.203884503307677,5.837257385253906,2.7679073810577393,0.11308095442267554,1.2666677747307455,True
e8483382d7,CsCu(AuSe)2,6,196.89771715861616,6.310835010748792,748.3045899,10.5817663200758,4.877066875680675,0.0341145955774426,0.0536740570460647,0.3002422796413633,1.7742299989869064,0.2625358388952026,0.1557675349139184,0.2616357817287247,0.4431383526450714,C2/m,monoclinic,2.84486977912286,9.795939445495605,5.799289226531982,0.4392934506860497,1.6732704096121676,True
1f9b804fdb,ErInBr6,8,297.172283014081,4.255114739155308,761.501,8.133751072822562,4.050595830799223,0.0356794640458667,0.0732351366627295,0.286449951436271,1.6917325039967477,0.2257064385165139,0.1118035102007493,0.2245959446051931,0.454793455091245,C2,monoclinic,4.067792274809964,8.801972389221191,2.3092780113220215,0.04841049398946219,4.662345287483428,True
9dc733aa85,K2Os(Cl2F)2,9,226.9134909771998,3.2801593294213687,448.2354064,18.028641697242737,6.099124688240367,0.0208207919627,0.0615571780366872,0.3479907042395516,2.114986480268108,0.2547533269719955,0.1406796926489824,0.2532711752661805,0.4551644356808086,I4/mmm,tetragonal,3.235466520505659,13.83531665802002,6.898102283477783,0.46472460549269134,1.824214078051187,True
02028ee042,CsRbPd2PtSe4,9,272.71054098177854,5.736689566280476,942.1372519,17.622822673785443,6.280521496197801,0.0988705370155081,0.0624008136671295,0.3407279258506888,2.0567176557383404,0.2266345976474454,0.1059817181369828,0.2260278223209939,0.4565055538987586,C2,monoclinic,4.307399067721463,16.91166114807129,4.829652309417725,0.11964667609167007,1.8941988616031762,True
d53f10e181,NaNdEuI6,9,416.154941573024,4.311894078379119,1080.62258928,9.56582665950712,4.931377274465013,0.057730693189592,0.0340700989108416,0.2800381423593979,1.655385029664937,0.310368357731808,0.2075629191741036,0.311850806422478,0.457936287240024,R3,trigonal,2.2062528753312987,5.122772216796875,6.973592758178711,1.1826456464998123,3.810458176673238,False
3b9554aae1,TmGaSnI6,9,403.4390439426208,4.604911757508726,1118.79403,5.743317472280869,3.5712775455611565,0.0806736755623282,0.077787821641968,0.2424711746361225,1.4645030392574971,0.2207216639348092,0.0979493617167214,0.2214859321402483,0.4602721081895864,R3,trigonal,4.699082261717395,4.505500316619873,4.057983875274658,0.37210552769271216,1.6858586559161435,True
6d7b04ae71,IrRhI6,8,297.64135325770803,5.894481411599428,1056.54932,12.655232441232966,6.306678525666214,0.0364608374981616,0.0191768530084371,0.2863223374167534,1.690997128777419,0.3730270032382537,0.292652817153034,0.3718077554747991,0.4652464183837788,C2,monoclinic,1.5897554751386254,5.655240535736084,2.070625066757202,0.05049720663181446,7.387081942137324,True
eec4222682,Cs2Ni(PdSe2)2,9,275.4732822499035,5.142952005646662,853.1843038,18.28868810855137,6.6390245596078685,0.0864213921911053,0.0443399789314445,0.3380859694717376,2.0361603418808314,0.2663469507667778,0.1521413546966374,0.2656712807010654,0.466397129979088,Fmmm,orthorhombic,3.0655513151507137,16.13576889038086,5.953695297241211,0.23025867591659013,1.1567292728776934,True
1babd4bb2e,KRbZr(Te2Au)2,9,312.7310050427921,5.947630291565314,1120.123238,17.40607143221799,6.971123335354572,0.0568455453314902,0.0367038399548707,0.3233349886757802,1.927196168468479,0.3094003831249466,0.1984226154715784,0.3072972012420433,0.4730013968239106,P2,monoclinic,2.3838078925618347,15.351744651794434,8.235447883605957,0.5399379940812536,1.745110942099926,True
7b4a555740,GdRhI6,8,356.4750968645667,4.758754172167114,1021.58232,14.195191415326049,5.511884721359404,0.0551825922084873,0.0523409929289438,0.3281026220604772,1.961375762162368,0.276359925822981,0.155272134674966,0.2719318996826662,0.4736901568737997,P-31m,trigonal,3.050709374643325,5.549422740936279,7.824799537658691,1.4617673056470533,5.2893606093358505,False
0c86c8636a,AlRhBr6,8,241.26094733391275,4.193736267308856,609.3110386,9.723917563810684,4.179708777947226,0.121019324123108,0.0871056187604003,0.312015339337466,1.8497256858136668,0.1904386906023719,0.0718980842822504,0.1857011076055805,0.4741814538481325,C2,monoclinic,6.595188989829516,5.036577224731445,2.7092199325561523,0.12552627362762367,1.5171221537836157,True
cfca35b1dc,ZnCd2PBr3,7,219.0590466755116,4.251932124459592,560.9167620000001,16.95175194825295,5.804207415761056,0.0455274971442113,0.0575053455459432,0.3463396823296752,2.101508377629052,0.2674787086767229,0.1434935108121827,0.2688457510126271,0.4799542045342437,Pm,monoclinic,3.344779856717362,27.50437355041504,12.418938636779785,1.1295647213641398,4.223007980531794,False
50b5380512,Rb3Cu(AsAu)2,8,244.5432771743216,5.865016406721174,863.725738,23.48813726291533,7.502654272984212,0.0295853377375274,0.0547608913462713,0.3556572412181572,2.179447197240328,0.2813794169325879,0.1628723230576262,0.2851294973117856,0.4822961237008115,C2/m,monoclinic,2.961191408378017,19.117652893066406,8.156249046325684,0.43744264115192394,1.5546362485239111,True
f3a677860c,Cs2NiPdPtSe4,9,273.701483161871,5.714166716922666,941.8483038,19.62270622107098,7.206360502732144,0.0757206375571556,0.0444337588974156,0.3364036933692627,2.0232417821870428,0.2887847795065573,0.169724342367757,0.2900248322504093,0.4865124730490707,C2/m,monoclinic,2.866486128400488,15.8093843460083,6.257165908813477,0.25349403982904406,1.1392172364340922,True
747fb48837,ZnCd2AsBr3,7,230.36728801572207,4.359999669910251,604.8646,18.21583866182999,6.711883260285404,0.0306556356430443,0.0276004875354647,0.3359204129411146,2.0195548670517067,0.3620477351013513,0.2670144679960987,0.362511550187567,0.488335371747685,Pm,monoclinic,1.828872328202156,25.51715660095215,11.338346481323242,0.9728967887024689,2.6872058416001887,True
e4de4f655e,NaSnBiI6,9,401.8670732850544,4.595293387494145,1112.10698928,5.4547908123055135,3.257370900341813,0.0432846922505953,0.1124957120237881,0.2509876535162434,1.5047520008708548,0.1848203716071506,0.0583231672612706,0.1794472276178241,0.4946091660264674,R3,trigonal,8.480492216939524,3.867744207382202,3.316563129425049,0.26391596683954804,1.4279592912004366,True
c03b821eda,Ag3HgAsO4,9,146.94118851876254,7.493653638846149,663.1138000000001,52.92164909557099,12.587567428372283,0.021726989796102,0.0548572331247012,0.3898098976023013,2.509979984053035,0.2929269394868671,0.1677542490590502,0.2911106061812037,0.4951831685996306,P1,triclinic,2.951836817112895,50.27485656738281,9.793946266174316,0.1620202032126562,1.8079655109578652,True
0f007e6887,KTmSnI6,9,425.72778609638704,4.244373388530475,1088.16933,6.795661533593534,4.070330467818094,0.0481223658561396,0.0617649695102589,0.2503611625150905,1.5017350840259804,0.2746449166739467,0.1493397536553522,0.2740031401948885,0.4960861182130097,R3,trigonal,3.321862438302144,7.7534260749816895,4.578826904296875,0.3231858687060967,1.176740762654555,True
7ddb4f1e81,NdGaSnI6,9,414.3341917912732,4.384863362668643,1094.10182,4.491485101777728,3.46650300284276,0.0419305138132558,0.0733523940779581,0.1930660940382183,1.2595699445809254,0.266417445941161,0.1345955824722686,0.2671214243128907,0.5000790129609385,R3,trigonal,3.7154192119490417,4.399895191192627,6.469624996185303,1.0980214336735892,4.121432174963835,False
30ee5d3be2,Be(Se3Br)2,9,343.5080243938717,3.106272405157124,642.5801819999999,4.650976725866515,3.217192775588378,0.1348908305058867,0.0728629185104683,0.2189426554172358,1.3612656734844542,0.2408318928873442,0.1014130275051145,0.2374806657107637,0.5013947337397036,P-1,triclinic,4.944086041750573,3.0897343158721924,4.55445671081543,0.7249745843100813,3.0102930953966647,True
1f933cd457,Cs2Pd2PtS4,9,254.65091277144063,5.229684262038871,801.9949038,20.907361477513973,7.075195406284955,0.1205012485239553,0.0369139435905069,0.347948327872747,2.1146387951405554,0.262047178073795,0.1404809661354292,0.2577261936904513,0.5057505019642831,C2/m,monoclinic,3.600135419603532,19.294809341430664,8.083457946777344,0.4038540379912912,1.5411501125860703,True
8ffe188ecc,LiNb(AgS2)2,8,226.03654936972865,3.2606228472439978,443.84378,23.34657568818826,7.339553623959814,0.0320055083044017,0.0345987090439033,0.3577225022256842,2.197359035219857,0.3494691485300821,0.2428812118913881,0.3508119917320178,0.5105185294472612,P-42m,tetragonal,2.101926803937208,25.059715270996094,10.691657066345215,0.8577461836034611,2.4544260550931774,True
ce4bc117e8,ErZrBr6,8,322.6350417627714,3.7978621170062232,737.9069999999999,9.01830201945322,4.595796892273537,0.1162087767356542,0.0381646187421859,0.2821945582326348,1.6674740899347125,0.303878907849183,0.1705327868596648,0.3022060709384606,0.5208954622316613,P-31m,trigonal,3.054517971727734,6.816054821014404,4.035876274108887,0.29073631780374015,1.0452045005753794,True
a9692b8038,K3AsPAu3,8,229.4089181686005,5.8926575737865,814.089969,26.639516657016607,8.80550005947034,0.0183795885335425,0.0365942111478858,0.3511311185111364,2.1410125204738453,0.3628757682593982,0.2512398383053703,0.3627862538267312,0.5233798808738453,R3m,trigonal,2.083188257101573,22.555171966552734,8.302229881286621,0.3739340531792936,1.0304740241348673,True
e7a5db403b,CeErBr6,8,327.3696180560009,3.990933815561623,786.799,12.661381276669388,5.500984588757462,0.0618577350092021,0.0415268229682775,0.3102460040206449,1.838061231205768,0.3300736014932656,0.1994735833582391,0.3282358316945792,0.5240490093625906,C2,monoclinic,2.6271599504052583,8.665780067443848,5.7172369956970215,0.5331729215223485,1.6153152482060178,True
55e39c76c1,NaLiZrBr6,9,294.28347186242667,3.3888566831220026,600.57876928,10.6738117154149,5.537474292908658,0.047315665546871,0.0332804494848757,0.2788484393344987,1.648772993641632,0.3735469369500671,0.2543263863998963,0.3746553547753111,0.5357755779839061,P312,trigonal,2.10664565941446,7.526280403137207,3.5951123237609863,0.17943335425610368,2.08181437893039,True
391d35ee8b,Cs2Ru(Cl2F)2,9,272.4120433729692,3.3324503980198514,546.6897102,15.075686412274708,6.1166471464225145,0.0345392029540277,0.0481826006608515,0.3213029139121995,1.9129148663895348,0.3290276993912778,0.2007271382133726,0.3310986074118939,0.5495306067748716,I4/mmm,tetragonal,2.7376996038807744,10.167906761169434,4.63070011138916,0.24519958217451265,1.3418770801864714,True
71567900ec,NaSnSbI6,9,401.14481211972463,4.242518340742423,1024.88658928,5.490599568952427,3.455777774654989,0.0238304822117234,0.1013647021752255,0.2398747074541847,1.4525516246158974,0.2210354322242401,0.0852654662036159,0.2221101119839277,0.5564366540106088,R3,trigonal,6.525932230075718,3.9831442832946777,3.1232247352600098,0.23235363617643567,1.0512053829483468,True
77aa45d8de,Ti(PSe3)2,9,266.93857395241406,3.630229540752472,583.574524,8.922595599589696,5.767871206693712,0.0508799842578874,0.0075560231218217,0.2340823164360803,1.4264065676188475,0.4614394748213226,0.3784692746140696,0.4618432902266208,0.5608920913731923,C2,monoclinic,1.4820016550752813,19.52130889892578,7.97699499130249,0.46993195920794256,1.0184043300368015,True
38731d0243,ErMoBr6,8,338.1630510799054,3.646626977845641,742.6229999999999,15.449868574915833,4.1522292618226695,0.1237183018518009,0.130667171406077,0.3766709388997391,2.3736055518827905,0.1351843340593095,0.0335202562198692,0.1388029636073567,0.5688595856263979,P-31m,trigonal,16.970621641287018,6.676199913024902,2.9272444248199463,0.13682158244367035,1.0121112286845497,True
19662eb567,Li2VAgS4,8,212.86507587526225,2.347693973062716,300.9517,19.433026494839343,5.732930774844545,0.0625837960480883,0.0756860062099913,0.3657016056901097,2.2688706809666663,0.2597296475226578,0.1207700499965867,0.2646121460454509,0.5946245871532045,P-42m,tetragonal,4.923609679469457,16.003889083862305,7.327431678771973,0.605929167442274,2.3329226109599794,True
0b5574a75e,Cs2HPtI5,9,398.0926041856869,4.573450627592799,1096.4251938,10.914105465291916,5.379876381512589,0.0576996046601752,0.0608989231804447,0.2883171458842372,1.7025489330870414,0.3230975848959895,0.170597927952815,0.3236735685394462,0.5982061935255613,I4mm,tetragonal,3.506526724586108,4.659430503845215,4.5422844886779785,0.46900685842841716,1.4515950609144859,True
a453186cd3,Rb3Ag2As2Au,8,254.0186185161511,5.353535747668943,818.9495689999999,23.049466878924903,8.627816638054872,0.0111277194581225,0.0315412837649728,0.3336030548856406,2.002024549836478,0.4379350242313796,0.3193344640619965,0.4381545992706941,0.5993636900538698,C2/m,monoclinic,1.8769151391611387,20.612224578857422,8.063405990600586,0.4151327808927425,1.054927590371449,True
33a4234ddb,Rb3Ag(PAu)2,8,241.9802508861185,5.628124066021613,820.152262,25.37932225254954,9.364320231668705,0.046041454794601,0.0183886521369497,0.3357180744269678,2.0180144375104887,0.4677998951129254,0.3562842015108645,0.4719368019543206,0.6047732165342851,C2/m,monoclinic,1.6974460668468434,22.14596939086914,7.514431476593018,0.3067024948001399,1.5252562435716843,True
5dfbe90198,Rb3Cu(AgAs)2,8,239.3205409735585,4.756581623737135,685.529,23.07307384526624,8.907106698189862,0.0121426502509841,0.0192167605810948,0.3289864588635271,1.9678181133409784,0.4940814926370819,0.4035694913945122,0.4912743281219021,0.604887590705738,C2/m,monoclinic,1.498843702519688,23.66303253173828,9.054086685180664,0.5014921661994001,1.0149988891969317,True
26f790a4a2,KRb2BiO4,8,189.4956696301344,4.232604007620725,483.0119,27.24195816274789,8.472903868089926,0.04560555343489,0.0519411546556306,0.3590961426115318,2.20940570749865,0.3545046186753142,0.2056419133595467,0.3568846366477519,0.607598117671654,C2,monoclinic,2.954641433477242,21.51108169555664,7.445504665374756,0.3286285492502651,1.0787395662491372,True
89430a2309,ZnCd2AsI3,7,256.357949929414,4.831290194532671,745.86601,14.240016451875327,6.870385997025155,0.0279849926593089,0.0189497510863069,0.2921861560147245,1.7253049481335172,0.4926023013941387,0.3988359693212006,0.4922642710781122,0.6096834110339863,Pm,monoclinic,1.5286570368054762,21.68587875366211,10.962285041809082,1.0419411571380741,2.115177201140197,False
8344cb67c9,MgMnCl6,8,210.1122643046233,2.3073984920857487,291.961045,7.902394786640953,4.096512276562348,0.0542343229333076,0.0793788987260267,0.2789945525883744,1.6495828641547268,0.2894019026238521,0.1314763958277062,0.2887352455690718,0.6132729417978718,C2,monoclinic,4.6645098379601,6.67186975479126,4.388854026794434,0.4056899528320482,1.4018219961716718,True
8c8ae67bba,CeCdBr6,8,294.1400045135896,4.132158881431269,731.951,8.25336936020119,4.363719988220097,0.0276383390007281,0.0917757052447722,0.2752500129151282,1.629018592709938,0.2713757106573223,0.1081996364078277,0.2676189630999216,0.6156402669005305,C2,monoclinic,5.689855228164076,7.615973472595215,3.923124313354492,0.22526336670584068,1.2047041408721253,True
79d4f4d82f,Rb4CdAs2Pt,8,272.47359073314567,4.870631422947189,799.2094,28.96564125502756,9.975351074570527,0.0183767678701618,0.0145492309482334,0.3455386059982261,2.0950187336438857,0.5332553062960492,0.4542523594192215,0.5290524190926418,0.625523914996265,C2/m,monoclinic,1.3770405415087346,25.75339126586914,10.937777519226074,0.7690920905687483,1.442258673262538,True
ea5938aeae,Cs2ZrCuAgTe4,9,328.9350195990125,5.24434742665997,1038.8491038,15.02718309861,6.738450067650883,0.0396882095160278,0.0533282812426277,0.3049464448932527,1.8038063209397888,0.3594195869652326,0.2137413133724226,0.3589922800730949,0.6273005044403155,C222,orthorhombic,2.934858472340852,20.89263916015625,11.789271354675293,1.053736463418583,2.9317725066567206,False
e52bf49973,Rb2Os(Cl2F)2,9,247.59086074549305,3.628199903696799,540.9744064,18.79103304392603,6.3056203247792,0.0631748248234826,0.0916929864092553,0.3490966221202964,2.124093007650328,0.2598044752235518,0.1024424707784501,0.2589636307431786,0.6306574240142938,I4/mmm,tetragonal,6.156210595293056,14.369314193725586,5.70864200592041,0.2692074140632953,1.0361923667082817,True
c379a102ce,Cs2NbFeS4,8,258.7055175264118,3.484183941450944,542.8222838,12.738962232497755,6.00782315461416,0.0245669439125025,0.0471847637781814,0.296228516545218,1.749588313353049,0.4065215164475623,0.2524224985283319,0.4041654234881052,0.6380375960741412,C2,monoclinic,2.5276573989799407,15.45688533782959,7.689475059509277,0.6222713849121192,1.5307218922873096,True
12d9ab62e2,ZnCd2SbI3,7,280.2466211037221,4.696993803978803,792.70441,14.333360690555766,6.235906042792356,0.0463361601778946,0.0428728705817403,0.310019877280751,1.8365788172892,0.3990713633515885,0.2614226098367634,0.4042376411427317,0.6386604768644334,Pm,monoclinic,2.443019283080463,20.850902557373047,9.906458854675293,0.876910304651141,2.197377174063398,True
871f3f6ecb,Cs2Ni(PdS2)2,9,246.2133805250588,4.489040963347265,665.6043038,20.34855755003115,7.413102155265436,0.1066489901776056,0.0540113141737906,0.3375715419314264,2.0321959236064555,0.3252795851782202,0.1650399323785183,0.3244022419350049,0.6409207753674042,Fmmm,orthorhombic,3.8834284898848326,20.538475036621094,7.977221488952637,0.3893879618828768,1.1970869972351068,True
e83b56bce9,Er2ZnBr6,9,369.13302941988985,3.955746504420477,879.3509999999999,14.730012502539983,7.237499778468322,0.0420465569082204,0.0158439344921032,0.2889020116341596,1.7059589806294189,0.5268449499843355,0.4197121174353536,0.5252224095983187,0.6478950265129176,P-31m,trigonal,1.5436652877021355,9.767852783203125,7.704328536987305,0.911464937627205,1.7300439866687634,True
20ff0e5d0c,Er2TeBr5,8,333.39313992896007,4.291580692305079,861.6379999999999,15.885106123842885,7.001345103757532,0.067117695394439,0.0232834513680317,0.3078547611969594,1.8224796073654463,0.4669003277737674,0.3198134620699632,0.4671240528006343,0.6539485440140331,P1,triclinic,2.044781166438121,9.188289642333984,3.6141738891601562,0.1532431200030648,3.0467947126398207,True
e2e64b1307,Cs3Ag3AsP,8,272.8352703089249,5.040717615067528,828.2163177,14.958034967565824,7.392857964002604,0.0522690582851325,0.0254524163094494,0.2878337225316563,1.699738291599967,0.4930853858742849,0.3554816760664011,0.4931176124634031,0.6740073471641691,R3m,trigonal,1.8960396345106407,20.762224197387695,6.937081336975098,0.2941435439283864,1.6763427110755622,True
4dd3881ae6,Zn3PI2Br,7,212.08802593279623,4.391662906790818,560.9137020000001,13.408924978515286,6.661505598658512,0.0564925317301207,0.0296494552474832,0.2868921981325685,1.6942847726176526,0.4773555337475709,0.33318518931258,0.4803130403579121,0.6797385032962967,Pm,monoclinic,2.040122205607991,21.785926818847656,14.707976341247559,2.1191745861293745,4.439405089729219,False
999eaeb58a,Cs2HfCuAgTe4,9,326.42262915688826,5.728641212132519,1126.1151037999998,15.09292462536242,7.270717861633388,0.0638016046829137,0.0501386835792508,0.2924608510604951,1.7269384883380998,0.4145102536393473,0.2396687515466397,0.4187954421645594,0.6855018419246129,C222,orthorhombic,2.860205335492866,21.304203033447266,12.437769889831543,1.1271118891394103,2.719141153309264,False
222af8439d,K3Ag(SbAu)2,8,257.7754298031124,5.556805649700048,862.6162380000001,23.05094740642378,9.29790916448281,0.043060572183436,0.0221095965802797,0.322221412787993,1.919349153310918,0.5241128288210825,0.3982876970024871,0.5210374098739998,0.686336821797185,C2/m,monoclinic,1.7232187360105655,19.744678497314453,8.338619232177734,0.4676848292136455,1.1206539021210367,True
bf1f5d1c8c,Rb2HPtI5,9,366.946641731045,4.532301246775036,1001.54989,12.060402730929082,6.379401072427502,0.0272641833621104,0.0465378642091851,0.2751653048711832,1.6285579429699624,0.4384741205219786,0.2796401578906999,0.4365280207704428,0.6903087757741005,I4mm,tetragonal,2.4685609569849927,7.339189529418945,4.645675182342529,0.32534198073605175,1.3477329901600075,True
0a7c624c48,Ru(IF)2,5,143.35853838054362,4.550726684981649,392.8757464,18.41628577208736,6.32881991821921,0.0644462405401478,0.0595606259537048,0.3458332580298603,2.0974019877608607,0.3592645997516568,0.1952177631863263,0.3587240074040765,0.6923260849745336,Cmmm,orthorhombic,3.546429759640984,6.6318182945251465,3.2454257011413574,0.19289579950958918,1.8624801611286363,True
198468c59e,V(OF3)2,9,128.5474611956122,2.5438942944543816,196.9307192,6.24544631054811,3.820818604056623,0.1325945574515759,0.1215771096923182,0.2459241973633341,1.4806256656552186,0.2209559334425295,0.0623068694557536,0.2257354879529509,0.6949024509376537,P-1,triclinic,11.152902673614976,8.888897895812988,5.357105255126953,0.3615272691140203,1.6361962472849967,True
9f332958d5,NaNdSnI6,9,406.35225774639423,4.280021653391435,1047.36858928,6.705950166258957,4.339860091949817,0.0133089653646193,0.0860372811087616,0.2338348528666883,1.4253051803591226,0.319407861671227,0.1361886087622478,0.316960203463096,0.6964713102294747,R3,trigonal,5.114020302867946,7.0490570068359375,6.32082986831665,0.7494055377266379,2.3462338522463053,True
51a5dfe7d3,K4HgAs2Pd,8,246.5270112989097,4.130661385578747,613.2464,22.68819121177357,9.151422046795217,0.0299564804815137,0.0150638544209184,0.3222242302397433,1.919368942973241,0.5848103998826293,0.4762505268220104,0.5824782073641558,0.7021753157917155,C2/m,monoclinic,1.4743822342355963,20.69769859313965,9.975869178771973,0.8041917073941743,1.375132363507172,True
adbbd64392,Rb3Cu2As2Au,8,234.64318704812592,5.1682739252514285,730.305169,24.00027187412108,9.43043638131078,0.0517208140512773,0.0195980703553149,0.326287153593955,1.948247621634376,0.5229424547339422,0.3890238674589158,0.5234522352625639,0.7030519861326952,C2/m,monoclinic,1.8072207001719327,22.465621948242188,9.375110626220703,0.5531476618783151,1.0577600974465544,True
3dc9a53ee3,Rb2Ru(Cl2F)2,9,242.47981287062137,3.094094575734468,451.8144064,20.17089875962376,7.27891031304855,0.0598787663255673,0.0606534719269943,0.3389422228138462,2.042786627498496,0.3753479865755696,0.1952444344606636,0.3695437074138107,0.7033725700661863,I4/mmm,tetragonal,3.602523022021898,14.786263465881348,5.512304306030273,0.25633117525689364,1.4643087646260662,True
bcf3ef5d3b,CsK2SbO4,8,182.6576449615065,3.6078476594659903,396.8596519,26.679781594738188,8.978495695804027,0.0491416411768873,0.0411833555246183,0.34870736617421,2.1208805090546594,0.4514134316518436,0.2805148064208487,0.4535955355184561,0.7073783582459436,I-42m,tetragonal,2.521714868714214,36.3021354675293,9.356131553649902,0.35744316260479175,1.262895696094068,True
8cd1ce9306,Rb2Pt3(SeS)2,9,251.82357382536568,6.450554762649119,978.2376,23.24400042037428,7.941817215938644,0.0605816934808122,0.0873288947785956,0.3466313867725453,2.103879589803439,0.2825338044651695,0.1209661478660144,0.2833588003828522,0.713047990618819,C2/m,monoclinic,5.894607732806467,17.977832794189453,5.775160789489746,0.16366956451467518,1.7262452264900878,True
15aca1906a,K2RbSbO4,8,175.43559264491546,3.3073612588669903,349.422,30.81823747950553,9.51799488471989,0.0613149571760025,0.0349448019092364,0.359992024318584,2.2173206332054063,0.4617528231785603,0.3032651709630355,0.4606684716406425,0.7151534987612392,I-42m,tetragonal,2.358178805994204,37.99662399291992,11.187141418457031,0.5580383672718205,1.2085218308584689,True
8bf26c7bed,Rb3Cu2AgAs2,8,236.4625237125101,4.502823220950177,641.2067999999999,22.67095541680544,9.062394125797482,0.0429347916015671,0.0234297700155576,0.3236322378627819,1.9292994036751805,0.539072395923068,0.4006891543300659,0.5355527431912147,0.7168948423704329,C2/m,monoclinic,1.7891545968321716,24.231891632080078,9.71461296081543,0.6001905345233834,1.1133764946277045,True
7b77d5ff30,NaScSnI6,9,378.3817451763693,4.160687068032361,948.08250128,8.123386745451995,4.890329341857659,0.0394881649586263,0.0779532363831811,0.2493037840949782,1.4966637382762369,0.3529717430071758,0.1639738619650358,0.3524149838815994,0.7177984559781839,R3,trigonal,4.377517534661959,7.192596912384033,3.8080742359161377,0.21343193181971437,1.653790695692763,True
dc166d4b9e,NaPrSnI6,9,412.6100718235165,4.201690074972626,1044.03423928,8.089759291332518,4.598659912720898,0.0507568498335737,0.0906573555484758,0.2610501338874657,1.5544856187776788,0.3115855584809462,0.1336535249015882,0.3076249946180792,0.7188435995678648,R3,trigonal,5.378411082664404,6.417746543884277,4.927595615386963,0.4585177124050346,1.4715627856451936,True
c4ea4b1cb6,K3Cu(PAu)2,8,210.1771323512397,5.030523624986222,636.721562,30.796704849563504,11.38161372363354,0.0279700157484413,0.0073692557629482,0.3354810036443854,2.016211981305691,0.6337204387573776,0.5510579538975939,0.6320519865063441,0.7205812410713016,C2/m,monoclinic,1.3076324113910007,25.844419479370117,9.57612133026123,0.4904609423271708,1.292091549126134,True
1ea216bb3c,Er2CuBr5,8,304.6162094683423,4.347829667557896,797.584,17.654012001227688,7.339694985238196,0.0550278728728096,0.0417981664874692,0.3174257637831326,1.8861275310333163,0.4539076757722417,0.2816923379244667,0.4493341536941639,0.7265153637415294,P1,triclinic,2.5791094251783946,11.349957466125488,5.0473222732543945,0.27814003824275507,1.6319393591802134,True
bcb3257dd0,Cs3Cu2AgP2,8,246.57896129595017,4.68454792555062,695.6240797,19.45014424439834,8.351353814761113,0.0565767411883515,0.0274508083009094,0.3121934753106621,1.850906510434522,0.5120255880222007,0.3596758918285249,0.5069183517699478,0.7317444961941421,C2/m,monoclinic,2.034455221544292,26.20793342590332,8.755716323852539,0.4182609120489207,1.2241774769580023,True
34e7f7b4b5,NaEuTmI6,9,410.27120620032105,4.473671025218711,1105.31479928,11.203209912577314,5.363087470868639,0.0292064371067799,0.0891023095188211,0.2935830041502046,1.7336366264672955,0.3185917446702817,0.1363951839882594,0.3251448367843985,0.7354236801647966,R3,trigonal,5.391859585218935,4.553483963012695,4.295426368713379,0.42918332552641447,1.347126322970442,True
9d0c89704a,NaYSnI6,9,400.19459432543096,4.116269051152864,992.03243928,8.408014756553362,4.343979389532231,0.0741660382513921,0.1083584072948698,0.279627845289801,1.6531001215041008,0.2598053210888394,0.0825333737558581,0.261398181290719,0.7361012359603497,R3,trigonal,8.91883128560587,7.095392227172852,5.394814491271973,0.5207644981231687,2.0044412329226136,True
42894cf736,K2Zr(Te2Au)2,9,304.3061614627407,5.859263656632207,1073.753738,19.73733367665344,8.557315853457744,0.0991928182819592,0.0327526858182132,0.3105931360903632,1.840340580735072,0.4574812620673131,0.2746556665774049,0.4573001031984664,0.7459433241494076,C222,orthorhombic,2.715921842956704,15.72037410736084,9.839011192321777,0.8196417590639501,1.7916400670927353,True
8676e5e44b,Rb3Ag2P2Au,8,241.46391726149065,5.027432523170469,731.053893,24.1614592008514,10.132630941068308,0.0358580427953283,0.0063656814713049,0.3160312666903536,1.876637765010688,0.6395967070094901,0.5432706306240171,0.6360099748651058,0.747315888652348,C2/m,monoclinic,1.375586763808598,23.705093383789062,8.3380765914917,0.3943378761219482,1.621950986041463,True
757d018561,Gd2(BrCl)3,8,311.7946012966441,3.518033823337272,660.571,10.99522333432909,5.845214370428702,0.0356388875499285,0.0502182785100994,0.2742049480169553,1.623349345257081,0.467487275757489,0.2818104103132344,0.4666390258647567,0.7557438657746839,P1,triclinic,2.68174573442716,8.286370277404785,4.094785690307617,0.25432892655305017,1.838120744240142,True
88350da99f,NaScSnBr6,9,304.63406806565246,3.630753910100604,666.0796812799999,9.39813745685861,5.812438111017882,0.0721635642551453,0.0480977049392269,0.2436205634142505,1.4698404663855602,0.4675548389353369,0.2736085322705509,0.4723619604469787,0.7682775974778574,R3,trigonal,2.807944588212496,9.829416275024414,3.37973952293396,0.11217640408440918,4.168031973850015,True
2c88caa301,NaSmSnI6,9,403.0063345456176,4.340764623600978,1053.48658928,7.520084313211991,4.477828494289123,0.029058109098623,0.0998233727332725,0.2515821247210948,1.5076231444981265,0.3059263490283372,0.1168841205175445,0.3127923788880067,0.7723786188855939,R3,trigonal,6.608071442601637,7.510549068450928,6.91629695892334,0.8679821910110493,2.837225998243944,True
79b9e92954,Rb4HgAs2Pd,8,276.2840639908813,4.800541342635889,798.7244,21.16758126316857,9.373752378043331,0.0326573015907977,0.0146893020908057,0.3070622312200842,1.8173611090153563,0.6456011455242426,0.5298037519470488,0.6477378459002356,0.7861201856932082,C2/m,monoclinic,1.48379505204368,19.73037338256836,8.920055389404297,0.6125917040324208,1.053884898007164,True
c0e352a557,K3Ag(PAu)2,8,222.6752486596606,5.078695460103578,681.043762,28.31934149427797,10.564171439115484,0.0148532153372078,0.0318939737620137,0.3341091616903248,2.0058322872389143,0.5808535427812347,0.4182493937942799,0.572706645448706,0.7993714579144532,C2/m,monoclinic,1.911231599555245,24.26788902282715,8.88055419921875,0.4383788772959007,1.3250034909623742,True
11c28343d0,K3Ag(AsAu)2,8,232.9124428467485,5.482120074076639,768.939438,25.442576529306407,10.251142906122857,0.0129305548442309,0.0309165620223936,0.3223964586713412,1.9205792833071649,0.589842894412612,0.4329819003175627,0.5913820985364229,0.8094567783519285,C2/m,monoclinic,1.8694933385396648,20.63518714904785,8.300293922424316,0.4289764765893732,1.3750005573784039,True
4212cc1a82,Zn2InBCl2O3,9,197.26837301062093,3.1595806395810184,375.3512,38.31014738170515,11.596109271031244,0.0530531114188737,0.0270115339434036,0.3625255828767723,2.239956479898038,0.5742912765375695,0.4039779806592783,0.572963746140573,0.8126275953490244,R32,trigonal,2.011564080851248,32.63093948364258,13.470681190490723,1.0104127402197198,1.7594081287662042,False
6159616c79,K2RbCu(SbAu)2,8,251.98343117704937,5.698023793122975,864.663538,22.012882615977382,7.561685281230741,0.0581765191680003,0.0939690174047275,0.3458902638125176,2.097863576992084,0.3161322546362415,0.1197848572385323,0.3250654777766689,0.8138553756023048,C2/m,monoclinic,6.79430935065225,18.070751190185547,6.058770179748535,0.22075290849131596,1.4320638255539795,True
28362a88b3,Cs2RuOF5,9,197.78041007368003,4.012154978785394,477.8723198,26.53454920792516,8.559582052870217,0.163187870506225,0.0586529219317951,0.3543681631628513,2.16838721282298,0.347092655709403,0.1458713376076358,0.3465101838732158,0.8152837935675749,I4mm,tetragonal,5.589060928203197,17.312646865844727,7.415807723999023,0.38137465473323007,1.0987690129995982,True
d1dd9d5ee2,K3Ag2Sb2Au,8,256.5474535700129,5.006701973097965,773.517869,24.712312161529148,10.513768191398423,0.033382128627083,0.0086805225760832,0.3136973301349075,1.860922740546196,0.701977839091968,0.6009380494546739,0.7010029831282112,0.8166437580725554,C2/m,monoclinic,1.3589483288895177,21.021987915039062,9.412370681762695,0.627849680055278,1.1180667306068603,True
c28fa6f94f,NaTbSnI6,9,396.6664493218378,4.445999255575559,1062.05193928,8.053510996840874,4.759679982359196,0.0565060479876748,0.0992091087948221,0.2531304496189759,1.5151399054782904,0.3271145133288379,0.1267226437488659,0.3229206893499,0.8228699889018536,R3,trigonal,6.49347239418857,7.459804534912109,5.249942779541016,0.4472968273873851,1.3674013507854716,True
18e6fdcbe4,VHg2F6,9,154.54959220641763,6.082519829346056,566.1119192,15.223743653856438,8.42978071987192,0.0937453990820866,0.0578845410381974,0.2662766242845418,1.5813038415626115,0.4513282018264097,0.2245920641653684,0.4538150293908365,0.8429476133558732,P-1,triclinic,3.7532386395238175,21.888595581054688,5.969928741455078,0.125583342742672,3.5938540253002262,True
de5b2b3816,Cs5Sb2Au,8,378.2705558680876,4.850810102600204,1105.0138285,5.813654771571005,4.771663946173973,0.0430315898435468,0.068750704831232,0.1777735693770104,1.2045307817868522,0.4709553332884309,0.2464480168598638,0.4592998360893059,0.8501847716829685,R-3m,trigonal,3.4497529439094805,13.278084754943848,7.874445915222168,0.7404255788765243,1.572177925465937,True
cb3cf94167,Rb3Li(SbAu)2,8,280.50493244042576,5.332560436717565,900.797538,19.67778753877538,8.035063661779715,0.0482495577465693,0.063890420365671,0.3202940465206043,1.9058868538221168,0.4479669350614015,0.2352410286059532,0.4472114524587366,0.8534498304246313,C2/m,monoclinic,3.6279803547969744,17.19968605041504,5.839437007904053,0.22688453129450922,1.9744269585303484,True
e857b83d63,Cs2PrBiTe4,8,339.7850586405593,5.503277029708769,1126.0989538,22.2822010199942,10.234937273676463,0.02671637381578,0.0033155879317724,0.3008290202289744,1.7778774722826751,0.7661404506378114,0.6865972595773069,0.7651983251778065,0.8569782837452824,P-3m1,trigonal,1.2481527879573362,20.741575241088867,13.04045295715332,1.5126829647555047,1.9744199167348455,False
ddfd779509,NbAg2OF5,9,145.04003876690055,4.804321503476135,419.634196,47.624110959537,8.342847384274924,0.0806009583204509,0.1817361022009627,0.4172419656898437,2.841021679367547,0.1416843815485321,0.0262012212467625,0.1343960914587737,0.8700388402702852,Cm,monoclinic,33.20604150761827,40.55490493774414,14.680231094360352,0.7294016701091176,5.148073924148589,True
19509b7273,KRbHf(AgTe2)2,9,320.43688185645186,5.33338842204514,1029.1925,16.914184355229686,9.043193746630855,0.0631693127502332,0.0188308376469334,0.2731099577541613,1.6174415642310858,0.6591945065326505,0.4851603776684252,0.6532276894436628,0.8771578765400712,P2,monoclinic,1.807975088063664,18.385269165039062,8.658661842346191,0.5419116920273165,1.2164242186149807,True
93e0a3048a,Er2SBr5,8,325.2398958231519,3.911401948697408,766.103,16.682389232838123,7.53980243866212,0.0630655399201438,0.0420516585275097,0.3036065514290365,1.7953039961106714,0.556694078209563,0.3497088677581724,0.5529871257520874,0.8961611969264512,P1,triclinic,2.562592143205693,11.834750175476074,3.4092025756835938,0.10351295625100213,5.3780135199662364,True
b68fb0482e,Li2Ti(AgS2)2,9,194.73988493860904,3.459774503548524,405.7454,31.33399911770198,9.52259197572752,0.0621721971629002,0.0780743517392091,0.3620242006638615,2.2354470447519943,0.4084591687523435,0.1867582899731499,0.4182469000543479,0.9077358946687988,I-42m,tetragonal,4.8604851479380295,29.390518188476562,11.382308959960938,0.696918042151849,1.7062122617558466,True
2c8d4b19df,Rb2IrOF5,9,173.81992324805017,4.529599646290612,474.144016,18.659174292854544,8.689897887988083,0.0895519869455482,0.0629786863740483,0.2984325541753442,1.7630530552841466,0.4765432878384605,0.2302435442583534,0.4685960466902926,0.9078474735634392,I4mm,tetragonal,3.942987745813863,14.676529884338379,9.177075386047363,0.6961178209184612,1.4607651365229857,True
6d7bbbcb8c,Rb2Li2ZrTe4,9,333.37531926444444,3.91725759754896,786.4416,13.486986398891622,7.89308930221192,0.0646370362340326,0.0169855247626913,0.2551469975964796,1.525014588527975,0.6955814942247902,0.5161169573604946,0.6919529414900931,0.9164273908607434,C222,orthorhombic,1.7756196106159756,12.71364688873291,8.379057884216309,0.8530602865164874,1.2263987664985303,True
bbac81b90d,Cs3Cu(AgP)2,8,256.6186770560756,4.788075912632662,739.9462797,17.240731783835326,8.363009417939152,0.048853291457138,0.0437741122821853,0.2912212469767942,1.7195858296039093,0.584933115208675,0.3626555654728299,0.5848817439310159,0.9170181282458588,C2/m,monoclinic,2.528620033861197,21.90608787536621,7.472195625305176,0.338192990240461,1.7295837941312076,True
5e5c060528,KAg(HgO2)2,8,139.99801260064197,7.260740170351605,612.1441000000001,38.79056659488402,12.809954909939334,0.068408458568704,0.059337332513346,0.3512564929568634,2.1420623137541885,0.4860363676802423,0.254021261733094,0.4779236864690872,0.9192332885697088,P-1,triclinic,3.618725780267829,40.85655212402344,15.887593269348145,0.8030791933018214,1.6523026808359287,True
d39a73b18d,Rb4NaBi2Au,8,343.1321987659056,4.741545156174964,979.78833828,15.43750585801531,7.333074746872424,0.1186201422312838,0.0390270786850995,0.2949577655046323,1.741897707394607,0.5202155986164347,0.2730789782677712,0.5155954049560005,0.920046816592011,C2/m,monoclinic,3.369160169076973,16.305675506591797,7.590076446533203,0.536290769374399,1.03090097798051,True
bf20f38dc1,NaCeSnBr6,9,337.92080163517227,3.740723777844864,761.23976928,11.06382500336228,6.06487971230372,0.1073526394492179,0.0653813155363714,0.2682586772819545,1.591658188432178,0.45125408167137,0.2053964949402375,0.4450157837995631,0.9207705334254356,R3,trigonal,4.482893117009345,9.283647537231445,6.838994979858398,0.7164561817498234,1.5877001690404418,True
c635459bbc,Rb4RuO4,9,199.8814525925061,4.211454699939388,506.9388,22.355555209291182,10.129351390776772,0.0759826776330405,0.026668370114323,0.3031760228964362,1.7925853735594353,0.6330332426705559,0.4203923061057146,0.6290951038160442,0.923704615509342,C2/m,monoclinic,2.197244340806421,28.236425399780273,10.899154663085938,0.5948949109348677,1.0641093595434437,True
de7281ffad,ErAuBr2,8,290.158547199644,5.997949901171493,1048.067138,27.791027153542508,11.132941276435975,0.0604292983039447,0.0220711681573571,0.3232979081014192,1.926934054266856,0.6824505698289581,0.4772725376421013,0.6737897054277222,0.941445665127256,Pm,monoclinic,1.97255360590898,18.185211181640625,8.197779655456543,0.48929911464325226,1.3947512869025576,True
9daac5bf43,Rb3Cu2P2Au,8,219.6283445134519,4.85705095913179,642.4094929999999,27.22359679574791,10.859440512495306,0.0378502907791063,0.0335571564383413,0.3239584986403735,1.9316121151492327,0.6627851978444085,0.4634755551652103,0.6604267675561791,0.9457863431265002,C2/m,monoclinic,2.0406391072542447,26.594818115234375,10.1708345413208,0.5738903949273093,1.1548985724501608,True
4809ac6683,Rb3Cu(AgP)2,8,230.6987265435152,4.30168600520357,597.633324,24.2958324043684,10.809728540557929,0.0185976396935205,0.0160679741054019,0.3062708451226385,1.812272461326326,0.7992901871052139,0.6705769723289736,0.7974323751269988,0.9506070756424204,C2/m,monoclinic,1.417595764347346,25.377910614013672,9.163542747497559,0.4978649621263505,1.6054357062836777,True
09880933a7,Rb3ReO4,8,179.17863011067334,4.69499279075754,506.608,25.13327503853318,9.356809942691331,0.0631053262593551,0.0705367814982036,0.3344057087166761,2.00806877363774,0.4673558394196682,0.2229408013390296,0.4619370214933814,0.951888525800707,I-42m,tetragonal,4.269691864761692,25.897165298461914,10.548142433166504,0.6167611693660698,1.3196821722221839,True
1f66734223,K3CuAgP2Au,8,210.0344424866271,4.329526606480819,547.623193,29.14118328578052,11.856417114498944,0.0146135450947237,0.0165636905680341,0.3208639042275992,1.909851579714236,0.8060591857361221,0.6713736982194516,0.7999894447247262,0.9541720445369956,P-1,triclinic,1.4212234513618165,27.193592071533203,9.75911808013916,0.52508031153436,1.5351159966000278,True
045269ad3b,Cs2Ni2PdSe4,9,258.15204895287485,5.181031841303144,805.4577038,20.64552505016774,8.381175126480827,0.0847382905554676,0.0827072638442708,0.3212149472899711,1.9123004361852096,0.4159792748072387,0.1683020349366243,0.4205408632755786,0.9660558867813276,C2/m,monoclinic,5.7400131088439,16.226667404174805,7.077875137329102,0.3486744533095931,1.1930305500124627,True
8871a9f1c7,Rb4Cu2SbAs,8,276.6082790292051,3.996009086578119,665.6448,18.11338337194537,8.765853410373193,0.0514886712050083,0.0279226742674486,0.2916397904979227,1.722062967450828,0.702792012760079,0.497347383337488,0.7037424664690679,0.9862189888477731,Amm2,orthorhombic,1.982958032732925,21.892353057861328,9.040628433227539,0.6222424535777887,1.1294504396463854,True
77e5bac279,K2Cd(IF)2,7,208.9342497433533,3.834058848894499,482.4133464,22.906887313500885,9.442279120964734,0.066165839789252,0.0232261414417461,0.3187962416830122,1.8955279710038284,0.704333282149617,0.4968843956286207,0.706214844774439,0.9957994507616628,C2/m,monoclinic,2.0040867846168773,17.425952911376953,8.91984748840332,0.812272745052621,1.1532505500429768,True
55e74d203d,K3Ag2As2Au,8,231.7762274308554,4.870657652185735,679.8410690000001,24.97374692817344,11.672940610184092,0.0093491487924554,0.0117198641726315,0.2977992212263477,1.7591674696003037,0.8893005773904431,0.7861991222696056,0.889761875602747,0.999207302195438,C2/m,monoclinic,1.270934136012412,21.788644790649414,9.311575889587402,0.5762182953593838,1.5433397109263802,True
d28a038d70,K3InI4,8,360.1126434690479,3.411021198366348,739.7307800000001,13.570363656666965,6.531438456118094,0.0243335581198294,0.0645054212167281,0.2926199591091205,1.727885759975917,0.5311722233664058,0.2841853227815962,0.5298752079477989,1.007891862372481,Pm,monoclinic,3.546600691785452,10.420769691467285,7.007655143737793,0.8224810939081348,1.548426400566474,True
c3b3e9a64e,NaAg(HgO2)2,8,124.4387605883574,7.9536339366917,596.03556928,53.656463653573006,14.214210938352585,0.1055295512015624,0.083735693494166,0.3782915970650454,2.3897551181679835,0.4088939913101401,0.1622648681662479,0.4105762749150876,1.0225426210709203,P-1,triclinic,6.301688299054838,45.07765197753906,19.36870002746582,1.1058187965863377,2.7044143961205593,False
4c3992ab8b,Rb3Cu3AsP,8,216.103381915924,4.248767824930841,552.9367619999999,25.73812465037761,10.671561828082275,0.0423670834185769,0.0323078365058011,0.3178622938903824,1.8891137794531483,0.715859508569852,0.5002374825188837,0.7199922816326312,1.022954549909654,R3m,trigonal,2.0449378258476223,28.45486068725586,11.338255882263184,0.751073742820688,1.049191543632894,True
39b7b87056,Er2AsBr5,8,333.13291498688415,4.0323515346142935,808.9595999999999,13.878714538676878,7.783820526057007,0.0626411563599888,0.0270194965280948,0.2637446527578095,1.5682248786779796,0.7239420039457052,0.5132641815017007,0.7266550514526197,1.02363786204141,P1,triclinic,1.9943683953290203,11.382813453674316,5.310211658477783,0.33775438115321554,2.1433978190716743,True
d3b2175275,Gd2BrCl5,8,295.4840267077056,3.212622758554251,571.669,10.78281339229205,6.150787935826068,0.0195045303618439,0.0662389126804376,0.260354106925716,1.5509662164138731,0.5566963134071764,0.2960541251950182,0.565708659501728,1.024787134699903,P1,triclinic,3.4614857469891698,8.431510925292969,3.9643466472625732,0.23645539144003475,2.35433969179914,True
ebe89027cc,Rb4LiAgAs2,8,274.938454291412,3.663205776789973,606.5236,16.842086174789127,8.76826990396295,0.0425425090923345,0.022314793423204,0.2781851849645482,1.6451043938622547,0.790153368612137,0.5861059805989425,0.7844798735428298,1.0255007025037377,C2/m,monoclinic,1.7496847608614694,17.705480575561523,8.833935737609863,0.7649086917935654,1.033003516745741,True
80db2bc5cb,CsK2Cu(AgAs)2,8,230.80375529355,4.60617734590462,640.2276519,22.0577521223996,9.959476635537907,0.0260694924852462,0.0378632358911951,0.3037740881734818,1.796363669914466,0.6939412955710592,0.468933224593356,0.6911749225104878,1.028196428019705,C2/m,monoclinic,2.192628660320079,23.504230499267578,7.318747520446777,0.29171586493660023,2.378826039241562,True
3bc26bf89a,CsRb4AgBi2,8,372.6390514462936,4.458858434491224,1000.6056519,10.449274123948408,6.358143741334306,0.0546889940941081,0.0672792444318031,0.247063486362497,1.4860033775941628,0.5716810190525186,0.2919899848097427,0.5820838566596735,1.047559355333051,R-3m,trigonal,3.5876550903471176,16.430540084838867,5.084178924560547,0.19999960656897775,2.8584107181998473,True
055fd62418,CsK2Cu2AgAs2,8,223.6411371647565,4.42460764064795,595.9054519,24.664771042315618,11.362382201152446,0.0291273084081557,0.0162227876589617,0.3003252909895875,1.774745329525366,0.8720465804053812,0.7182646720062767,0.8735640143150936,1.0531252651364724,C2/m,monoclinic,1.4662078008025283,24.587291717529297,8.695710182189941,0.4390026369231546,1.9864267479514683,True
7af53f2b98,NbAg(Te2Au)2,8,261.6471944980214,7.013545643493999,1105.107718,32.36090165797208,11.57517125481398,0.0526036454897347,0.0626777296655153,0.3402071024683796,2.0526387483234467,0.5713262299381057,0.296712966159526,0.5633749902216634,1.0566608851567991,P-42m,tetragonal,3.561222479871984,20.555103302001953,11.677817344665527,0.9427038886016533,1.650027320999739,True
8f544304b7,K4LiAgAsP,8,239.09369043762948,2.618996617841088,377.0977620000001,18.450510078931487,9.153438543165043,0.0323705923860507,0.0102348839085308,0.2871457335080011,1.6957506438385137,0.9054043366524268,0.769231375311834,0.907692699037356,1.060144910656356,Cm,monoclinic,1.3781872979720704,21.672935485839844,10.13802719116211,0.9926365659280596,1.096346158002908,True
1139527f20,TaAg3Te3Se,8,268.9260138492268,5.966695459683546,966.31248,29.25839234498765,10.531192403120896,0.0504803832131712,0.0678640095878927,0.3393106296674844,2.04564828244,0.5462198666503478,0.2798171701365953,0.5416602073230801,1.0624566009471388,R3m,trigonal,3.796967142611338,21.46780014038086,13.373038291931152,1.3832117595516038,2.532335134630027,False
ab12c3e3c5,Cs2VFeSe4,8,274.47112198274084,4.1650181529393775,688.4374038000001,12.74615233472668,6.324994613609636,0.0691590080881229,0.0910438877798412,0.2871015018812622,1.6954947678206371,0.4319170456537821,0.1745478527891223,0.4320709026465446,1.0653492093188226,C2,monoclinic,6.103479316963643,14.31142520904541,7.343809604644775,0.5593415951329401,1.2950208859811927,True
639f58958e,CsK2Li(AgAs)2,8,240.4750223192188,4.030057698467233,583.6226519,18.190900463382764,9.587182681873754,0.0187108936424159,0.0271659581837352,0.2758603490201504,1.632343556654276,0.8340306351284765,0.6396749158019788,0.8306498692455858,1.0895182693366738,C2/m,monoclinic,1.7032374451805938,21.084766387939453,8.292366027832031,0.492801932641675,1.692425658027837,True
8175bee583,Rb2H2SeO,6,143.95019406423845,3.090488943906595,267.91088,17.626313923562982,8.256158994690571,0.0396464267219687,0.0378418868351876,0.2974283457949416,1.7568982855461444,0.7571416248071919,0.510341167358621,0.7504959716912157,1.1028229490105488,P1,triclinic,2.160952358044018,13.959616661071777,6.92937707901001,0.618445218616117,1.2242662761649823,True
ed99e65d29,Er2Pd(SeBr2)2,9,278.2941318893831,5.480395689383246,918.474,23.02103896309363,11.425519375524985,0.054608206880486,0.0241082982212763,0.2870720655906891,1.6953245145510851,0.81648613561694,0.5916139726462961,0.8179889892934508,1.107844455971095,C2/m,monoclinic,1.8725799375827683,14.006821632385254,7.471946716308594,0.46491653973159847,1.7561993730924406,True
c19de2f1bb,MnVCl4,6,150.96893239006852,2.724411446793232,247.691545,9.343028082352433,6.091709106392753,0.0121332872318967,0.0462580531228717,0.2321995545374618,1.4180584906631806,0.7230140293969445,0.463616976965758,0.7238609148364067,1.10802845803453,P2/m,monoclinic,2.389965236575811,6.64702033996582,5.674027442932129,0.8269918305355246,1.1438115955029344,True
f1af70f3ba,Zn3PBrCl2,7,183.24932339271345,3.4253967608274354,378.01076200000006,19.509149676356643,9.465763697179105,0.0341957569429524,0.0271260749726338,0.2911755456690281,1.7193156821371924,0.8509010347266758,0.6341154512609832,0.848951152740853,1.1248291333623937,Pm,monoclinic,1.773855425105305,21.370132446289062,13.559762001037598,1.907971395010829,2.2422953047926457,False
2103477c87,Gd2ICl5,8,311.88105762316854,3.2939635177340545,618.66947,10.601648457478689,6.445417149598175,0.0483424161283407,0.0560458639421675,0.2472409387276287,1.486843624086064,0.639241351924087,0.3714693960551323,0.6381563925498028,1.129669766851073,P1,triclinic,3.0410843500103866,8.119575500488281,4.648900032043457,0.3691826864408817,1.7315041452423328,True
e4f9941a4e,K3RbLiAgAs2,8,254.67874080734308,3.0476082632287373,467.41510000000005,16.598102460188013,8.91186453612081,0.0267079818535228,0.023424869298019,0.2722931615579935,1.613056081451772,0.8928321245870734,0.6984949193643395,0.8915028896392727,1.140572896191703,P1,triclinic,1.632900776471894,20.55339813232422,8.600878715515137,0.6524321672316578,1.3684673586458183,True
5516ca1e85,Rb2Hg(BrF)2,7,200.8987772324469,4.7058294528963,569.3304064,22.16106315642645,9.098128143773089,0.0370669287149608,0.0686094660133207,0.3194369634368105,1.8999482923892903,0.5909372301993917,0.2914598207169537,0.5829581021788937,1.1437025058448966,I4/mmm,tetragonal,3.924048615111117,19.008136749267578,8.119551658630371,0.5198839494210541,1.1366714261085824,True
863fc75f1b,CsK2Cu3AsP,8,205.25484447495708,4.1068382074225385,507.63541390000006,26.55740724928319,11.043101873832502,0.0424153064513189,0.0409670440870167,0.3173996172925563,1.8859489030719447,0.7557749545977084,0.4940565000713333,0.7551615165342889,1.1604236138987674,R3m,trigonal,2.348767021041565,28.119369506835938,8.623006820678711,0.3735727805041822,2.0230996315569287,True
fa02cd6824,RbCu(AuSe)2,6,183.5408912687681,6.340913594884401,700.866938,10.1005462293856,7.288851408238443,0.0855672615118662,0.0422330773370825,0.2091477901905269,1.3214184729420513,0.7273190863992021,0.4421968875150814,0.7236429739246283,1.163013752665338,C2/m,monoclinic,2.630081272622419,13.096104621887207,6.451484680175781,0.4172940385395889,1.7429414734622453,True
e0994c37f9,NbAg2Te4Au,8,267.9984661177384,6.295271920180615,1016.009349,33.03028457218941,10.96537192213692,0.0325626723996789,0.0800027483353358,0.3505485919787818,2.1361457950676,0.5162941122674175,0.2430431448205512,0.5234928491750046,1.1666271210435286,P-42m,tetragonal,4.800082396501648,26.217405319213867,15.21998119354248,1.5246786521389581,2.9531203550685508,False
9929ca07be,CsK2Cu(AgP)2,8,218.56254162646164,4.196367859608962,552.3319759,24.91859064244757,11.715726280937798,0.0303295901135924,0.0183082807783151,0.2967701521826548,1.7528823622352696,0.9505270634300136,0.7696998792048966,0.9482523195635442,1.1736988622751654,C2/m,monoclinic,1.5248785844784094,26.93755340576172,7.8444108963012695,0.30921512496436837,3.073999253883668,True
46146298a1,CsK2Ag3AsP,8,237.73500441410832,4.474497452873435,640.6020139,21.69406137538688,10.58917414896708,0.034497810813337,0.0332992646943176,0.2900954656357554,1.7129502496525968,0.8459009509542725,0.5841285158263937,0.8461669534071237,1.1917600470774128,R3m,trigonal,2.04023603502968,25.342796325683594,7.3314313888549805,0.2762244837395496,3.062367750687399,True
0ee58daf7a,Cs2Hg(ClF)2,7,204.3296061798123,4.675359117763103,575.3037102000001,17.705548300130484,8.80694756913916,0.0552883933730227,0.0512346013048636,0.2866657791178877,1.6929773341025744,0.6954872011833663,0.4081596044927086,0.6929245663459924,1.196250975432127,I4/mmm,tetragonal,2.930841176502309,16.979713439941406,8.100457191467285,0.5874535689658715,1.1839015675871585,True
b9d06f4526,K4NaSb2Au,8,296.6713711922446,3.469554820240265,619.8695382799999,16.245409827312862,8.080103796605515,0.0155035819940465,0.0548524624877641,0.2866783194985713,1.6930497067708552,0.7029198236458354,0.3988731414470584,0.7135670916376926,1.1966623123969446,C2/m,monoclinic,3.000107523047588,16.70758819580078,7.34820032119751,0.53582012620718,1.311857821805754,True
1f5c00f236,TaAg2Te4Au,8,271.801424643476,6.745069755405345,1104.050849,29.99741847406719,10.761543789582367,0.0561253000496893,0.0793230412126874,0.3397845459857797,2.0493389837214764,0.5306411994691864,0.2413787111239507,0.5423760238435611,1.2005819390416537,P-42m,tetragonal,4.9738518092639135,19.959592819213867,14.84927749633789,1.8018462848229184,3.3956019371005306,False
8f3701b860,Ta2RuSe6,9,203.8673989892538,7.629810990161162,936.72576,22.845361100827304,13.490893847439391,0.0262955825961427,0.0223296175840459,0.2532965193368885,1.515949479458944,0.9537174689486604,0.7559985565720929,0.9524424919169188,1.2011998290406891,Cm,monoclinic,1.5888916964170705,19.747459411621094,11.692875862121582,0.7715878186156107,1.2360452639854116,True
b52c3705f5,Cs2Te(OF2)2,9,189.0866464945939,4.403271261803082,501.4033166,23.98186377479653,10.815774330108134,0.0765609610805967,0.0551235233236908,0.3039705922339317,1.7976078101663655,0.6672588542316138,0.3619427425309266,0.6577134949939079,1.2026028153717463,C2/m,monoclinic,3.32263276495726,22.718795776367188,7.906653881072998,0.3150778718291801,2.1177585412706135,True
801c8bda45,K3ReO4,8,156.46169181111577,3.900298344563921,367.4995,28.540615183358607,12.829768759655494,0.0509145460523153,0.0116378361517348,0.3045267893836756,1.8011366204283887,0.964069013668834,0.7648537887188033,0.9652899911117572,1.2066825129288832,C2,monoclinic,1.5776642944400936,28.94615936279297,12.80935001373291,0.945888413962406,1.0192206601096507,True
0ab69c328b,TaAg(Te2Au)2,8,263.36192153157094,7.522996794746721,1193.149218,28.70224730761845,11.679877410982543,0.0771869416682049,0.056994003930596,0.3208362633269673,1.9096589695000687,0.644844739515009,0.3363998074103597,0.6387035577989535,1.211309300936349,P-42m,tetragonal,3.60080259932707,18.40222930908203,12.504910469055176,1.201079734734287,1.8625874743703812,False
0af99d013d,Rb4NaAgBi2,8,351.45933061364343,4.208240793329444,890.68996928,14.487301430500365,7.487324678862915,0.1015518360852392,0.0565697834451529,0.279565123059523,1.6527512537616107,0.626628245800912,0.3267999028034173,0.6346235200038576,1.217534209950598,C2/m,monoclinic,3.725625985522375,15.875662803649902,6.704313278198242,0.429596255489008,1.4586445710231417,True
86e0df8e39,CsCuMoS4,7,203.35620784415823,3.4348996653850508,420.6514519,21.856253931827133,9.007299264111278,0.09171019536527,0.0490474990413618,0.3188299475166634,1.895760100801668,0.6869274896889223,0.3775092914293469,0.6831550131705999,1.2197718681179457,I-4,tetragonal,3.231104229248442,23.083478927612305,12.58326530456543,1.5190946775741252,2.211433812704239,False
ea1ef1cad3,K2RbCu(AgP)2,8,212.08419354056505,3.953131710013993,504.894324,28.094158471665217,12.099852690066566,0.0324526389223687,0.0264605381605057,0.3116897631346323,1.847570574427896,0.9274582210835536,0.6942934704819468,0.9292266100705764,1.2406741672045385,C2/m,monoclinic,1.7869592902023397,28.661090850830078,7.0693039894104,0.22458590774831874,4.129636762974932,True
76149ff4ec,FePb2(BrO)2,7,160.96815805876523,6.829691616073913,662.0518,48.63300814836816,15.51726477266477,0.0432797006048257,0.0478722643658094,0.3558020552213583,2.1806953980991977,0.7700989574657394,0.4647791518167485,0.7779392724239534,1.2522006641001813,C2/m,monoclinic,2.6941842361162847,29.805828094482422,14.906896591186523,1.176943516394365,1.5283016617338108,False
953d09d290,K4LiSb2Au,8,281.1903252345104,3.565798278136352,603.8207689999999,17.15621545373999,8.480962453392037,0.0501103732399663,0.0530302231861411,0.2877977199246153,1.6995292580700707,0.7277706794803296,0.4304158640500726,0.7197819690064235,1.2538752231497787,C2/m,monoclinic,2.913171488037692,15.586604118347168,8.783595085144043,0.8763064261389015,1.2040969097087493,True
568c80f9cb,Rb3IrO4,8,167.71166593607853,5.075509873928903,512.6179999999999,23.02755902321739,12.067182239162044,0.0715180566022674,0.0181385602618367,0.2769463371481528,1.6382855094136053,0.9252908817744716,0.6694078984553686,0.9320793190223308,1.263059212397127,I4/mmm,tetragonal,1.886830459143945,27.511781692504883,15.058867454528809,1.348040411758518,1.456882844423281,False
35b68ec966,Rb2HfCuAgTe4,9,309.5848401628483,5.531323744484644,1031.2397999999998,15.20613341636148,8.892805295450332,0.0904917124102586,0.0567489495050587,0.2552942040095299,1.525739224134419,0.6824755860002927,0.3619200410431015,0.6887883506064978,1.2642577203290122,C222,orthorhombic,3.4931962228045013,19.42718505859375,8.838639259338379,0.523177323331239,1.3044823534299044,True
acd98d9d95,K2Ti(Te2Au)2,9,295.1644047811448,5.796817001716002,1030.396738,19.2182912726986,9.996841124504224,0.0817569615557832,0.0534550749864521,0.278346170537151,1.645993687274734,0.6953710025570787,0.3779732337131484,0.6876390728588274,1.2663767804374022,C222,orthorhombic,3.3504403684798523,16.84881591796875,9.544581413269043,0.7069548217444833,1.016658473167284,True
aae81fd339,VAg2Te4Au,8,265.97149465598994,6.081249036600505,974.044469,33.65939032929903,10.955299473457076,0.0345135863792477,0.0896800914567421,0.3531900320569511,2.158358682365113,0.5119388500589662,0.2134348285910349,0.517564409783694,1.2781329194608146,P-42m,tetragonal,5.988399025118159,26.09817886352539,10.626466751098633,0.6248617469062047,1.220578877407393,True
d88ee0f6bc,K3Cu(AgP)2,8,208.0855918776193,3.659063452934624,458.524824,26.666497957717304,11.822957555981484,0.0108100412567905,0.0315298291280968,0.3068616546612319,1.816069275101554,0.9542350367714778,0.7018950468344801,0.9535840439079704,1.2873826053338746,C2/m,monoclinic,1.8341525718694285,28.988250732421875,9.756599426269531,0.5303771875110596,1.7991630470561668,True
6d5ddc5b7b,In3HgAsSe4,9,278.6763547038572,5.576152168939697,935.8056,29.625251404547587,12.896798010947933,0.0471788949823738,0.0395543696695532,0.3099173441800781,1.835907262626017,0.8462424222594946,0.549968281061769,0.8537907810425528,1.309929337476832,P1,triclinic,2.381827066368049,31.186038970947266,12.580147743225098,0.7512522047683318,1.1264425140961225,True
89d8976c21,KRb(Te2Au)2,8,294.09652457728873,5.809410312266424,1028.899238,18.34539703071096,8.388561978502421,0.1334133694200015,0.0809811138719786,0.3016099021506589,1.7827500113254078,0.5247816973773607,0.2008116381606516,0.5302100008929529,1.3169867032991458,P4/m,tetragonal,6.558318608234955,19.928661346435547,6.0093536376953125,0.20220434786206107,2.595303725790081,True
a07e2bf627,Er2RhBr5,8,291.2951322729915,4.7710285076998655,836.9435,24.0166086460056,10.370645305849411,0.0312745311121122,0.0569720752558766,0.3112608709461632,1.8447376023903657,0.7466989533766933,0.412851852006759,0.7395766468820286,1.3198671146730574,P1,triclinic,3.196950935929068,12.794508934020996,4.176864147186279,0.14072135566678756,5.306223421729912,True
31090ae2c2,NbAg3Te3Se,8,268.2694759896983,5.436336989172256,878.27098,31.14540463266283,10.856268408147502,0.0258747716531155,0.0836436163837346,0.3438583275406115,2.0815111703416083,0.577724316749183,0.2600838617938369,0.5802426640378604,1.3434000585868575,R3m,trigonal,5.165257272485991,22.18783950805664,11.46976375579834,0.9555426245819618,1.65397681364485,True
3670d609fd,CsNaNi3S4,9,213.2958433957645,3.582999488425177,460.23542118,26.93331835548372,12.533895773191611,0.0063460943067356,0.0321253357268119,0.298563506266454,1.7638581326694087,0.9928900591574344,0.7298989393761058,0.992572508252226,1.3527155612973842,Fmm2,orthorhombic,1.8532915837001245,24.928253173828125,11.257956504821777,0.8188971349308103,1.212472259096773,True
01be320754,K4HgP2Pd,8,231.7932496257628,3.76354964389976,525.350724,22.57892290474265,9.21446338709194,0.0444254594067974,0.0810355812558829,0.3203837066255262,1.9065097896654468,0.6141259002127379,0.27129261029917,0.6103768487246037,1.360188079543195,C2/m,monoclinic,5.013730665362529,21.2818546295166,10.353503227233887,0.8811851441147206,1.4348607407853524,True
89fc3780f4,CsMgAgTe2,5,172.271895513547,5.014996936264861,520.2786519,19.1841803580945,9.52546721107754,0.0262500791781826,0.0316504314496939,0.2869912780380729,1.6948573921090182,0.9971857909695424,0.7190428926257553,1.0052206763235336,1.3630492571861543,I-4m2,tetragonal,1.8956438776672384,22.349895477294922,10.128454208374023,0.993752528068126,1.003454846960833,True
00b4c5137e,CsCu2AuSe2,6,184.0725641373465,5.546937124194234,614.8840209,14.971379370128137,8.922282520910922,0.0514762244881265,0.0454729418344169,0.2514057653828023,1.5067705164558285,0.8800306149793024,0.5469474705470085,0.8843989626369885,1.3861259207863623,C2/m,monoclinic,2.534294416610212,15.655458450317383,7.040904521942139,0.46283894113055474,1.9013754824295754,True
47efeae168,Cs2MgCdSb2,6,226.4014444191469,4.738424380935505,646.0469038,19.78623283353325,9.771101489663035,0.092001612534668,0.0096353175837773,0.287983586867617,1.7006088409747446,0.967408133734824,0.6648032811565,0.969577351680322,1.401577200416551,P-4m2,tetragonal,2.108258548270625,22.282386779785156,12.320959091186523,1.5371208356077362,1.5889062558048286,False
fddc1971c1,K2Rb2LiAgAs2,8,261.57488473106326,3.2616258330252363,513.7846,15.067802600636911,8.909870279851122,0.0822818178083329,0.02939084262996,0.2530217001530886,1.5146101144590594,0.9583153706700724,0.6175999126985521,0.956808846656548,1.4278527079516736,P-1,triclinic,2.31193800159846,19.73663330078125,8.041905403137207,0.5590320183184881,1.7142405788358748,True
0a6bece5b8,KLi2PSe4,8,205.681459012274,3.227678676830117,399.794062,23.72309475322256,9.386593988331374,0.0908685404835435,0.0754314615637951,0.3252158465810434,1.9405662084055448,0.6336506966342041,0.2813162405062359,0.6380147307310392,1.429161623214091,I-42m,tetragonal,5.080267035569213,18.484935760498047,11.524759292602539,1.3770762789349724,2.173241955307019,False
fe6f83c2bd,BaNa(AgTe2)2,8,243.7026154807268,6.040108012192452,886.45316928,30.80218030425589,13.6520514908816,0.0445515498982164,0.039415075767356,0.3069173202074499,1.816427650349616,0.971059488760847,0.6334890179062057,0.9639257922421932,1.45536667715111,I4mm,tetragonal,2.297382647549845,30.470722198486328,10.386542320251465,0.48468059383742595,2.003503959324117,True
0d392955a3,Nb2I3BrO2,8,232.30843707796257,4.849405490141894,678.4289699999999,13.017284324000943,9.276549031788944,0.0216257165428547,0.0484083908325905,0.2120777230210989,1.333157944076756,0.957768116596644,0.6077168291248723,0.9500104928011152,1.47569090021917,P1,triclinic,2.428254130043104,11.798924446105957,7.8937506675720215,0.7091589277169904,1.350569074382249,True
a107021b4a,RbNa2As2Au3,8,209.97318578515203,6.897575863640219,872.19024556,29.36241656608117,13.140185043658237,0.093341516092588,0.0535466390363872,0.3052871969368542,1.805978626722708,0.824911429899984,0.4368251404329059,0.8252441969254583,1.5107396100252362,R-3m,trigonal,3.458453898802736,25.444669723510742,8.573270797729492,0.31953829860716076,2.5815729554037814,True
73a5936444,RbCuWSe4,7,218.4924571530647,4.930062175608918,648.6938,21.58067972119533,9.519190219684804,0.0993318605747067,0.0759868068397691,0.3077222064849918,1.82162193814484,0.6861483963250357,0.3056897183036385,0.665647389345914,1.5509574711737504,I-4,tetragonal,5.073633093649555,21.9881591796875,9.207807540893555,0.6175131290873205,1.1111478671541082,True
2327e650bb,LiPbF5,7,106.20044395817456,4.833571606943917,309.133016,51.72171963891795,15.515166486227509,0.0938345278640736,0.06581094713651,0.3636471445997445,2.2500978407235794,0.7441179524444614,0.3444597876113094,0.7467877307191009,1.5674866153509937,I-4,tetragonal,4.550564889506799,20.08017349243164,13.34235668182373,1.365416608732497,1.8349464681601098,False
58b21591dd,Cs5AgSb2,8,383.8657256223661,4.3946807402105605,1015.9154595,5.4651793587031365,4.870059560852182,0.0499010017462805,0.1231882326727442,0.156483233342977,1.1333994381284014,0.5492905488044456,0.1715329472546752,0.5661965249381197,1.5718213793594271,R-3m,trigonal,9.163378840717648,14.140246391296387,7.929581165313721,0.7474391823125147,1.3607355596038346,True
5631353e62,K4ZnP2Pd,8,220.17709951739417,2.9425951728487965,390.169724,23.2043046327417,9.789006802288911,0.0417499744305588,0.0683072162974716,0.3150736144177641,1.8701643931899807,0.7747046607317707,0.3927828346843173,0.7900383916944018,1.5731080347800088,,,4.005032541822578,,,,1.0,False
7b2a583a1e,Rb2Te(OF2)2,9,164.83534285889078,4.095333174043256,406.5280128,24.035291917083857,12.181411411310409,0.0264704695820391,0.0630506256679849,0.2832162152552755,1.6732490606440258,0.8922868960159436,0.4990617428157888,0.8885584864924305,1.614254341338151,C2/m,monoclinic,3.234578415548868,35.073970794677734,9.59460163116455,0.3196480147649813,2.7914670349884405,True
ea02b909e9,SnBiSbSe4,7,204.2989355354321,6.220270335422363,765.2904,15.406060856528626,10.185078312963851,0.0300973479231306,0.0505703749537674,0.2291359182005657,1.4046280432971636,0.9936751492027376,0.6074899437608932,0.9894993476914844,1.6206341342220123,R3m,trigonal,2.667754669631026,20.491600036621094,9.11870002746582,0.5652933695791151,1.7578043590756616,True
a95e772bb7,Rb5Sb2Au,8,342.7556889498277,4.204330690316186,867.8255690000001,9.721848331268372,7.521585125035314,0.0198866206191935,0.0651888382834383,0.1924704207986281,1.2573596176576165,0.9203407239570652,0.5247804511677775,0.9327799358505676,1.624513317796921,R-3m,trigonal,3.095605627423702,15.682713508605957,8.034600257873535,0.6849381000935622,1.3436845224865535,True
b47a7152c8,KTe2Au,8,282.64306930398124,5.772400576962421,982.529738,20.30525674628957,10.47436044933019,0.1205438511708301,0.0625742345950734,0.279919990024721,1.6547265527115118,0.8216725806990706,0.3800876548627702,0.8191497486559122,1.6525272071681938,P4/mbm,tetragonal,4.347752909167321,20.855308532714844,7.607773303985596,0.3518026080933527,2.3356068482614414,True
52091d3663,GdH6Ir,8,68.67464091884789,8.596272822025158,355.51464,46.57510496110048,16.92394316951565,0.0430135054930883,0.1078678145463106,0.337944238805688,2.0350668609863205,0.5943190593289536,0.2117487329234013,0.58793001513636,1.6576401072662423,R-3m,trigonal,7.828335425581426,92.36029815673828,30.292236328125,1.2714070692738917,2.1392668623305453,False
4a690634b6,Cs4LiAgBi2,8,371.82810369440017,4.753444302883655,1064.3918076,8.37369556040277,5.68802414200525,0.0844726933887412,0.131151117982021,0.2230677554452727,1.3785738924355215,0.5198279815212653,0.14064207029713,0.4989553526516671,1.674748669719018,C2/m,monoclinic,11.90787839073209,14.038809776306152,8.30346393585205,0.8032006495559113,1.5451277693927943,True
d27f5bfdf5,Rb4LiAgBi2,8,334.2210547482966,4.3455547256915406,874.6412,10.960382175376951,7.103839164807171,0.0512674797428276,0.091821876820303,0.2335060007380289,1.4238435039958666,0.7007345000503767,0.2885942970949299,0.6885712849689408,1.6857433931015453,C2/m,monoclinic,5.8412221241746805,14.830106735229492,6.353815078735352,0.3895263136581624,1.7989400856377626,True
8b73a21f72,Cs2CoCuO4,8,182.0217099140831,4.126108883406401,452.2876988,22.98068941749071,11.661313385745512,0.0878116362044156,0.05241331097994,0.2829871436768038,1.6719515465394037,0.9694266015461156,0.5212671014310023,0.9525314838043024,1.6901537492400445,Amm2,orthorhombic,3.2423948194700376,31.757047653198242,9.969520568847656,0.4568420822947468,2.122016861223958,True
d5c92e6693,KRb(AuSe2)2,8,242.4692519247744,5.713932345787812,834.339238,17.894789522419646,8.879828342146313,0.0372333455590586,0.1108697012590649,0.2871027972674717,1.6955022606667018,0.5885834088743416,0.1972249872709204,0.5742791779603404,1.707357492463985,P4/m,tetragonal,8.656902535978636,23.30850601196289,8.646288871765137,0.41460284963150584,1.4196318462293918,True
3d26d1d90b,Rb2Os(OF2)2,9,174.23923408493758,4.4711813263108,469.1580128,23.35490380882296,10.143146003151823,0.0794826064286583,0.1218592322999118,0.3103088713212659,1.8384737031657263,0.562224369633318,0.1547375593376704,0.5741265786796494,1.7164352792592203,I4/mmm,tetragonal,11.092557531643576,15.537732124328613,9.440876960754395,0.7116654771552492,1.265803326204797,True
89d5e91ca8,Li2VCuSe4,8,211.76174650678448,3.483288373387996,444.20949999999993,19.048557182665327,9.238520730204224,0.1405669223346149,0.0702054943212161,0.2912487804742475,1.719748616096067,0.7467392848229635,0.3241041715516584,0.7673142927778254,1.732124417872969,P-42m,tetragonal,5.344344719725055,17.90037727355957,13.135682106018066,1.8960259348123198,2.539073507110087,False
f95c443a7a,RbBaH6Ir,9,138.0791313145318,5.063659104755624,421.05944,31.72196333232192,14.556703942535464,0.0877322980216439,0.0623191227680887,0.3009976329411006,1.7789278185331614,0.8910365301188145,0.4348421788143183,0.8944412643826135,1.7719471629916828,F-43m,cubic,4.074920164881983,25.09800148010254,15.056629180908203,1.2310225234907421,1.381562351126718,False
31b857e393,LiCd2InTe4,8,282.7566309108086,5.032774747804271,856.981,33.89615007057969,12.859881172239357,0.0213830585551971,0.0799171382130412,0.3316010235566203,1.9870748477773348,0.8644178026916577,0.4002312696163502,0.841141744446122,1.8385558584941013,I-42m,tetragonal,4.593733668677328,32.55363082885742,14.733770370483398,1.2814275995700166,1.482416946504176,False
4c752c6bf7,Na4AgSb2Au,8,212.47686112525585,5.004150344756316,640.3138461200001,29.22949993314129,12.7084248103852,0.0148646304674156,0.0744337782730054,0.3101272793995989,1.83728267645538,0.8968415942068096,0.4123607032507519,0.8705927779171082,1.8763601303913788,C2/m,monoclinic,4.550288414001432,25.53799057006836,12.880611419677734,1.0692753897946925,1.1922678393840418,False
eb86ccdf4b,LuH6Ir,8,64.14890975100391,9.661360144431532,373.23164,49.34015943264637,20.23490654609192,0.1918288618986849,0.0525177950790027,0.3196054179943553,1.901113165244648,0.8171711829129283,0.3073700204450588,0.7907385891232102,1.901389146359831,R-3m,trigonal,6.185994143497469,94.74588012695312,29.00379753112793,1.0176435653246312,1.2453248310801774,False
1268bfe16d,Cs4ZnAsP,7,322.8428038788269,3.6154944547724415,702.9261696,13.886974856172422,6.902834869399465,0.0578613709209866,0.1225837986954652,0.2867905527920271,1.6936976369310135,0.6387482657181967,0.1909200677560512,0.6478072894196385,2.055914285027169,R3m,trigonal,10.768455664147998,17.144329071044922,8.727126121520996,0.930548015366001,1.4568305940051518,True
0bba7c2e92,KMnRhF6,9,151.86960844922035,3.39972676405821,310.9322642,22.72966384149601,11.601178262016468,0.0300316104799794,0.0884506174308565,0.2819058733727874,1.6658478406785993,0.8921094198818538,0.3707065470955209,0.9047859175371128,2.065891192510688,P312,trigonal,5.5728478730599935,45.63007354736328,19.63910484313965,1.6434012312945636,1.8421520888235963,False
3705adfe61,Cs4NaAgAs2,8,325.37038820672865,4.145718505992619,812.32297688,9.332751975524191,5.931882024656624,0.1572454335073429,0.1484329600588551,0.2377604815584727,1.4429268270475522,0.5325535247115722,0.1208558383030592,0.5434979871769532,2.122179499338052,C2/m,monoclinic,17.55959438232893,15.152308464050293,10.25955581665039,1.2858612176203381,2.4145201523485413,False
44cc9d9400,NbIClO,8,209.27518949753195,4.304793374395921,542.5265,15.057897490349257,9.630557738917794,0.0515846904033893,0.0950813481441355,0.2364102865556606,1.4368296947004795,0.9387921906087464,0.3587700659685537,0.9330270216094524,2.2138291928234173,C2,monoclinic,6.170607313201709,11.780754089355469,7.2493696212768555,0.5908151380592804,1.5889778885701997,True
b7058e307d,Cs3GePPt3,8,276.3023426355211,6.536218911042363,1087.5821177,27.87648896818763,13.182489130205482,0.0527830088083093,0.0929911043267897,0.2957511189195803,1.746692915395266,0.9888919411582664,0.3744532551075577,0.9955550597121088,2.367929052930497,R3m,trigonal,6.323697339071961,40.73391342163086,14.303922653198242,0.811289598389662,1.2189136198974193,True
e7ec3eb84a,TaCu(AgSe2)2,8,225.69118321461923,5.709992751210883,776.0702799999999,32.789187799639336,14.090184555567728,0.0219391844754652,0.0890310834456326,0.312060287372058,1.850023524650119,0.9876649467039504,0.4095845844483997,0.9960096763399836,2.38621298662936,P-42m,tetragonal,5.825934562070854,24.127117156982422,12.802989959716797,1.0660603825799466,1.079374524870624,False
de403b5111,CuGeF6,8,101.79926525793626,4.080851832785903,250.1764192,32.02554006141953,13.353621016648232,0.0473371028582622,0.11379335845735,0.3169570741583419,1.8829295826750765,0.8003923203556341,0.2452839095366097,0.7978083771662499,2.3917006621450514,P-1,triclinic,9.75074421580874,19.968017578125,18.95859718322754,2.9608226754356126,3.6992142479828463,False
b7a4ca6a23,Li2SiHgTe4,8,249.68034756411663,5.007664232224989,752.9575,29.800932402235382,12.704398753125938,0.1365407424227292,0.0831646945343451,0.3133667470685848,1.858713622922256,0.9259517114928626,0.3428336873127687,0.9189372304042464,2.411231529587213,I-42m,tetragonal,7.033239785994064,26.575334548950195,16.607383728027344,2.0446679013355853,2.208179839139858,False
c9edccbfa0,K2NiAuO4,8,152.52915374772869,4.3313188011904105,397.854169,40.56554516101863,15.077534885017398,0.0606314259211575,0.095732458856961,0.3346449313736409,2.0098758447180427,0.9416222562573604,0.3495506138795745,0.932581981708004,2.435125596538529,Amm2,orthorhombic,6.9664463452422,34.962398529052734,14.284662246704102,0.9622868084262757,1.0219456921622159,True
38f8d5a52a,RbMnRhF6,9,164.3652285784101,3.609726606896678,357.3017642,22.907708921139825,10.88267734582283,0.0709596917743164,0.1278401847674642,0.2949393740645727,1.7417867881047784,0.7497643022923833,0.2028891074510394,0.7325857776213996,2.47013443118611,P312,trigonal,12.174800619999749,52.57979202270508,19.391592025756836,1.359400971144269,1.81310442093327,False
ea3922259e,HoH6Ir,8,68.47110392796728,8.808086712743918,363.19496,56.33557974050065,21.18295309446568,0.0907005056103126,0.1071492439717548,0.3329329562776161,1.997000774545292,0.8526579570296221,0.2895329556981791,0.8572321837907924,2.5034765892661865,R-3m,trigonal,8.646603227702728,105.99073028564453,38.87749099731445,2.0633338784861137,2.4198846225209527,False
3270d33809,VCu(AgS2)2,8,196.7327815842841,3.869870706294272,458.4839,34.36736249186233,12.684592823780704,0.0572241153560734,0.1139973967479975,0.3356729013520655,2.0176707861589813,0.8303726703628501,0.2652059836971226,0.8247828565076003,2.586676603067948,P-42m,tetragonal,9.753462448351284,30.43486213684082,16.66225242614746,1.8953977914535436,2.2825869144095345,False
0dc1615079,NbCu(AgSe2)2,8,223.099721339552,5.121022396941993,688.02878,33.59135739962216,13.715217525670871,0.0066362192967305,0.1091462029003801,0.3203078529179036,1.905982756188226,0.94442517410776,0.3320663665540767,0.9518836753132046,2.5980883597673565,P-42m,tetragonal,7.824003336225442,26.798816680908203,11.280694961547852,0.7279633228298604,1.2973526886443028,True
479896826c,NbCu(AgS2)2,8,204.11125590476743,4.071381303787958,500.44878,32.91380198907199,12.960419600111736,0.0460784788898625,0.1104689324286036,0.3259596089729987,1.945893956451554,0.9082593321722456,0.301258520635574,0.905122503690574,2.6082258357905954,P-42m,tetragonal,8.6577661945891,31.976585388183594,15.464375495910645,1.4732305827622707,1.622037374764768,False
132828b2fc,TaCu(AgS2)2,8,207.06418727564665,4.71936318142158,588.49028,34.06153632320669,13.481428319507987,0.0368646149378742,0.1133205890958298,0.3251678456942975,1.9402231637594989,0.9042975894655808,0.3004475533091741,0.9057407794848724,2.780675256923422,P-42m,tetragonal,9.255110338881614,30.14544677734375,16.134843826293945,1.6261330455580316,1.7982277786663559,False
e0c1138cc8,VCu(AgTe2)2,8,246.259424664831,5.668367129979939,840.6239,36.62401917025721,14.55128017493585,0.0360640845082388,0.1094705003854632,0.3245753516310708,1.93599675497936,0.9843958627154464,0.3371001425805824,0.97013188169896,2.975227496747035,P-42m,tetragonal,8.825945530520857,21.490169525146484,9.64310359954834,0.6050098207403537,1.6270741878385313,True
78a4012a48,Cs4NaAgBi2,8,387.80083413073214,4.626379398015647,1080.44057688,10.291110900698191,7.46911490561937,0.1382218960049937,0.1475160515367345,0.2077997609058468,1.3160676284807096,0.8544932909917896,0.1961892590590256,0.8366724780334898,3.048020493396365,C2/m,monoclinic,15.536123170123885,14.960348129272461,7.8730387687683105,0.6783075510559461,1.2597431499348175,True
3a6c6469fa,MoPbF6,8,148.75405075982025,4.656420140349353,417.1304192,27.00154017197116,12.945936816733106,0.1399988636598847,0.1250307158551907,0.2933071843699235,1.7319865246411676,0.9410334825189096,0.2344014904954947,0.9186826040852204,3.1710645718967743,R-3,trigonal,13.528346450329948,15.78565502166748,15.737190246582031,2.471565211601377,2.6264370583133974,False
b3802bf821,RbAlBiH,4,117.3749171568395,4.561625052239459,322.4376786,22.407307766379496,8.745103438534308,0.0714821886056641,0.201692318204594,0.3273243574070763,1.955730719672357,0.783390587299771,0.1064460119221704,0.7815568457074306,5.030422494487537,P3m1,trigonal,47.25797053031546,21.269248962402344,12.156387329101562,1.9121552607038008,2.440870865317276,False
a6f22ba0f3,CsNaHgS2,5,146.2889591330565,4.774441023375841,420.61522118,17.756724889523188,8.025979032183999,0.0352698021110786,0.2382027589686657,0.303593409677058,1.7952209155883485,0.6784531917903944,0.0621973866969184,0.6238351874525869,5.867134549393506,I-4m2,tetragonal,94.33088528274446,13.161727905273438,10.095929145812988,1.605707868124118,2.3667187177449307,False
