epoch,lr,train_loss,val_loss,train_n,train_mae_log_K,train_mae_log_G,train_mae_log_ratio,train_residual_corr,train_kappa_mae_total,train_kappa_mae_prefactor,train_kappa_mae_anharmonic,train_gamma_mae,val_n,val_mae_log_K,val_mae_log_G,val_mae_log_ratio,val_residual_corr,val_kappa_mae_total,val_kappa_mae_prefactor,val_kappa_mae_anharmonic,val_gamma_mae,val_select_score
0,0.00999938933078422,0.39374287207342684,0.2865341684771973,7691,0.266404390335083,0.2551625072956085,0.1421920359134674,0.8601037161187881,0.43520739674568176,0.3821354806423187,0.1478293091058731,0.34038954973220825,1648,0.20659537613391876,0.205281063914299,0.12756767868995667,0.6813778295935828,0.3706134557723999,0.3070054352283478,0.1330508440732956,0.3063609004020691,0.3706134557723999
1,0.009997557473810372,0.24828566090212176,0.23023754821240322,7691,0.1617000699043274,0.1471899300813675,0.1281248927116394,0.6341159671535663,0.2936697006225586,0.21988403797149658,0.1331518143415451,0.3065933883190155,1648,0.1568945348262787,0.13248689472675323,0.12497370690107346,0.5507869851944948,0.267448753118515,0.19798508286476135,0.130392923951149,0.30024081468582153,0.267448753118515
2,0.009994504881061753,0.2173118845854759,0.21525536795842995,7691,0.14030557870864868,0.13623584806919098,0.11668021976947784,0.6180077216394408,0.2758154571056366,0.20338371396064758,0.12099321186542511,0.2785971462726593,1648,0.1511218249797821,0.16325929760932922,0.10438704490661621,0.7236018690020385,0.30680760741233826,0.2439195066690445,0.10853506624698639,0.24991126358509064,0.30680760741233826
3,0.009990232305719946,0.19886864674306787,0.17753196572794497,7691,0.130723237991333,0.14282499253749847,0.1056293398141861,0.6628608742032142,0.2821042239665985,0.21320007741451263,0.10919678956270218,0.25143489241600037,1648,0.09945952892303467,0.12253990024328232,0.10253883898258209,0.5923523376134016,0.2613294720649719,0.18247680366039276,0.10638340562582016,0.2449568659067154,0.2613294720649719
4,0.009984740801978986,0.1825581875738343,0.17356311435838348,7691,0.11577271670103073,0.1316198855638504,0.10119373351335526,0.633628642375379,0.26693195104599,0.19633574783802032,0.10448555648326874,0.24058689177036285,1648,0.10435312986373901,0.12311084568500519,0.09884289652109146,0.6159649382992645,0.2568008601665497,0.18360601365566254,0.10260643810033798,0.2362600713968277,0.2568008601665497
5,0.009978031724785247,0.1726943077617621,0.17458908664948733,7691,0.10902829468250275,0.12458295375108719,0.0985284149646759,0.6144893915990675,0.25410306453704834,0.1858416497707367,0.1016981452703476,0.2341686487197876,1648,0.10405388474464417,0.12413967400789261,0.09681083261966705,0.6291718483337667,0.2536074221134186,0.1851406991481781,0.10040145367383957,0.23118287324905396,0.2536074221134186
6,0.009970106729503141,0.17102851736198366,0.1725931216790838,7691,0.1095915362238884,0.12631769478321075,0.09677612781524658,0.6309410086868427,0.2557585835456848,0.18846265971660614,0.09987473487854004,0.2299700826406479,1648,0.11790730804204941,0.12908755242824554,0.09615866094827652,0.6110078311276912,0.2586338520050049,0.19265151023864746,0.0997358188033104,0.22965021431446075,0.2586338520050049
7,0.009960967771506667,0.17180189334932375,0.20055398475197914,7691,0.11446124315261841,0.12748967111110687,0.09695151448249817,0.6355728076994781,0.25575146079063416,0.19026589393615723,0.10001134872436523,0.23028463125228882,1648,0.1046517938375473,0.13766004145145416,0.11296074092388153,0.6165877613142718,0.29335859417915344,0.2049807906150818,0.11785220354795456,0.2713647186756134,0.29335859417915344
8,0.00995061710569696,0.1751460679860655,0.18903785915050692,7691,0.11703790724277496,0.13196197152137756,0.09658104181289673,0.6606695121111298,0.26315000653266907,0.1969529539346695,0.09961842745542526,0.22937990725040436,1648,0.1346355527639389,0.16142724454402924,0.0979916900396347,0.6310154214173369,0.31023404002189636,0.24092620611190796,0.10175233334302902,0.23429341614246368,0.31023404002189636
9,0.009939057285945933,0.16233470182691,0.17105026977154816,7691,0.10346994549036026,0.12016668170690536,0.09478937089443207,0.6038125665340226,0.24657046794891357,0.17921806871891022,0.09773773699998856,0.2250494509935379,1648,0.10845939815044403,0.12704765796661377,0.09438049793243408,0.5812296532777125,0.25521373748779297,0.1896926313638687,0.09799788147211075,0.2256484478712082,0.25521373748779297
10,0.009926291164466132,0.15914034499735813,0.15937359848068755,7691,0.1043296828866005,0.11939803510904312,0.09338748455047607,0.613377419829235,0.24384652078151703,0.17811724543571472,0.09624706953763962,0.22161707282066345,1648,0.0942002460360527,0.11420974880456924,0.09238075464963913,0.5736792096323731,0.23914282023906708,0.17027531564235687,0.09577429294586182,0.2205284684896469,0.23914282023906708
11,0.009912321891107011,0.1626398489295762,0.16446495229758104,7691,0.10654978454113007,0.12258812040090561,0.09402428567409515,0.6192468638535169,0.2494252622127533,0.1828722208738327,0.09693180024623871,0.22319373488426208,1648,0.10368702560663223,0.12012878060340881,0.09206612408161163,0.5803897154907877,0.24238061904907227,0.1792794018983841,0.09532437473535538,0.21949248015880585,0.24238061904907227
12,0.009897152912577742,0.16196394984820717,0.16393320002023457,7691,0.11209426820278168,0.12286022305488586,0.09414049237966537,0.6227078588400307,0.24580015242099762,0.18338043987751007,0.0970226377248764,0.22340285778045654,1648,0.09919796884059906,0.11715222150087357,0.09677214175462723,0.5662124114531507,0.2466365098953247,0.17456267774105072,0.10063282400369644,0.23171564936637878,0.2466365098953247
13,0.009880787971596802,0.15280694944730522,0.1562118337860385,7691,0.09752225875854492,0.11381617933511734,0.09210681170225143,0.5783583475066315,0.2355855405330658,0.16973364353179932,0.0948682501912117,0.21844221651554108,1648,0.09229368716478348,0.11229441314935684,0.09477806091308594,0.5463043825040874,0.23630750179290771,0.16738741099834442,0.09830933809280396,0.2263656109571457,0.23630750179290771
14,0.0098632311059685,0.15190732893328754,0.16097002946636052,7691,0.09956483542919159,0.11444517225027084,0.09120576083660126,0.5874563300675025,0.23566627502441406,0.17068691551685333,0.09388746321201324,0.2161838710308075,1648,0.09911533445119858,0.11165321618318558,0.09438714385032654,0.547505556391907,0.233429953455925,0.16651137173175812,0.09785948693752289,0.22532980144023895,0.233429953455925
15,0.009844486647586725,0.1544997092574242,0.1533240254932237,7691,0.10040942579507828,0.11751523613929749,0.09156692028045654,0.5967372491211973,0.2407938688993454,0.17526589334011078,0.09431321173906326,0.21716420352458954,1648,0.08897972851991653,0.11498142033815384,0.0933200865983963,0.5361950534748978,0.24218019843101501,0.17134827375411987,0.09683329612016678,0.22296689450740814,0.24218019843101501
16,0.009824559221366103,0.14999155704275466,0.15501871922062438,7691,0.09879942238330841,0.11309179663658142,0.09006844460964203,0.5880860238745264,0.2322152853012085,0.1686638444662094,0.09272436052560806,0.21350574493408203,1648,0.10480864346027374,0.12401560693979263,0.09185303747653961,0.5507174145970603,0.24982474744319916,0.18505364656448364,0.09526382386684418,0.2193530946969986,0.24982474744319916
17,0.009803453744100871,0.15402360679951094,0.16863357499965187,7691,0.10162465274333954,0.11733010411262512,0.09185263514518738,0.6033128003344619,0.23911061882972717,0.17503458261489868,0.09459926933050156,0.2178228795528412,1648,0.09761368483304977,0.12666159868240356,0.09258124977350235,0.619737394544541,0.25753191113471985,0.18887151777744293,0.09605942666530609,0.22118504345417023,0.25753191113471985
18,0.009781175423251737,0.15108797700666138,0.14927408880400425,7691,0.0997420996427536,0.11546999216079712,0.08951212465763092,0.5996785863955398,0.23539479076862335,0.17224042117595673,0.09214524924755096,0.212172269821167,1648,0.08967656642198563,0.10217892378568649,0.09296973794698715,0.4925424827943847,0.22046342492103577,0.15230248868465424,0.09654682129621506,0.2223072350025177,0.22046342492103577
19,0.009757729755661014,0.14845643836257516,0.14993426550939246,7691,0.09592457115650177,0.11349493265151978,0.09000661224126816,0.574071958604995,0.23386059701442719,0.16926662623882294,0.09262273460626602,0.21327170729637146,1648,0.09038908779621124,0.11177933216094971,0.09077838808298111,0.5298734870789901,0.23466497659683228,0.16664499044418335,0.09421433508396149,0.21693654358386993,0.23466497659683228
20,0.009733122526196352,0.14480618845384183,0.14890263960199449,7691,0.09776249527931213,0.11129599809646606,0.08817650377750397,0.5887880618319874,0.2283981740474701,0.16600893437862396,0.0907127782702446,0.20887391269207,1648,0.10250594466924667,0.10601326823234558,0.09087038785219193,0.5055138432843,0.21932341158390045,0.15812645852565765,0.09413014352321625,0.21674269437789917,0.21932341158390045
21,0.00970735980632342,0.1428385586391235,0.1530687905920362,7691,0.0953231230378151,0.10908819735050201,0.08803416788578033,0.5794345442149478,0.22440510988235474,0.16271276772022247,0.09051566570997238,0.2084200382232666,1648,0.11128298938274384,0.12085182964801788,0.09034351259469986,0.5391349485864041,0.23966850340366364,0.18043658137321472,0.09359199553728104,0.21550352871418,0.23966850340366364
22,0.009680447952607849,0.14273337796650137,0.14687302158874216,7691,0.1000099778175354,0.1101405993103981,0.08732481300830841,0.6051518448698204,0.22355341911315918,0.1643577665090561,0.08972688764333725,0.2066037952899933,1648,0.09188772737979889,0.1142880916595459,0.08957764506340027,0.5156607812376245,0.2387741208076477,0.17028509080410004,0.09276524931192398,0.21359990537166595,0.2387741208076477
23,0.009652393605146848,0.140148565725331,0.14916895387820828,7691,0.09219030290842056,0.10697362571954727,0.08716925233602524,0.5595837863692199,0.2223285287618637,0.15950708091259003,0.08960024267435074,0.2063121646642685,1648,0.08367477357387543,0.10378017276525497,0.09283848851919174,0.49597737650815316,0.2253580391407013,0.15458615124225616,0.09641417860984802,0.222001850605011,0.2253580391407013
24,0.009623203685930873,0.13897143161555692,0.15707849197596022,7691,0.09545030444860458,0.10654905438423157,0.08680916577577591,0.5743323587929965,0.2189168781042099,0.15896303951740265,0.08921931684017181,0.20543508231639862,1648,0.10348713397979736,0.11033216863870621,0.09551011025905609,0.5470487039016665,0.22649666666984558,0.16474707424640656,0.09894300997257233,0.22782468795776367,0.22649666666984558
25,0.009592885397135709,0.13907011609101633,0.15197930911790977,7691,0.0906657949090004,0.10395287722349167,0.08739104121923447,0.5512484363837254,0.21722619235515594,0.15499259531497955,0.08982257544994354,0.2068241387605667,1648,0.10078039765357971,0.11484755575656891,0.09038256853818893,0.5351786446728027,0.23417790234088898,0.17136120796203613,0.09361911565065384,0.21556596457958221,0.23417790234088898
26,0.009561446219345456,0.14176701833768282,0.15046118026219527,7691,0.09879417717456818,0.10645026713609695,0.08876822888851166,0.5719868437382958,0.21876510977745056,0.15883846580982208,0.09126316756010056,0.21014121174812317,1648,0.09164924919605255,0.10770554840564728,0.0930669829249382,0.5307941287463884,0.22650469839572906,0.16064395010471344,0.09654521197080612,0.2223035991191864,0.22650469839572906
27,0.0095288939097068,0.1383339195354694,0.14364788066414955,7691,0.09605560451745987,0.1086115837097168,0.08608421683311462,0.5845897073858016,0.22203980386257172,0.16204550862312317,0.08843089640140533,0.20361967384815216,1648,0.07975874841213226,0.10176780819892883,0.08980178087949753,0.4831042930106378,0.22143128514289856,0.15156693756580353,0.09323564916849136,0.21468301117420197,0.22143128514289856
28,0.009495236500015049,0.13867379292727539,0.16423860597379,7691,0.09455107897520065,0.10600084066390991,0.08695869892835617,0.560041982836585,0.21939454972743988,0.15810686349868774,0.08941294997930527,0.20588092505931854,1648,0.10919331759214401,0.13792797923088074,0.09405288100242615,0.5015763607857129,0.2777573764324188,0.20568403601646423,0.0977344661951065,0.2250419557094574,0.2777573764324188
29,0.009460482294732422,0.13367984158221496,0.15389108021282455,7691,0.09293267875909805,0.1050964742898941,0.08459021896123886,0.5759975068760008,0.21575967967510223,0.15678367018699646,0.08687028288841248,0.20002621412277222,1648,0.09926006942987442,0.10098729282617569,0.09543370455503464,0.49928055830618745,0.21494996547698975,0.1505812704563141,0.0985843613743782,0.22699888050556183,0.21494996547698975
30,0.009424639868939036,0.14185406964748395,0.15419001993045067,7691,0.10142673552036285,0.11257687211036682,0.0857415646314621,0.6345942891126506,0.22613869607448578,0.16804465651512146,0.08811462670564651,0.20289142429828644,1648,0.08824489265680313,0.11129310727119446,0.09077376127243042,0.5174485596169041,0.23344561457633972,0.1659424751996994,0.0940018966794014,0.2164473682641983,0.23344561457633972
31,0.009387718066217127,0.13095658897632834,0.13983287155917548,7691,0.08934955298900604,0.10049493610858917,0.0842985138297081,0.5549104574419417,0.2090117633342743,0.1498878002166748,0.08653362840414047,0.19925102591514587,1648,0.07933807373046875,0.09968452900648117,0.08845066279172897,0.4844930116659624,0.2172478288412094,0.14848555624485016,0.09162046015262604,0.2109639197587967,0.2172478288412094
32,0.00934972599646905,0.1352914258684639,0.15404639139916132,7691,0.0958200991153717,0.10551638156175613,0.08495896309614182,0.5932546094569137,0.2167261838912964,0.1574140191078186,0.08725244551897049,0.2009061872959137,1648,0.08398468792438507,0.10886222124099731,0.09062217175960541,0.5222715389044535,0.2312270998954773,0.16228951513767242,0.09402956813573837,0.2165111005306244,0.2312270998954773
33,0.009310673033669524,0.12883117766897076,0.161207977429177,7691,0.08978470414876938,0.10180240124464035,0.08286544680595398,0.564568996493333,0.21005626022815704,0.15181683003902435,0.08501444011926651,0.19575300812721252,1648,0.12029050290584564,0.12911050021648407,0.08988013863563538,0.6462050556375717,0.2499912530183792,0.19287467002868652,0.09301238507032394,0.21416892111301422,0.2499912530183792
34,0.00927056881355276,0.13236339004913025,0.14713290507353624,7691,0.09157708287239075,0.10265325754880905,0.08416896313428879,0.5703497559126308,0.2121862918138504,0.15310466289520264,0.08632016181945801,0.1987595111131668,1648,0.09126193821430206,0.1083044782280922,0.09013637155294418,0.506756167002817,0.22683729231357574,0.16145102679729462,0.09331026673316956,0.21485482156276703,0.22683729231357574
35,0.009229423231234978,0.1277046487357275,0.14145429634932175,7691,0.08671487867832184,0.097835473716259,0.08306708931922913,0.5395362126388322,0.20428869128227234,0.14587995409965515,0.08520268648862839,0.19618643820285797,1648,0.07971852272748947,0.09916388988494873,0.0874667763710022,0.4878814253985537,0.2140277773141861,0.14774607121944427,0.09060985594987869,0.20863690972328186,0.2140277773141861
36,0.009187246438772941,0.134117945083219,0.14575032528164317,7691,0.09867801517248154,0.10514893382787704,0.08466759324073792,0.5980357939685512,0.21178792417049408,0.15695153176784515,0.08689554780721664,0.2000844031572342,1648,0.10553054511547089,0.11050096899271011,0.08860784024000168,0.5073069447327573,0.2229582965373993,0.16495732963085175,0.09171523153781891,0.2111821174621582,0.2229582965373993
37,0.009144048842659083,0.12909540740554873,0.17524957533889604,7691,0.09631161391735077,0.1022261306643486,0.0832124650478363,0.5863191691715435,0.2067498117685318,0.15259937942028046,0.08533207327127457,0.19648437201976776,1648,0.09629609435796738,0.1347600370645523,0.09390007704496384,0.5318521763525571,0.27461597323417664,0.2009364366531372,0.09704883396625519,0.22346320748329163,0.27461597323417664
38,0.009099841101253869,0.13059435290856133,0.14383927826742524,7691,0.09069322794675827,0.10258342325687408,0.08388133347034454,0.5666420549537307,0.212116077542305,0.15301071107387543,0.08608920872211456,0.19822773337364197,1648,0.08149992674589157,0.10023453831672668,0.08965747803449631,0.48103046913931546,0.21783551573753357,0.14930352568626404,0.09285138547420502,0.21379822492599487,0.21783551573753357
39,0.009054634122155993,0.12506092895907833,0.14947210064212096,7691,0.08838312327861786,0.09993652254343033,0.08141317218542099,0.5669843442609376,0.20635053515434265,0.14907968044281006,0.08345749974250793,0.1921679973602295,1648,0.11881870776414871,0.12808746099472046,0.08727908879518509,0.5240584964592494,0.24609334766864777,0.19137994945049286,0.09026910364627838,0.207852303981781,0.24609334766864777
40,0.009008439059511103,0.12425187042949569,0.15298439620189297,7691,0.08754203468561172,0.09748517721891403,0.0817437469959259,0.552277810537035,0.20201975107192993,0.14542479813098907,0.0838109627366066,0.19298188388347626,1648,0.08905351161956787,0.10901610553264618,0.09422959387302399,0.5154713123159622,0.2331627458333969,0.1624714732170105,0.09788870811462402,0.22539709508419037,0.2331627458333969
41,0.008961267311259671,0.12635128218072736,0.14023403722105673,7691,0.08642984926700592,0.09824413061141968,0.0830841064453125,0.543085200289452,0.2060597836971283,0.1464664191007614,0.08526243269443512,0.19632399082183838,1648,0.09025391936302185,0.10152368992567062,0.0876842811703682,0.5013821126798836,0.21263524889945984,0.15149255096912384,0.09082314372062683,0.20912803709506989,0.21263524889945984
42,0.008913130516324736,0.12400625389882576,0.14278350372626944,7691,0.08916009962558746,0.10026703774929047,0.08070185780525208,0.5751716939348124,0.20571044087409973,0.14958806335926056,0.08269281685352325,0.19040727615356445,1648,0.08457927405834198,0.102482371032238,0.09081896394491196,0.516967555288566,0.22005869448184967,0.15271581709384918,0.09420213103294373,0.21690843999385834,0.22005869448184967
43,0.00886404055174016,0.12109264431872707,0.13903332986299274,7691,0.08522681891918182,0.09661472588777542,0.08111240714788437,0.5463471738985154,0.20128466188907623,0.1440676599740982,0.08319263905286789,0.1915581226348877,1648,0.08491823822259903,0.10140915215015411,0.08637192845344543,0.5034037562155257,0.21461983025074005,0.1511642336845398,0.08939959853887558,0.20585016906261444,0.21461983025074005
44,0.008814009529720158,0.1200433152249104,0.1496220191994917,7691,0.08541488647460938,0.09482857584953308,0.08057539910078049,0.5482818594549355,0.19771096110343933,0.1414117068052292,0.08255346864461899,0.19008637964725494,1648,0.09140262752771378,0.11260412633419037,0.08675270527601242,0.4892741344541356,0.23003217577934265,0.1680222600698471,0.08989273756742477,0.2069856822490692,0.23003217577934265
45,0.008763049794670779,0.1201261489781303,0.1553841418432958,7691,0.08971170336008072,0.09935275465250015,0.07895306497812271,0.5870697587927326,0.20205748081207275,0.14825701713562012,0.08086881041526794,0.18620730936527252,1648,0.08234382420778275,0.10830055177211761,0.09443869441747665,0.524410936597291,0.23402342200279236,0.16127455234527588,0.09732018411159515,0.22408802807331085,0.23402342200279236
46,0.008711173920144121,0.11979493089218844,0.14005981863123698,7691,0.08733727037906647,0.09542319178581238,0.08039788156747818,0.5441792289904309,0.19736911356449127,0.14234010875225067,0.08235356211662292,0.1896260678768158,1648,0.088890939950943,0.09630299359560013,0.08867417275905609,0.48363394419833633,0.2075047791004181,0.14355118572711945,0.09175152331590652,0.2112656980752945,0.2075047791004181
47,0.00865839470573599,0.11892145013424808,0.14223978154867598,7691,0.08818341046571732,0.09754540026187897,0.07927435636520386,0.568273658333165,0.2004593312740326,0.14552533626556396,0.0812605768442154,0.18710939586162567,1648,0.08636448532342911,0.0997888520359993,0.08980068564414978,0.519630166512007,0.21281622350215912,0.14875493943691254,0.09280091524124146,0.21368201076984406,0.21281622350215912
48,0.008604725173927788,0.11519157940173332,0.13851616075895365,7691,0.08576937764883041,0.09363380074501038,0.07793517410755157,0.5507466277807277,0.19267980754375458,0.13969311118125916,0.0798412561416626,0.1838412880897522,1648,0.08761591464281082,0.10241112112998962,0.08448091894388199,0.5473678211287584,0.21165551245212555,0.1527700275182724,0.08738480508327484,0.20121094584465027,0.21165551245212555
49,0.008550178566873413,0.11297607751052907,0.13709637327390967,7691,0.08139237761497498,0.09171757847070694,0.07725705206394196,0.5393397496555418,0.19148249924182892,0.136765718460083,0.07910032570362091,0.1821352243423462,1648,0.0826210305094719,0.10110490024089813,0.08503048866987228,0.48620682766639106,0.21384742856025696,0.1507471352815628,0.08791964501142502,0.2024424821138382,0.21384742856025696
50,0.008494768343131958,0.11608500965448183,0.1383978562447631,7691,0.08392799645662308,0.09508353471755981,0.07821465283632278,0.5642739913083198,0.19652318954467773,0.1418077051639557,0.0800824910402298,0.18439674377441406,1648,0.0854271724820137,0.09772956371307373,0.08778416365385056,0.4913897894056693,0.21020381152629852,0.14565445482730865,0.09085673838853836,0.20920537412166595,0.21020381152629852
51,0.008438508174347012,0.11604261274171378,0.1509224465749796,7691,0.08697133511304855,0.09641913324594498,0.07762853056192398,0.5926350212126361,0.1962614804506302,0.1438499391078949,0.0794348269701004,0.1829054355621338,1648,0.10638056695461273,0.119277723133564,0.08561638742685318,0.5186265101809633,0.2309347689151764,0.1782991737127304,0.08865755796432495,0.20414158701896667,0.2309347689151764
52,0.00838141194187338,0.11805258033923807,0.1509985589575999,7691,0.08351988345384598,0.09701687097549438,0.07904264330863953,0.5551911778848376,0.20103973150253296,0.1446814239025116,0.08102475106716156,0.18656639754772186,1648,0.08647403866052628,0.10015422105789185,0.09604527801275253,0.47849350184789263,0.2211010903120041,0.1492513120174408,0.1000104546546936,0.23028258979320526,0.2211010903120041
53,0.008323493733352078,0.11424766282330966,0.13414180929799682,7691,0.08102219551801682,0.09285221248865128,0.07815942913293839,0.5444481006861431,0.19394925236701965,0.1384490728378296,0.08001808077096939,0.1842484474182129,1648,0.08022688329219818,0.09858707338571548,0.08627097308635712,0.49217844986470566,0.21130475401878357,0.1468956619501114,0.08931294083595276,0.20565065741539001,0.21130475401878357
54,0.00826476783923441,0.11342624438404185,0.1537547866696293,7691,0.08493376523256302,0.0943368598818779,0.07697422057390213,0.5689023443147893,0.19363543391227722,0.14072568714618683,0.07880689948797226,0.18145959079265594,1648,0.08339718729257584,0.10355651378631592,0.09998664259910583,0.5225021414291882,0.2311915010213852,0.15417508780956268,0.10407798737287521,0.23964843153953552,0.2311915010213852
55,0.008205248749256015,0.11211959383543811,0.13703541949536036,7691,0.08231643587350845,0.09241750836372375,0.07734668999910355,0.5538978091170103,0.19216521084308624,0.13782259821891785,0.07916506379842758,0.18228432536125183,1648,0.07678347080945969,0.09550080448389053,0.087016761302948,0.4863183783682483,0.20910607278347015,0.14223890006542206,0.09014134854078293,0.20755812525749207,0.20910607278347015
56,0.008144951148861742,0.10943228377971642,0.1367583863654183,7691,0.08133161813020706,0.09004151076078415,0.07582699507474899,0.5432073816786048,0.1870976835489273,0.13428856432437897,0.0776265561580658,0.1787417232990265,1648,0.08081841468811035,0.09866394102573395,0.08518374711275101,0.5223410407118942,0.2114105224609375,0.1470271348953247,0.08810727298259735,0.20287449657917023,0.2114105224609375
57,0.008083889915582234,0.1143488840436985,0.15441853864100372,7691,0.08473625779151917,0.09289778023958206,0.07818540930747986,0.5602971997456642,0.1913352757692337,0.13858652114868164,0.08003874123096466,0.18429602682590485,1648,0.0898207351565361,0.11037619411945343,0.09001242369413376,0.545290245738182,0.2322734147310257,0.164543017745018,0.09279727190732956,0.21367360651493073,0.2322734147310257
58,0.008022080115363126,0.12003899794718546,0.14200583881544834,7691,0.08855848014354706,0.09676909446716309,0.07906951755285263,0.5765128235531224,0.19944092631340027,0.14433418214321136,0.08101774007081985,0.18655022978782654,1648,0.0779777243733406,0.09933753311634064,0.09047304838895798,0.4917040466513831,0.21877600252628326,0.14788556098937988,0.09376972168684006,0.21591275930404663,0.21877600252628326
59,0.007959536998847742,0.1106779122752496,0.13788623001100947,7691,0.0799831971526146,0.08955597877502441,0.07739100605249405,0.530345970086268,0.1880425065755844,0.1335277259349823,0.07917705178260803,0.18231189250946045,1648,0.0800451934337616,0.09994949400424957,0.08938919007778168,0.4784957840933347,0.21757002174854279,0.1488349884748459,0.09257180243730545,0.21315446496009827,0.21757002174854279
60,0.007896275997614229,0.11048115011895064,0.13262899711872767,7691,0.08050216734409332,0.09159783273935318,0.07662565261125565,0.5399949837459459,0.19077526032924652,0.13658222556114197,0.07839026302099228,0.18050026893615723,1648,0.07792163640260696,0.09334518015384674,0.08630425482988358,0.48564235108926646,0.20323462784290314,0.1390836536884308,0.08943600207567215,0.20593400299549103,0.20323462784290314
61,0.007832312720368046,0.10809571379772663,0.13669223417934862,7691,0.08338314294815063,0.09008487313985825,0.07537004351615906,0.5591230258939441,0.18499663472175598,0.13440437614917755,0.07710789144039154,0.17754749953746796,1648,0.08034797012805939,0.09941443800926208,0.08600697666406631,0.5322143629493746,0.21274270117282867,0.1481744796037674,0.08908221870660782,0.20511938631534576,0.21274270117282867
62,0.00776766294909075,0.10642458026023358,0.1344149770956595,7691,0.08403413742780685,0.09066738188266754,0.07418683171272278,0.5628924843139358,0.18464802205562592,0.1352875828742981,0.07581920921802521,0.1745801866054535,1648,0.07935179769992828,0.09396713227033615,0.08703925460577011,0.46811152470538814,0.2050967961549759,0.13998524844646454,0.09013199061155319,0.20753656327724457,0.2050967961549759
63,0.00770234263514603,0.10534978848415208,0.138836257955403,7691,0.08314494788646698,0.0908154845237732,0.07400593161582947,0.5687566418850216,0.18527159094810486,0.13553182780742645,0.07567397505044937,0.17424577474594116,1648,0.0802990272641182,0.09482094645500183,0.08768691122531891,0.4854956903325061,0.20570021867752075,0.14135758578777313,0.09075915068387985,0.20898064970970154,0.20570021867752075
64,0.007636367895343944,0.10483437306823447,0.13684733920884365,7691,0.08439698070287704,0.08974639326334,0.07331586629152298,0.5748359071972459,0.18200108408927917,0.13395746052265167,0.07493346929550171,0.17254067957401276,1648,0.07987906038761139,0.09582360088825226,0.08887554705142975,0.507125778093023,0.2083059847354889,0.14280828833580017,0.09217023104429245,0.21222981810569763,0.2083059847354889
65,0.007569755007964335,0.10331583713104907,0.13530513383809803,7691,0.0788922905921936,0.08604447543621063,0.07410255074501038,0.5360249829907677,0.17940962314605713,0.12834195792675018,0.07573381066322327,0.17438355088233948,1648,0.08119519799947739,0.09630917757749557,0.08630362153053284,0.48658309106152825,0.20722338557243347,0.1435355842113495,0.08917669951915741,0.20533697307109833,0.20722338557243347
66,0.007502520408740415,0.10177403870941433,0.14449037712754556,7691,0.08014694601297379,0.08713395893573761,0.0734453871846199,0.5454379520460763,0.1802329272031784,0.12995921075344086,0.07506679743528366,0.1728476881980896,1648,0.0757494643330574,0.09809098392724991,0.08958781510591507,0.4628463694624112,0.21579508483409882,0.14605432748794556,0.09256915003061295,0.2131483554840088,0.21579508483409882
67,0.007434680686803487,0.10969465424817337,0.13554849945804448,7691,0.08412600308656693,0.09307190030813217,0.0759643167257309,0.5737435576570922,0.19060397148132324,0.13886532187461853,0.0775926262140274,0.17866364121437073,1648,0.08462841063737869,0.09607817232608795,0.08574855327606201,0.49582338999046716,0.204225093126297,0.1433282345533371,0.08880524337291718,0.20448163151741028,0.204225093126297
68,0.007366252580589836,0.10064470038126014,0.14050642726490797,7691,0.07942546159029007,0.08652621507644653,0.07267596572637558,0.5528473259135737,0.1779325157403946,0.1290907859802246,0.07422317564487457,0.1709051877260208,1648,0.09248236566781998,0.10592662543058395,0.08722931146621704,0.5364018022291164,0.2197396159172058,0.1580168455839157,0.09034514427185059,0.20802736282348633,0.2197396159172058
69,0.007297252973710754,0.09865672764116604,0.1463600533101165,7691,0.07675624638795853,0.08396480232477188,0.0718747228384018,0.5348924079021559,0.17498144507408142,0.12523192167282104,0.0734013244509697,0.16901279985904694,1648,0.07875366508960724,0.10426545143127441,0.0918118953704834,0.45377926452468687,0.22832733392715454,0.15527716279029846,0.0953076109290123,0.21945388615131378,0.22832733392715454
70,0.007227698890786777,0.10729959963814457,0.14470642595325858,7691,0.08568267524242401,0.09369746595621109,0.07439499348402023,0.5825111058049645,0.18989576399326324,0.13985376060009003,0.07608235627412796,0.17518609762191772,1648,0.08954711258411407,0.10986868292093277,0.09020436555147171,0.47108981339139766,0.23186081647872925,0.1637508124113083,0.0935746505856514,0.21546360850334167,0.23186081647872925
71,0.007157607493247108,0.09825657043441842,0.13907492942023045,7691,0.07637675106525421,0.0837591364979744,0.07155478745698929,0.530699045943456,0.17371702194213867,0.12493743002414703,0.07313578575849533,0.16840139031410217,1648,0.07943874597549438,0.09871166199445724,0.08633851259946823,0.48320192249641775,0.21187883615493774,0.14708061516284943,0.08933639526367188,0.20570462942123413,0.21187883615493774
72,0.0070869960750952875,0.09918244059258514,0.14283088269164262,7691,0.08049365133047104,0.08688051253557205,0.07165852189064026,0.5656643549487409,0.17727923393249512,0.12967105209827423,0.07315213978290558,0.16843901574611664,1648,0.0830722376704216,0.10189593583345413,0.08748149126768112,0.49111993075132016,0.21666358411312103,0.15192937850952148,0.09050244837999344,0.20838961005210876,0.21666358411312103
73,0.0070158820586421625,0.09928575628539425,0.15533516071375134,7691,0.08393585681915283,0.08962265402078629,0.07079160213470459,0.6004578950132128,0.17877715826034546,0.13385070860385895,0.07225079834461212,0.16636361181735992,1648,0.09367674589157104,0.10263122618198395,0.0950707346200943,0.5060701764858736,0.21548813581466675,0.15312068164348602,0.09787942469120026,0.2253757268190384,0.21548813581466675
74,0.0069442829902071936,0.09759857039014659,0.13174623634340693,7691,0.07973489910364151,0.08719335496425629,0.07091771811246872,0.5778800100107617,0.1781378984451294,0.13010470569133759,0.07238686084747314,0.16667690873146057,1648,0.08339188247919083,0.09630606323480606,0.08409988880157471,0.46894804766732423,0.2049044966697693,0.14354518055915833,0.08705700933933258,0.2004561722278595,0.2049044966697693
75,0.006872216535789156,0.0975185942392544,0.1489034611912607,7691,0.08062837272882462,0.08833847939968109,0.07048822939395905,0.5826742098064185,0.1778644621372223,0.13185331225395203,0.07190973311662674,0.16557827591896057,1648,0.08201576769351959,0.10808777809143066,0.09425432980060577,0.4925461839001729,0.23418571054935455,0.1609310805797577,0.09783431142568588,0.2252718210220337,0.23418571054935455
76,0.006799700476707322,0.10150530677617658,0.13244714436021823,7691,0.07867682725191116,0.08695153146982193,0.07393631339073181,0.5414599962582591,0.18056321144104004,0.1296764463186264,0.07552222907543182,0.17389637231826782,1648,0.0804465040564537,0.09316878020763397,0.0851593092083931,0.4878632794050803,0.1995009332895279,0.13895373046398163,0.08805891871452332,0.2027631551027298,0.1995009332895279
77,0.0067267527052141925,0.09476203047598374,0.14059452408725776,7691,0.07964729517698288,0.08442017436027527,0.06998308002948761,0.5542194817929983,0.17297965288162231,0.1259826272726059,0.07138575613498688,0.1643717885017395,1648,0.08291547000408173,0.09585712850093842,0.08785853534936905,0.5198709034680897,0.20675066113471985,0.14287279546260834,0.09076090902090073,0.20898470282554626,0.20675066113471985
78,0.00665339122008084,0.10053558007101603,0.1384695175203305,7691,0.0795167088508606,0.0858505442738533,0.07282250374555588,0.5521165401820739,0.17785575985908508,0.12805470824241638,0.07441778481006622,0.1713532954454422,1648,0.08042088896036148,0.09531669318675995,0.08780476450920105,0.4719534485008494,0.20726250112056732,0.1420082002878189,0.09089314192533493,0.20928919315338135,0.20726250112056732
79,0.006579634122155989,0.09627290543383359,0.14753913821525944,7691,0.08128178119659424,0.08486209064722061,0.0704931691288948,0.5713632853410956,0.17239980399608612,0.12668778002262115,0.07198000699281693,0.16574008762836456,1648,0.10434059798717499,0.12171090394258499,0.08840374648571014,0.46421494917860073,0.24305486679077148,0.18162907660007477,0.09170777350664139,0.2111649513244629,0.24305486679077148
80,0.0065054996098999045,0.09710429420401907,0.13255358755009847,7691,0.08118775486946106,0.08871305733919144,0.0702110081911087,0.5888832446257827,0.17876741290092468,0.13240307569503784,0.07162459939718246,0.16492173075675964,1648,0.07815616577863693,0.09399658441543579,0.0854906216263771,0.48291123507553085,0.20424547791481018,0.14003579318523407,0.08848382532596588,0.20374153554439545,0.20424547791481018
81,0.006431005974894185,0.09375169321055717,0.13549783428027792,7691,0.07867226004600525,0.08264562487602234,0.0701652243733406,0.5514277090959595,0.16950257122516632,0.12332199513912201,0.07166028767824173,0.1650039404630661,1648,0.07862293720245361,0.09471502900123596,0.08693215250968933,0.4630079213833779,0.20614327490329742,0.141109898686409,0.09002791345119476,0.2072969526052475,0.20614327490329742
82,0.006356171597328595,0.09536128673577027,0.151382473342627,7691,0.08013651520013809,0.0870603621006012,0.06986463069915771,0.5841455129096406,0.17615151405334473,0.1299397498369217,0.07134025543928146,0.16426701843738556,1648,0.07796163111925125,0.09802684187889099,0.09387484937906265,0.49429510575206104,0.2181970477104187,0.14594629406929016,0.096942238509655,0.22321775555610657,0.2181970477104187
83,0.006281014941466031,0.09181091740403866,0.13880922059410983,7691,0.07999248802661896,0.08371075987815857,0.06851045787334442,0.5811124762119492,0.16862918436527252,0.12499617785215378,0.0698462724685669,0.16082699596881866,1648,0.07662998884916306,0.09419730305671692,0.08802919834852219,0.4519254737389054,0.2068808525800705,0.14033079147338867,0.09101834148168564,0.20957747101783752,0.2068808525800705
84,0.006205554551086733,0.09550881192248938,0.13832084689904184,7691,0.07809320837259293,0.08486790955066681,0.07042418420314789,0.556236027546153,0.17366021871566772,0.1266295164823532,0.07189830392599106,0.16555194556713104,1648,0.0774281769990921,0.095510333776474,0.08667317032814026,0.45294817076193167,0.20706801116466522,0.14236634969711304,0.08976039290428162,0.20668093860149384,0.20706801116466522
85,0.006129809044912887,0.08927891604837741,0.14094460784520918,7691,0.07433602958917618,0.08085033297538757,0.06819576770067215,0.5420028498464826,0.1660284847021103,0.12063916772603989,0.06955671310424805,0.16016024351119995,1648,0.0791047140955925,0.10101716220378876,0.08708412945270538,0.45067134390275393,0.21564485132694244,0.1505676954984665,0.08996427059173584,0.207150399684906,0.21564485132694244
86,0.006053797112014738,0.08995651694852871,0.1385340880132416,7691,0.07770531624555588,0.0811755582690239,0.0685281902551651,0.560582958612979,0.16571316123008728,0.12114480882883072,0.06984888017177582,0.16083301603794098,1648,0.07929284125566483,0.0964038074016571,0.08912760764360428,0.47205491313813297,0.21221968531608582,0.14354394376277924,0.09240887314081192,0.21277929842472076,0.21221968531608582
87,0.005977537507199339,0.08953792939429754,0.13597750005502146,7691,0.07387199997901917,0.0807480439543724,0.0681118592619896,0.5408923419277705,0.16674131155014038,0.12043552845716476,0.0694703683257103,0.15996143221855164,1648,0.07422731071710587,0.09287421405315399,0.08736710250377655,0.4453858611651864,0.2064761221408844,0.13828998804092407,0.09053372591733932,0.20846162736415863,0.2064761221408844
88,0.005901049046383077,0.08867766642842517,0.1392228599022893,7691,0.07564379274845123,0.08172381669282913,0.06728599220514297,0.5665052582971231,0.16694405674934387,0.1219397485256195,0.06860125064849854,0.15796023607254028,1648,0.0818048045039177,0.09838561713695526,0.08652962744235992,0.5164779686345566,0.20874670147895813,0.14667555689811707,0.0894956886768341,0.20607146620750427,0.20874670147895813
89,0.005824350601949144,0.08723287301424064,0.14133877654388113,7691,0.08045144379138947,0.08280383795499802,0.06614319980144501,0.5927853500595913,0.16511419415473938,0.12366582453250885,0.06737485527992249,0.1551363319158554,1648,0.08888549357652664,0.09354846924543381,0.09026966243982315,0.43333002742158383,0.2038792222738266,0.1394234299659729,0.09331051260232925,0.21485541760921478,0.2038792222738266
90,0.005747461098091036,0.08831809256712617,0.14109953847324963,7691,0.07941871136426926,0.0832480862736702,0.06703800708055496,0.584514353110839,0.16701801121234894,0.12425249814987183,0.06824623793363571,0.1571427881717682,1648,0.0788872167468071,0.09517266601324081,0.09002400189638138,0.4681947668107415,0.21071946620941162,0.14174479246139526,0.09342516958713531,0.215119406580925,0.21071946620941162
91,0.005670399506143308,0.08777672603790324,0.14429542263156003,7691,0.07884588092565536,0.08299767971038818,0.06640652567148209,0.593409837688408,0.16622373461723328,0.12392508238554001,0.0677064061164856,0.155899778008461,1648,0.08341692388057709,0.1018146276473999,0.09084823727607727,0.4536922782687228,0.21951186656951904,0.15171240270137787,0.09406112134456635,0.2165837287902832,0.21951186656951904
92,0.005593184839900676,0.08742756498540398,0.1429020989577747,7691,0.0752992182970047,0.08127818256616592,0.06682401150465012,0.5684016354900779,0.1654486209154129,0.12129857391119003,0.06805239617824554,0.15669643878936768,1648,0.07958565652370453,0.09766536951065063,0.09131749719381332,0.45203685131820825,0.21542298793792725,0.14545553922653198,0.0947803184390068,0.21823975443840027,0.21542298793792725
93,0.005515836150926648,0.08832205025431487,0.14602367623338422,7691,0.07633665204048157,0.07953520864248276,0.0674714595079422,0.5443263817155644,0.16191913187503815,0.11870303004980087,0.06878453493118286,0.15838225185871124,1648,0.082277312874794,0.10441413521766663,0.08947166055440903,0.4999456532182483,0.22501450777053833,0.15550842881202698,0.09275714308023453,0.21358121931552887,0.22501450777053833
94,0.005438372523852835,0.08592081612634529,0.14322152777204236,7691,0.07654298096895218,0.08166031539440155,0.06604526191949844,0.5820637435132333,0.16381295025348663,0.12193121016025543,0.06724955141544342,0.15484783053398132,1648,0.07930123805999756,0.0980057567358017,0.09109757840633392,0.4520968043295661,0.2157137095928192,0.1459827721118927,0.09447009116411209,0.2175254225730896,0.2157137095928192
95,0.005360813071670104,0.0890373326910672,0.14472175874177692,7691,0.0796656385064125,0.08511332422494888,0.06638966500759125,0.5990801980767445,0.1706131249666214,0.12704835832118988,0.06769383698701859,0.15587082505226135,1648,0.10225830972194672,0.10680156946182251,0.08903025090694427,0.49766469940234803,0.2164953649044037,0.15945404767990112,0.09209121763706207,0.21204787492752075,0.2164953649044037
96,0.005283176931012733,0.08339068175772668,0.1368469260271313,7691,0.07479546964168549,0.07897428423166275,0.065266452729702,0.5724431261001839,0.16070733964443207,0.11787079274654388,0.06659448891878128,0.15333949029445648,1648,0.07918404042720795,0.09503328800201416,0.086398646235466,0.47970419752610616,0.2048426866531372,0.141623392701149,0.08932845294475555,0.20568636059761047,0.2048426866531372
97,0.005205483257436737,0.0818084874912707,0.1425976006730089,7691,0.07345660030841827,0.077774278819561,0.06484608352184296,0.5734965720444739,0.15784817934036255,0.11608260124921799,0.06606102734804153,0.15211112797260284,1648,0.07933726161718369,0.09275195747613907,0.09038391709327698,0.4431958590077288,0.20466195046901703,0.1382026970386505,0.09341652691364288,0.2150995135307312,0.20466195046901703
98,0.0051277512206935145,0.08021590592972465,0.14429579805401924,7691,0.0711899846792221,0.07560664415359497,0.06434770673513412,0.5453614531860691,0.15426912903785706,0.11284628510475159,0.06545907258987427,0.1507250964641571,1648,0.08211932331323624,0.1000397577881813,0.08948081731796265,0.4637552310164713,0.21558232605457306,0.14905564486980438,0.09268753975629807,0.21342094242572784,0.21558232605457306
99,0.0050500000000000015,0.08125387195039052,0.13919296875162032,7691,0.07356489449739456,0.07811982929706573,0.06395922601222992,0.5734582728836434,0.15811072289943695,0.11661244928836823,0.06504606455564499,0.14977410435676575,1648,0.07685244828462601,0.09405296295881271,0.08872617036104202,0.4598891419911981,0.20666785538196564,0.14012040197849274,0.09186136722564697,0.21151860058307648,0.20666785538196564
100,0.00497224877930649,0.08066131858688665,0.13803378687900247,7691,0.07422085851430893,0.078044593334198,0.06399619579315186,0.5776126079873354,0.1576932966709137,0.1165112629532814,0.0651027113199234,0.1499045342206955,1648,0.08112446218729019,0.09511618316173553,0.08781492710113525,0.4537870217947071,0.20781520009040833,0.14173242449760437,0.09091202914714813,0.20933270454406738,0.20781520009040833
101,0.004894516742563267,0.08162833644267782,0.14079452718345864,7691,0.07416975498199463,0.07814672589302063,0.06419697403907776,0.575233446814613,0.15778420865535736,0.1166541576385498,0.06537172198295593,0.15052394568920135,1648,0.08373188972473145,0.09360747039318085,0.08949072659015656,0.456735544236108,0.2043817788362503,0.13949857652187347,0.09259216487407684,0.2132013589143753,0.2043817788362503
102,0.004816823068987271,0.08339093182250003,0.1472862833043904,7691,0.07445918023586273,0.0791962742805481,0.06537175923585892,0.5687981043251401,0.16050389409065247,0.1182054877281189,0.06662650406360626,0.15341319143772125,1648,0.0837026908993721,0.09925342351198196,0.09243714809417725,0.5011145346987761,0.2165483683347702,0.1479235589504242,0.09601757675409317,0.22108863294124603,0.2165483683347702
103,0.004739186928329901,0.08261666991840552,0.14032013670912066,7691,0.07869986444711685,0.08047809451818466,0.06461672484874725,0.6039534570932495,0.15959374606609344,0.12020346522331238,0.06584446877241135,0.15161247551441193,1648,0.08218284696340561,0.09968075156211853,0.08926641941070557,0.47451536806723565,0.2169812023639679,0.148485466837883,0.09252779930830002,0.2130531221628189,0.2169812023639679
104,0.004661627476147171,0.08047170462959874,0.14284395448212484,7691,0.07281133532524109,0.0793226882815361,0.064002126455307,0.5824700773183874,0.16080068051815033,0.1183805838227272,0.06513009965419769,0.14996761083602905,1648,0.08014418184757233,0.09265530109405518,0.09031422436237335,0.45152439931141947,0.2058260589838028,0.13804419338703156,0.09347019344568253,0.21522310376167297,0.2058260589838028
105,0.004584163849073357,0.08002718304870125,0.1432343300395799,7691,0.07546144723892212,0.07834415137767792,0.06348259747028351,0.5925258957614357,0.1569705456495285,0.11697494238615036,0.0646127387881279,0.1487763375043869,1648,0.07894247770309448,0.09417977184057236,0.09007972478866577,0.4462736624006942,0.2075514793395996,0.14030326902866364,0.09319517761468887,0.21458978950977325,0.2075514793395996
106,0.00450681516009933,0.07551442359493855,0.13931860521580408,7691,0.07147558033466339,0.07536056637763977,0.06169598177075386,0.576829275605711,0.1518576592206955,0.11248185485601425,0.06276575475931168,0.1445235013961792,1648,0.07871121913194656,0.09445753693580627,0.08841755241155624,0.4535866172640204,0.20660339295864105,0.1407090276479721,0.09149649739265442,0.21067848801612854,0.20660339295864105
107,0.004429600493856698,0.0773879875860185,0.1422434191680649,7691,0.07248711585998535,0.07624023407697678,0.06251893937587738,0.5782262500833403,0.15432630479335785,0.11382073163986206,0.06365583091974258,0.14657297730445862,1648,0.08342226594686508,0.09751688688993454,0.08847842365503311,0.4626309538487925,0.20841987431049347,0.14541660249233246,0.09167427569627762,0.21108782291412354,0.20841987431049347
108,0.004352538901908971,0.07564523276132937,0.14748030278867888,7691,0.07284543663263321,0.0754765197634697,0.061433494091033936,0.5866558742175962,0.15069839358329773,0.11270233243703842,0.06240609288215637,0.14369533956050873,1648,0.07984264194965363,0.09451676905155182,0.09128493815660477,0.45816222689075603,0.20864465832710266,0.1408144235610962,0.09423046559095383,0.2169736623764038,0.20864465832710266
109,0.004275649398050861,0.08439958278061184,0.14716925855400492,7691,0.07415318489074707,0.07758492976427078,0.06605739146471024,0.5592205846414463,0.15853430330753326,0.11578036844730377,0.0672333613038063,0.15481054782867432,1648,0.08723175525665283,0.10242539644241333,0.09049423038959503,0.5077900998479338,0.21835701167583466,0.1526516079902649,0.09379318356513977,0.21596679091453552,0.21835701167583466
110,0.004198950953616926,0.07774857262023759,0.14547085906695395,7691,0.07117598503828049,0.0756663903594017,0.06276629865169525,0.5597930136369945,0.15361393988132477,0.11293437331914902,0.06386201828718185,0.1470477283000946,1648,0.08280918747186661,0.09803138673305511,0.08978809416294098,0.4814424798988979,0.2118685096502304,0.14606885612010956,0.09273578971624374,0.21353203058242798,0.2118685096502304
111,0.004122462492800667,0.08779626026867797,0.1517209695670211,7691,0.08098731189966202,0.08658154308795929,0.06555083394050598,0.636370858621077,0.17051932215690613,0.12930934131145477,0.0667576864361763,0.15371525287628174,1648,0.07872028648853302,0.1027384102344513,0.09282315522432327,0.4601750237873494,0.22604647278785706,0.15301941335201263,0.09612338244915009,0.22133225202560425,0.22604647278785706
112,0.004046202887985267,0.0789223696138967,0.137478910748241,7691,0.07467437535524368,0.07959756255149841,0.062303535640239716,0.6067394091964545,0.15843920409679413,0.11884596198797226,0.0633358359336853,0.14583617448806763,1648,0.07499335706233978,0.09353066235780716,0.08748409152030945,0.45651395219239554,0.20758382976055145,0.13926687836647034,0.09061366319656372,0.20864568650722504,0.20758382976055145
113,0.003970190955087119,0.07307975647307205,0.14189595924419107,7691,0.06981472671031952,0.07475631684064865,0.0604737289249897,0.5880573651441162,0.15061718225479126,0.11158203333616257,0.06151987612247467,0.14165474474430084,1648,0.07637187093496323,0.09264001250267029,0.08962681144475937,0.4332033975629608,0.20715981721878052,0.13797371089458466,0.092744380235672,0.2135518491268158,0.20715981721878052
114,0.0038944454489132706,0.0726095444852533,0.1384150628181337,7691,0.06949470192193985,0.07326922565698624,0.06001054868102074,0.5757680854763259,0.14776907861232758,0.1093515157699585,0.06098807975649834,0.1404302567243576,1648,0.07768890261650085,0.09284023195505142,0.08839386701583862,0.43990647411822575,0.20622725784778595,0.1382833570241928,0.09158077090978622,0.21087251603603363,0.20622725784778595
115,0.0038189850585339715,0.07211321036952197,0.14228037983468436,7691,0.06912095844745636,0.07292130589485168,0.060205478221178055,0.5624392293371419,0.1479099839925766,0.10880360007286072,0.06114109978079796,0.14078259468078613,1648,0.07515303790569305,0.09519392997026443,0.0890449583530426,0.4568613434499969,0.2097882330417633,0.1417742818593979,0.09229961782693863,0.21252775192260742,0.2097882330417633
116,0.003743828402671407,0.07257274318471436,0.14331601140568556,7691,0.0710659995675087,0.0746736079454422,0.06044095382094383,0.5847682708008592,0.14927802979946136,0.11149553954601288,0.06138746440410614,0.14134985208511353,1648,0.0769958421587944,0.09329910576343536,0.09065891057252884,0.43119459582442,0.2076873481273651,0.13894692063331604,0.09377428889274597,0.2159232795238495,0.2076873481273651
117,0.003668994025105818,0.07375247166395776,0.14260466946560202,7691,0.07290631532669067,0.07462615519762039,0.06045341491699219,0.5864984092474695,0.14858731627464294,0.11142667382955551,0.06138922646641731,0.14135390520095825,1648,0.07770299166440964,0.09365037083625793,0.09019870311021805,0.42596874950753344,0.20794716477394104,0.13942013680934906,0.09325980395078659,0.2147386372089386,0.20794716477394104
118,0.0035945003901000985,0.06960138596207806,0.14160646425867543,7691,0.0690474584698677,0.07322178781032562,0.058657206594944,0.5934629038378462,0.1471814066171646,0.10932128876447678,0.05960584804415703,0.13724753260612488,1648,0.08040020614862442,0.09416413307189941,0.08914237469434738,0.45013261434757057,0.20675058662891388,0.14027483761310577,0.09211327880620956,0.2120986431837082,0.20675058662891388
119,0.0035203658778440146,0.07355435815969287,0.1404714182163905,7691,0.06957270205020905,0.07340030372142792,0.061393603682518005,0.5738283466252733,0.14913062751293182,0.10956844687461853,0.06242022290825844,0.1437278836965561,1648,0.07758469879627228,0.09230819344520569,0.08873581886291504,0.4363148150721942,0.20369789004325867,0.13749215006828308,0.09165287762880325,0.21103857457637787,0.20369789004325867
120,0.003446608779919163,0.06788101369189807,0.14248747877704288,7691,0.07162380963563919,0.07272626459598541,0.05747808516025543,0.6136111711719467,0.1432749330997467,0.10864833742380142,0.05835993215441704,0.13437870144844055,1648,0.07544470578432083,0.09379894286394119,0.09020943939685822,0.41443512490394385,0.21104630827903748,0.13960032165050507,0.09336536377668381,0.21498169004917145,0.21104630827903748
121,0.0033732472947858106,0.0661113344238493,0.14380567325550375,7691,0.06915469467639923,0.07034873217344284,0.057365357875823975,0.5936822476294137,0.1398535519838333,0.10505913197994232,0.05820761248469353,0.13402798771858215,1648,0.07406962662935257,0.09151946753263474,0.08968453854322433,0.42469588474483455,0.20623667538166046,0.13622702658176422,0.09269266575574875,0.21343271434307098,0.20623667538166046
122,0.0033002995232926805,0.06602775570460002,0.13976681348189568,7691,0.06637605279684067,0.06991139054298401,0.05720244348049164,0.5723373319271211,0.1402544230222702,0.10436370223760605,0.05799642950296402,0.13354171812534332,1648,0.07851197570562363,0.0943382978439331,0.08843807131052017,0.43110663078182904,0.20748816430568695,0.14048132300376892,0.09152625501155853,0.21074698865413666,0.20748816430568695
123,0.003227783464210848,0.06678048543851935,0.14471159875392914,7691,0.06798478215932846,0.07194723933935165,0.057247668504714966,0.59990688148069,0.14375442266464233,0.10741589963436127,0.058157745748758316,0.13391315937042236,1648,0.07648324221372604,0.0984666720032692,0.09102099388837814,0.44213577707397633,0.2189551740884781,0.14660821855068207,0.09446266293525696,0.21750831604003906,0.2189551740884781
124,0.0031557170097928095,0.06908725432449998,0.1435545888340589,7691,0.07226675003767014,0.07343103736639023,0.05860501527786255,0.595502840386896,0.1456557661294937,0.10965889692306519,0.05951324477791786,0.1370343118906021,1648,0.07698287814855576,0.09547572582960129,0.08979462087154388,0.46675774812247317,0.21005819737911224,0.14221960306167603,0.09301203489303589,0.21416811645030975,0.21005819737911224
125,0.003084117941357838,0.06992169475891767,0.15049582980211498,7691,0.06889082491397858,0.07294636219739914,0.059049591422080994,0.5787475768322323,0.1464332938194275,0.10890094935894012,0.060053687542676926,0.13827872276306152,1648,0.08311457186937332,0.0976397842168808,0.09225377440452576,0.4265344398457342,0.2130732536315918,0.1454683095216751,0.09541495144367218,0.21970102190971375,0.2130732536315918
126,0.0030130039249047142,0.0660444221554629,0.1481807169694345,7691,0.06912723928689957,0.0707944929599762,0.05708054453134537,0.5904436719770799,0.14038747549057007,0.10571912676095963,0.05795184522867203,0.1334390640258789,1648,0.07999486476182938,0.09564299881458282,0.09180984646081924,0.4494813471707784,0.21168191730976105,0.14246051013469696,0.0950409546494484,0.2188398838043213,0.21168191730976105
127,0.002942392506752893,0.06363391579592464,0.14624681345467427,7691,0.06898835301399231,0.06961491703987122,0.05551455542445183,0.5969262233772971,0.13685233891010284,0.10400328785181046,0.05626561865210533,0.12955637276172638,1648,0.07844801992177963,0.0952979326248169,0.09207562357187271,0.43025005776459285,0.21403254568576813,0.14190725982189178,0.09557818621397018,0.22007691860198975,0.21403254568576813
128,0.0028723011092132225,0.06606956316658771,0.14327971145366003,7691,0.06910064816474915,0.07126245647668839,0.056694235652685165,0.6051721838466523,0.14047850668430328,0.10644645988941193,0.05752866715192795,0.13246464729309082,1648,0.07725052535533905,0.09359008818864822,0.09084649384021759,0.4321976644012503,0.2085440307855606,0.13934645056724548,0.09411078691482544,0.21669809520244598,0.2085440307855606
129,0.0028027470262892464,0.0610739968173635,0.14688034572647612,7691,0.06647709757089615,0.06757629662752151,0.05471571534872055,0.6012407369054454,0.1336926817893982,0.10091656446456909,0.0554356575012207,0.1276453286409378,1648,0.07911241054534912,0.09656832367181778,0.09086481481790543,0.4389635132217561,0.21200670301914215,0.1438802182674408,0.09416252374649048,0.2168172299861908,0.21200670301914215
130,0.0027337474194101654,0.06250317347265161,0.14873858186805133,7691,0.06782501190900803,0.07040861248970032,0.05461261048913002,0.6139711888874625,0.1387171447277069,0.10514982044696808,0.05531913414597511,0.12737701833248138,1648,0.07938309013843536,0.0972045287489891,0.0936499685049057,0.4214530737291587,0.2158193141222,0.14468181133270264,0.0968952551484108,0.22310957312583923,0.2158193141222
131,0.002665319313196511,0.06393420139426699,0.143429899389304,7691,0.06562256067991257,0.06765031814575195,0.056565314531326294,0.5720260363573105,0.13653524219989777,0.10102160274982452,0.05734581500291824,0.13204361498355865,1648,0.07728340476751328,0.091908298432827,0.08985595405101776,0.42224622144427115,0.20458602905273438,0.13686546683311462,0.09298347681760788,0.2141023725271225,0.20458602905273438
132,0.0025974795912595845,0.05984234407460824,0.14421807215051743,7691,0.06632332503795624,0.06816757470369339,0.05360431969165802,0.6130744715301788,0.13422442972660065,0.10180893540382385,0.054308634251356125,0.12505024671554565,1648,0.07593897730112076,0.09162651002407074,0.09162530303001404,0.41358569465849393,0.20700900256633759,0.1363941878080368,0.09488625824451447,0.21848368644714355,0.20700900256633759
133,0.002530244992035664,0.06565780826654039,0.14756265977053967,7691,0.06800266355276108,0.07051298022270203,0.05701911449432373,0.597554834957057,0.14087103307247162,0.10528727620840073,0.05786440148949623,0.13323770463466644,1648,0.07729699462652206,0.09188729524612427,0.09231860190629959,0.41373544704169973,0.20671722292900085,0.13682860136032104,0.09538844972848892,0.21964004635810852,0.20671722292900085
134,0.0024636321046560554,0.05992999598974835,0.14604585248868443,7691,0.06748297810554504,0.06750458478927612,0.05414803326129913,0.6045266011800094,0.1323615312576294,0.1008526161313057,0.05483882501721382,0.1262710690498352,1648,0.08071080595254898,0.09546037018299103,0.09121785312891006,0.4157493239265191,0.2106516808271408,0.14218467473983765,0.09422003477811813,0.21694964170455933,0.2106516808271408
135,0.0023976573648539674,0.06096125873729166,0.14608429748456456,7691,0.06980577856302261,0.07068734616041183,0.05388284847140312,0.6266422151406558,0.13716411590576172,0.10561598837375641,0.05459030717611313,0.12569883465766907,1648,0.07939282059669495,0.09514866024255753,0.09128085523843765,0.44310089519444035,0.21229904890060425,0.14170031249523163,0.0945528894662857,0.21771611273288727,0.21229904890060425
136,0.002332337050909249,0.058730565618901394,0.14632704101719904,7691,0.06541967391967773,0.06671088188886642,0.0533696748316288,0.6076389584961427,0.13178424537181854,0.09964551776647568,0.054042793810367584,0.12443813681602478,1648,0.07507965713739395,0.0937562808394432,0.09184300899505615,0.41248088549496287,0.21096928417682648,0.1395472139120102,0.09515556693077087,0.21910378336906433,0.21096928417682648
