material_id,formula,n_sites,provenance,K_VRH_pred,G_VRH_pred,pugh_ratio,K_VRH_dft,G_VRH_dft,K_VRH_spread_log10,G_VRH_spread_log10
mp-1002133,LaGa,8,unseen,53.9499,26.7507,0.4958,,,0.0133,0.0761
mp-10037,AlCo3C,5,train,238.7177,109.2514,0.4577,234.0,116.0,0.0105,0.0105
mp-1004753,PrB12,52,unseen,185.5673,165.8671,0.8938,,,0.0161,0.0217
mp-10055,Co2B4Mo,14,test,311.6637,191.8602,0.6156,303.0,179.0,0.0114,0.0097
mp-1005829,Sm2Mn12P7,21,unseen,156.8485,92.8831,0.5922,,,0.0072,0.0139
mp-1006056,PaNi2Ge,16,unseen,139.8897,37.3522,0.267,,,0.0138,0.0365
mp-1007692,HfPd,8,unseen,136.5879,26.172,0.1916,,,0.0251,0.1432
mp-1007730,HfAl3,4,train,111.6576,73.5341,0.6586,105.0,51.0,0.0063,0.0226
mp-1007881,FeB,8,unseen,220.4672,109.8005,0.498,,,0.0274,0.0294
mp-1008224,CrCo2Si,16,train,214.9616,93.7681,0.4362,203.0,91.0,0.0058,0.0232
mp-1008487,BW,8,unseen,310.7473,157.9443,0.5083,,,0.0143,0.0227
mp-1008625,W2C,3,val,318.6235,174.0135,0.5461,303.0,160.0,0.0206,0.0674
mp-1008734,ThH2,12,unseen,95.9957,36.7226,0.3825,,,0.0127,0.015
mp-1008752,CeTe,2,train,24.3457,26.344,1.0821,9.0,20.0,0.0539,0.0232
mp-1009551,PbS,2,unseen,41.1058,22.1902,0.5398,,,0.0402,0.0697
mp-10108,NpP,8,unseen,112.5382,51.0585,0.4537,,,0.0027,0.0147
mp-1013530,Sr3BiP,5,unseen,34.3629,27.0146,0.7862,,,0.0395,0.0613
mp-1013540,Ca3PN,5,unseen,30.2058,26.245,0.8689,,,0.1084,0.1077
mp-1013584,Ba3BiSb,5,unseen,26.7916,14.4331,0.5387,,,0.0308,0.0264
mp-1013711,Ba3AsP,5,unseen,35.8778,25.8066,0.7193,,,0.0104,0.0198
mp-1013714,Ba3SbAs,5,unseen,28.0634,16.4191,0.5851,,,0.0255,0.012
mp-10159,K3Sb,16,val,15.5674,8.1184,0.5215,14.0,7.0,0.1045,0.0416
mp-1016826,MgIrO3,5,unseen,154.7289,74.9957,0.4847,,,0.0538,0.0439
mp-1016841,HfHgO3,5,unseen,173.5366,72.9495,0.4204,,,0.0446,0.0862
mp-1018015,Ti2MnGe,16,unseen,154.4559,81.3627,0.5268,,,0.0129,0.0244
mp-1018031,KInO2,12,test,99.3712,48.518,0.4882,51.0,40.0,0.0109,0.0279
mp-1018042,UBi,2,train,69.0092,19.241,0.2788,75.0,20.0,0.0132,0.0577
mp-1018082,CrCo2Sb,16,train,158.8965,73.4299,0.4621,172.0,80.0,0.0093,0.0127
mp-1018099,Ba2NCl,12,unseen,36.0355,17.6786,0.4906,,,0.0269,0.0308
mp-1018137,KEuS2,12,unseen,32.2393,22.5844,0.7005,,,0.0298,0.0407
mp-1018156,Hf2Cd,6,unseen,106.2823,40.6271,0.3823,,,0.0247,0.0909
mp-1018699,EuZnGe,6,train,46.3574,34.2,0.7377,47.0,37.0,0.0153,0.0135
mp-1019517,Ba4Mg(SiN3)2,104,unseen,62.4214,34.2219,0.5482,,,0.0372,0.0107
mp-1019521,Ba3MgGeN4,36,unseen,61.3642,32.2099,0.5249,,,0.0249,0.0263
mp-1019531,BaAl2Si3(NO)4,56,unseen,125.8911,69.1826,0.5495,,,0.0556,0.014
mp-1019555,BaNaLi3(BO2)6,138,unseen,57.9963,41.0797,0.7083,,,0.0141,0.0556
mp-1019558,BaSr2Mg(SiO4)2,14,unseen,102.0191,51.7988,0.5077,,,0.0206,0.0223
mp-1019575,Ca4Al6SO16,108,unseen,70.3401,31.6251,0.4496,,,0.0242,0.01
mp-1019598,CeGaO3,20,unseen,170.9191,81.5988,0.4774,,,0.0029,0.0154
mp-1019718,CsBe4(BO3)3,68,unseen,89.2938,70.0826,0.7849,,,0.0659,0.068
mp-1019783,K2S2O3,56,unseen,20.6763,7.3078,0.3534,,,0.0749,0.1219
mp-1020058,Mg(NO3)2,324,unseen,18.6235,13.0538,0.7009,,,0.1696,0.0874
mp-1020145,Na2Ge(S2O7)3,120,unseen,21.3747,15.9857,0.7479,,,0.0314,0.0418
mp-1020180,Na2SrMg(PO4)2,56,unseen,79.1191,48.1994,0.6092,,,0.0225,0.0119
mp-10321,La2ZnRhO6,20,unseen,150.2474,63.184,0.4205,,,0.0094,0.0179
mp-10333,Pr(ZnP)3,14,unseen,75.7097,41.9711,0.5544,,,0.0202,0.0407
mp-10341,SrGeTeO6,9,unseen,81.2991,50.1492,0.6168,,,0.0554,0.0458
mp-1040,RbCd13,112,unseen,37.2323,13.9479,0.3746,,,0.0692,0.0342
mp-10450,PrAlGe,12,unseen,99.6451,48.3985,0.4857,,,0.0533,0.0157
mp-10503,MgB4Os3,32,unseen,260.846,129.7779,0.4975,,,0.0027,0.0176
mp-10556,Sr2LiReN4,16,unseen,73.799,34.143,0.4626,,,0.0326,0.0073
mp-10564,SrN2,6,train,75.336,35.0075,0.4647,59.0,35.0,0.0171,0.0313
mp-10749,SrCuSb,6,train,46.4911,31.4661,0.6768,48.0,34.0,0.02,0.0137
mp-10791,ErBO3,60,unseen,158.1577,86.0921,0.5443,,,0.0221,0.0579
mp-10795,TaTlS3,20,unseen,26.7251,11.0505,0.4135,,,0.0418,0.0238
mp-10809,AgSnF6,8,unseen,26.1448,15.5063,0.5931,,,0.0408,0.0186
mp-10850,SbTePd,12,unseen,82.1769,27.7446,0.3376,,,0.0213,0.0192
mp-10900,U2Al3Os,12,unseen,130.9029,50.9611,0.3893,,,0.0162,0.0478
mp-10961,La5Si3,32,unseen,55.3171,29.9983,0.5423,,,0.0128,0.0182
mp-11082,CeCdAu,9,unseen,69.1701,21.6782,0.3134,,,0.0047,0.0895
mp-11157,SmMgGa,9,train,52.4964,42.4925,0.8094,55.0,43.0,0.0118,0.0177
mp-11242,DyPbAu,12,unseen,75.5056,30.9231,0.4095,,,0.0168,0.0802
mp-11243,ErAu,8,unseen,87.9093,17.9675,0.2044,,,0.023,0.0499
mp-11328,P2W,12,unseen,170.24,125.442,0.7369,,,0.0143,0.0344
mp-11481,MoIr,4,val,334.2663,166.4064,0.4978,310.0,174.0,0.0097,0.0372
mp-11534,Np,8,train,173.6607,116.3158,0.6698,171.0,111.0,0.0314,0.0231
mp-11576,YbTl,2,train,37.9142,25.2195,0.6652,33.0,20.0,0.0191,0.0906
mp-11634,KSmGeSe4,14,unseen,19.182,12.7704,0.6658,,,0.0259,0.0507
mp-11673,Sc2(SeO4)3,68,unseen,40.2619,36.9696,0.9182,,,0.1655,0.0422
mp-11693,TePt,12,train,50.4382,23.3516,0.463,48.0,21.0,0.0152,0.0075
mp-11752,Lu7(NiTe)2,22,train,64.3263,32.3069,0.5022,61.0,34.0,0.0041,0.0233
mp-11836,ErSbPd,12,train,91.072,43.8828,0.4818,90.0,45.0,0.0167,0.0188
mp-11906,LiPr2IrO6,20,unseen,138.2652,66.7052,0.4824,,,0.0158,0.0298
mp-11913,NaPr2IrO6,20,unseen,124.7707,51.7665,0.4149,,,0.0228,0.0316
mp-12058,Er(PRu)2,10,train,161.6077,101.0876,0.6255,158.0,100.0,0.0042,0.022
mp-12110,TaRu,2,test,252.0971,101.5074,0.4027,264.0,65.0,0.0065,0.0075
mp-12118,InCu2,6,unseen,106.5763,29.0759,0.2728,,,0.0115,0.0551
mp-12221,CaTeO4,24,unseen,79.165,41.3771,0.5227,,,0.0231,0.0661
mp-12243,Rb3SiF7,22,unseen,28.0454,11.6867,0.4167,,,0.0203,0.0402
mp-12245,Rb3TiF7,22,unseen,27.6882,21.8887,0.7905,,,0.0085,0.066
mp-12274,LaAl4Co,12,unseen,101.2617,57.4372,0.5672,,,0.0108,0.0303
mp-1232,Mo3Pt,8,train,266.8619,100.4632,0.3765,266.0,85.0,0.0064,0.0127
mp-12323,NaSm2IrO6,20,unseen,129.3628,56.8512,0.4395,,,0.0147,0.0376
mp-12360,AgSbTe2,12,unseen,46.0316,17.1781,0.3732,,,0.0094,0.0439
mp-12444,SrCuSF,8,val,59.948,34.4348,0.5744,75.0,39.0,0.0269,0.0402
mp-12550,AlCuPt2,4,test,198.4869,82.5226,0.4158,196.0,82.0,0.0092,0.0331
mp-12599,PrTl,2,train,46.9626,16.9211,0.3603,51.0,16.0,0.0048,0.0067
mp-1261,EuZn,2,train,32.6731,24.8161,0.7595,37.0,23.0,0.0069,0.0138
mp-1287,KS,12,unseen,18.0774,10.0634,0.5567,,,0.041,0.0287
mp-12894,Y2SO2,5,unseen,116.566,60.1842,0.5163,,,0.0138,0.0105
mp-13067,Tm2O3,5,unseen,166.9922,74.9567,0.4489,,,0.0133,0.0202
mp-13121,CeGe3Rh,10,train,94.2991,41.0713,0.4355,96.0,37.0,0.0214,0.0488
mp-13164,Ti2Pd,6,train,144.1527,56.4862,0.3918,142.0,62.0,0.0053,0.0171
mp-13369,Ba3CaIr2O9,15,unseen,112.121,58.538,0.5221,,,0.0144,0.0135
mp-1342,BaO,8,test,65.9469,26.0429,0.3949,68.0,38.0,0.0167,0.0288
mp-13474,LiErGe,9,val,58.065,49.4512,0.8517,60.0,49.0,0.0073,0.0156
mp-13503,ScZn2,12,train,81.5721,49.8754,0.6114,81.0,48.0,0.0087,0.0319
mp-13840,Ho3ScO6,60,unseen,143.9752,73.3313,0.5093,,,0.01,0.0106
mp-13920,Ba(ZnSn)2,10,train,44.7308,27.2264,0.6087,44.0,23.0,0.0081,0.0161
mp-1399,AlAu,8,train,116.0358,36.1203,0.3113,104.0,31.0,0.0061,0.012
mp-140,Ga,2,train,61.2438,8.9602,0.1463,49.0,6.0,0.0399,0.1171
mp-14133,Gd3Al5O12,160,unseen,165.2153,76.1812,0.4611,,,0.0014,0.0145
mp-14334,K2RbPdF5,18,unseen,30.0443,11.4493,0.3811,,,0.0258,0.0208
mp-14380,CsNaSnF6,72,unseen,20.1816,14.617,0.7243,,,0.0557,0.0969
mp-14416,Sm2Be2GeO7,24,unseen,136.8328,78.5483,0.574,,,0.0153,0.0269
mp-14447,Ba2SiSe4,14,unseen,34.3348,18.377,0.5352,,,0.0269,0.0387
mp-14485,LaTa7O19,54,unseen,200.865,80.9274,0.4029,,,0.0065,0.0031
mp-14495,Li6ZnO4,22,unseen,82.2184,58.295,0.709,,,0.0275,0.0129
mp-14613,Pr10Se19,58,unseen,65.2601,28.3827,0.4349,,,0.0106,0.0274
mp-14622,Y(BIr)2,40,unseen,201.9972,100.7528,0.4988,,,0.0174,0.0074
mp-14678,Y3Sc2Al3O12,160,unseen,158.9887,73.3108,0.4611,,,0.0016,0.0152
mp-1471,Zr3Al,4,val,105.2944,44.9083,0.4265,101.0,55.0,0.0192,0.027
mp-14825,Sr2ErCu3(PbO4)2,16,unseen,87.5675,41.5615,0.4746,,,0.0149,0.0341
mp-1490,AlAu4,20,train,134.5279,22.6509,0.1684,127.0,16.0,0.0158,0.0209
mp-15004,Ca3ZrSi2O9,60,unseen,105.4264,53.1773,0.5044,,,0.0045,0.0088
mp-15051,Nd(PdO2)2,28,test,153.6002,54.4266,0.3543,147.0,50.0,0.0116,0.0039
mp-15053,Y(PdO2)2,28,train,170.3653,58.9619,0.3461,154.0,58.0,0.017,0.0115
mp-15078,SiO2,108,unseen,31.1971,34.4672,1.1048,,,0.0359,0.0103
mp-1513,Co9S8,68,train,130.0288,58.5187,0.45,130.0,64.0,0.0046,0.0103
mp-15148,K4Nb2S11,68,unseen,14.0965,5.7553,0.4083,,,0.0306,0.042
mp-15171,K2MgSiO4,64,unseen,62.3022,29.5295,0.474,,,0.0248,0.0326
mp-1543,Ge2Pt,6,train,119.6081,55.5151,0.4641,115.0,52.0,0.0174,0.0136
mp-15432,K2Ga2As3,56,unseen,27.0416,18.4395,0.6819,,,0.0277,0.0941
mp-15472,Ba4LiCu(CO5)2,36,unseen,66.2357,29.806,0.45,,,0.0154,0.0298
mp-1550,AlP,8,train,77.7839,46.2683,0.5948,85.0,47.0,0.0284,0.0058
mp-15519,NdZn(BO2)5,68,unseen,126.2971,83.3956,0.6603,,,0.0454,0.0171
mp-15571,K3AuSe2,36,unseen,21.5075,9.6139,0.447,,,0.0145,0.0042
mp-15600,K2Ca2(SO4)3,76,unseen,43.1452,23.4497,0.5435,,,0.0821,0.0233
mp-15695,YAsPt,12,train,116.4807,45.0282,0.3866,110.0,46.0,0.009,0.0168
mp-15746,Zr2Cr30P19,51,unseen,193.5105,115.4069,0.5964,,,0.0227,0.0203
mp-15782,KPrS2,12,unseen,39.1611,24.6214,0.6287,,,0.0134,0.0102
mp-15846,Lu5SbPd2,32,unseen,73.8917,41.0819,0.556,,,0.0068,0.0016
mp-1618,PPd6,28,unseen,173.5927,49.0986,0.2828,,,0.0101,0.0245
mp-16237,La(SiAg)2,10,unseen,94.5661,51.1999,0.5414,,,0.0147,0.0118
mp-16264,LiCaSb,12,unseen,32.5815,22.9124,0.7032,,,0.0317,0.0143
mp-16456,BaNd2MnS5,36,unseen,64.1216,29.9852,0.4676,,,0.0204,0.0254
mp-16498,Sm(Al2Cu)4,26,unseen,98.6261,58.2416,0.5905,,,0.0106,0.0329
mp-16648,LiSn4Rh,24,train,71.714,44.6809,0.623,64.0,40.0,0.0124,0.0392
mp-16733,Sc2GaC,8,train,84.8411,55.051,0.6489,86.0,51.0,0.0178,0.0363
mp-16764,RbYTe2,8,train,25.5183,15.6414,0.6129,27.0,16.0,0.0098,0.0402
mp-16834,Zn3(AsO4)2,26,unseen,94.8515,25.2165,0.2659,,,0.0644,0.0361
mp-1688,ErAs,8,test,77.4678,51.4118,0.6637,79.0,54.0,0.0085,0.0119
mp-16904,Ba2CdTe3,24,unseen,28.9075,17.5115,0.6058,,,0.0313,0.0163
mp-1694,Yb2Ge,12,unseen,38.9899,34.608,0.8876,,,0.0113,0.0274
mp-171,VNi3,8,train,230.6455,94.1359,0.4081,213.0,101.0,0.0215,0.0636
mp-17100,In2P2O7,44,unseen,94.2703,43.2276,0.4585,,,0.0642,0.0167
mp-17229,RbBe3ZnF9,28,unseen,32.5167,23.4233,0.7203,,,0.0275,0.0608
mp-17324,ZrSnS3,20,unseen,20.5995,15.529,0.7539,,,0.0323,0.0236
mp-17350,La2TeO6,36,unseen,110.5187,43.7599,0.3959,,,0.028,0.0269
mp-17433,NaSr4(SbO4)3,40,unseen,111.0006,53.5421,0.4824,,,0.0315,0.0512
mp-17500,GdPtF7,36,unseen,41.85,21.6065,0.5163,,,0.0287,0.0853
mp-17560,Na2UO4,28,unseen,59.4404,31.0704,0.5227,,,0.0321,0.0102
mp-17612,Ba2SiO4,28,unseen,71.5301,32.0774,0.4484,,,0.0231,0.0228
mp-17677,Nb9PO25,70,unseen,138.3,55.6255,0.4022,,,0.0253,0.0154
mp-17973,Cs3GeF7,22,unseen,24.0621,11.1315,0.4626,,,0.0815,0.031
mp-18003,CsCuS4,24,unseen,14.1935,6.9741,0.4914,,,0.0655,0.0191
mp-18006,Rb2Cu2SnS4,36,unseen,29.1172,13.8755,0.4765,,,0.0581,0.0659
mp-18111,Ba2LaC3O9F,32,unseen,64.0377,24.7691,0.3868,,,0.0211,0.0244
mp-18193,CsTe7Mo6,84,unseen,26.2922,14.8883,0.5663,,,0.045,0.0379
mp-18229,CaTa2O6,36,unseen,145.4224,79.8816,0.5493,,,0.0232,0.0177
mp-18377,ZnS,60,unseen,68.1603,32.9221,0.483,,,0.0102,0.0133
mp-18422,RbLiZn2O3,28,unseen,87.7693,42.1148,0.4798,,,0.0169,0.0152
mp-18490,Sr2SmNb(CuO4)2,56,unseen,132.0016,65.3319,0.4949,,,0.008,0.0071
mp-1852,UF5,12,train,18.6622,18.2475,0.9778,15.0,11.0,0.1063,0.1113
mp-18560,NpPO4F,28,unseen,81.1845,47.382,0.5836,,,0.0455,0.0356
mp-186,Na4Si23,54,unseen,54.9021,46.7516,0.8515,,,0.1452,0.0736
mp-18649,MnGeRh,36,unseen,146.5665,55.9223,0.3815,,,0.0103,0.0077
mp-18759,Mn3O4,28,train,137.8141,47.0223,0.3412,127.0,47.0,0.0309,0.0058
mp-18805,Sr2CoMoO6,20,unseen,140.5588,71.095,0.5058,,,0.0129,0.0295
mp-18807,V2Zn2O7,22,unseen,53.029,25.6046,0.4828,,,0.0989,0.0759
mp-18809,Li2VGeO5,18,unseen,93.238,50.118,0.5375,,,0.0255,0.006
mp-18839,Pr2NiO4,14,unseen,146.8566,61.8497,0.4212,,,0.0078,0.0305
mp-18897,NaVTeO5,32,unseen,35.3707,24.5855,0.6951,,,0.0418,0.0127
mp-18995,Ba2FeMoO6,40,unseen,128.1313,77.8969,0.6079,,,0.0126,0.0067
mp-19012,CaMoO3,20,unseen,147.7927,77.5233,0.5245,,,0.0305,0.0354
mp-19045,Ba2MnZn2(AsO)2,18,unseen,65.7261,34.6785,0.5276,,,0.0168,0.02
mp-19087,Na3Co2SbO6,24,unseen,90.7168,36.9138,0.4069,,,0.0248,0.0403
mp-19090,MnTeMoO6,18,unseen,59.4876,30.4152,0.5113,,,0.0421,0.0381
mp-19103,LiCrP2O7,22,unseen,75.2086,46.4874,0.6181,,,0.0381,0.0592
mp-1911,CeSn3,4,test,54.8875,16.5514,0.3016,60.0,31.0,0.0579,0.1373
mp-19142,Mn2V2O7,22,unseen,76.3585,36.6164,0.4795,,,0.0442,0.0355
mp-19145,Ca4Al6WO16,54,unseen,82.9112,30.8064,0.3716,,,0.0605,0.0339
mp-19155,CrHgO4,24,unseen,55.2446,20.6059,0.373,,,0.1271,0.0336
mp-19173,UMnO4,24,unseen,145.7491,66.7175,0.4578,,,0.0134,0.0028
mp-19180,VFeMoO7,20,unseen,40.9983,20.3875,0.4973,,,0.0471,0.0467
mp-19199,BaSm2NiO5,18,unseen,120.6984,58.3896,0.4838,,,0.0082,0.0122
mp-19203,BaCo2Si2O7,96,unseen,66.3793,34.6307,0.5217,,,0.0288,0.0197
mp-19209,LiAl(MoO4)2,24,unseen,69.1952,30.5056,0.4409,,,0.0477,0.0114
mp-19241,BaNiO3,10,val,112.9982,53.8325,0.4764,83.0,24.0,0.0095,0.0205
mp-19252,K2NiO2,10,train,31.9572,14.8586,0.465,29.0,15.0,0.0272,0.0215
mp-1935,BaMg2,12,train,24.3431,14.0301,0.5763,22.0,13.0,0.0086,0.0342
mp-1938,Al2O3,20,val,223.8846,150.9489,0.6742,231.0,145.0,0.0141,0.0042
mp-19391,NaVO2,12,train,116.9647,63.4999,0.5429,114.0,50.0,0.0032,0.0128
mp-19462,KP2WO8,48,unseen,39.8265,25.1522,0.6315,,,0.0691,0.0061
mp-19469,Na5Tb(MoO4)4,104,unseen,47.0306,26.696,0.5676,,,0.0165,0.0493
mp-19481,Rb2V(PO4)2,52,unseen,41.4986,26.005,0.6266,,,0.039,0.0474
mp-1953,TiAl,2,test,113.3875,75.093,0.6623,115.0,70.0,0.0071,0.008
mp-19782,TbInCu,9,unseen,74.4927,40.4559,0.5431,,,0.0129,0.0302
mp-19848,PrCuSb2,8,unseen,65.5738,33.4428,0.51,,,0.0173,0.0507
mp-19940,VAs,8,train,147.2029,83.3075,0.5659,140.0,86.0,0.0078,0.0029
mp-1995,PrC2,6,train,96.5391,33.1813,0.3437,92.0,29.0,0.0153,0.0093
mp-1999,Sb2O3,80,unseen,30.1185,21.3716,0.7096,,,0.1312,0.2835
mp-20000,Nd(NiSn)2,10,unseen,103.4686,45.0867,0.4358,,,0.0315,0.0235
mp-20230,PuOF,6,unseen,134.2464,49.532,0.369,,,0.0235,0.041
mp-20238,Th(FeGe)2,10,test,119.3668,54.6773,0.4581,126.0,72.0,0.0196,0.0269
mp-20301,La2Pd2Pb,10,unseen,70.687,17.2805,0.2445,,,0.0076,0.06
mp-20310,LiInSe2,16,test,23.3044,10.6712,0.4579,30.0,14.0,0.0199,0.1995
mp-20314,NpSnIr,9,unseen,125.8405,40.4082,0.3211,,,0.039,0.0061
mp-20401,HfCuSi2,8,test,148.9276,89.2497,0.5993,135.0,87.0,0.0107,0.0043
mp-20532,PrSb2Pd,8,unseen,77.1098,32.512,0.4216,,,0.0193,0.0773
mp-20601,NdPb3,4,train,48.8301,9.6872,0.1984,47.0,8.0,0.0139,0.062
mp-20618,Y2Co3Si5,40,train,137.7539,76.7535,0.5572,140.0,61.0,0.0088,0.0058
mp-20674,Ba2YCu3O7,13,train,105.8572,52.8334,0.4991,109.0,55.0,0.0173,0.0124
mp-20704,U(MnAl2)4,26,unseen,115.0444,74.4579,0.6472,,,0.0163,0.0032
mp-20771,Eu(ZnGe)2,10,unseen,62.2122,36.2841,0.5832,,,0.0366,0.0146
mp-2078,TiCu,4,val,129.2716,58.9753,0.4562,130.0,62.0,0.0089,0.0102
mp-20887,VSn2,48,test,95.6157,56.087,0.5866,98.0,52.0,0.0294,0.0254
mp-20897,Ba4Y2Cu6O13,25,val,96.2218,46.0648,0.4787,94.0,47.0,0.0163,0.011
mp-210,BaLi4,30,unseen,13.9605,8.2891,0.5938,,,0.0697,0.1465
mp-21081,ScNiB4,24,unseen,203.8633,157.3927,0.7721,,,0.0176,0.0121
mp-21090,MnNiGe,6,train,149.4774,51.4966,0.3445,131.0,60.0,0.0346,0.0364
mp-2124,Ho4Sb3,28,unseen,65.4282,37.1064,0.5671,,,0.0136,0.0173
mp-21256,Mn7C3,40,unseen,264.6427,125.4532,0.474,,,0.0232,0.0293
mp-21279,EuSi,8,unseen,40.0202,18.6938,0.4671,,,0.0146,0.0312
mp-2130,LuNi2,24,val,147.2397,50.5398,0.3432,109.0,44.0,0.0023,0.0348
mp-21340,HfGePt,12,train,177.9147,82.2148,0.4621,177.0,79.0,0.0121,0.0163
mp-21385,In3Ni2,5,train,107.987,46.732,0.4328,92.0,46.0,0.0082,0.0088
mp-21387,CeInPd,9,unseen,82.0747,29.3634,0.3578,,,0.0203,0.0296
mp-2143,USe,8,unseen,77.7617,33.5106,0.4309,,,0.0177,0.0117
mp-21441,CeSiIr,12,unseen,123.7662,31.5932,0.2553,,,0.0131,0.0353
mp-21494,UCoSn,9,unseen,114.7894,52.8347,0.4603,,,0.0175,0.072
mp-215,YSb,8,train,54.8685,30.5303,0.5564,46.0,29.0,0.0051,0.0252
mp-21542,K2CeTa5O15,46,unseen,160.9104,82.1712,0.5107,,,0.0064,0.0279
mp-21657,Tl5Se3,32,unseen,29.6955,10.2759,0.346,,,0.0372,0.0823
mp-21658,Sm5Ga3,32,unseen,50.8063,28.62,0.5633,,,0.0133,0.0328
mp-21707,Er2CrS4,56,unseen,76.8176,35.4306,0.4612,,,0.014,0.0159
mp-21741,K2In2As3,56,unseen,28.0985,20.4366,0.7273,,,0.0268,0.0358
mp-21756,Sr(In4Rh)2,44,unseen,62.0774,28.5918,0.4606,,,0.0322,0.0493
mp-21838,Ce(SeO4)2,88,unseen,44.961,28.9314,0.6435,,,0.0607,0.0445
mp-22041,HoGeRu,12,unseen,122.2188,60.4976,0.495,,,0.0054,0.0088
mp-22211,V3Sn,8,unseen,178.7178,22.7091,0.1271,,,0.0314,0.094
mp-22264,CsSr2Nb3O10,16,unseen,118.5608,52.0692,0.4392,,,0.0197,0.0117
mp-22266,GdB6,7,val,169.519,103.9879,0.6134,171.0,91.0,0.0099,0.0162
mp-22289,Mn2CoGe,16,train,188.4095,84.2095,0.4469,184.0,84.0,0.0215,0.0175
mp-22328,K4PbO4,18,unseen,45.2451,13.1919,0.2916,,,0.1505,0.0847
mp-22360,U2Co2Sn,10,unseen,127.2675,53.0447,0.4168,,,0.0345,0.0642
mp-22485,TbCuSb2,8,unseen,67.3048,36.1763,0.5375,,,0.021,0.0336
mp-22499,EuSnF7,18,unseen,34.2757,22.3821,0.653,,,0.0212,0.0535
mp-2254,Al2O3,40,train,185.5605,113.8815,0.6137,201.0,103.0,0.0154,0.0048
mp-22709,TaNiB2,16,unseen,277.1934,192.9089,0.6959,,,0.0078,0.0204
mp-22714,LuCoC,6,unseen,138.7927,68.454,0.4932,,,0.0329,0.0507
mp-22717,CaIn2Pd,16,unseen,59.0956,24.1797,0.4092,,,0.035,0.0557
mp-22718,TbInAu,9,unseen,79.1839,33.2363,0.4197,,,0.009,0.0272
mp-22747,Pb(CO2)2,14,train,22.357,10.9124,0.4881,20.0,11.0,0.0223,0.0409
mp-22788,Eu(PRu)2,10,unseen,109.4775,74.2936,0.6786,,,0.0114,0.0333
mp-22922,AgCl,8,train,46.038,6.6272,0.144,43.0,7.0,0.0234,0.0054
mp-22932,KInBr4,24,unseen,8.8617,3.6288,0.4095,,,0.0803,0.0683
mp-22939,BiClO,6,test,28.1555,20.2812,0.7203,26.0,18.0,0.0476,0.0248
mp-22990,CsICl2,12,unseen,7.064,4.1837,0.5923,,,0.0672,0.0846
mp-230,SbO2,24,train,118.6557,77.4869,0.653,96.0,55.0,0.0221,0.0266
mp-23037,CsPbCl3,5,train,21.895,8.2237,0.3756,21.0,9.0,0.0203,0.0573
mp-23070,BaBrF,6,unseen,30.9933,17.6537,0.5696,,,0.0115,0.0306
mp-2311,NbO,6,test,202.9712,91.192,0.4493,243.0,140.0,0.0161,0.0034
mp-23131,Sr2BN2Cl,24,unseen,50.2989,21.4432,0.4263,,,0.0272,0.01
mp-23181,SrI2,24,unseen,15.5591,6.4463,0.4143,,,0.0594,0.0525
mp-23206,BiPd,16,unseen,87.2263,20.1951,0.2315,,,0.0307,0.0135
mp-23219,CuBr2,6,train,6.1888,3.6288,0.5863,7.0,4.0,0.0806,0.0711
mp-23313,InBi,4,val,41.9351,9.5477,0.2277,33.0,16.0,0.0803,0.0529
mp-23324,BiSBr,12,unseen,13.7073,9.3814,0.6844,,,0.058,0.0254
mp-23384,LiIO3,40,unseen,37.8751,23.3258,0.6159,,,0.1565,0.0167
mp-23592,Ag2Hg7(As2I3)2,76,unseen,27.4322,8.1942,0.2987,,,0.1312,0.063
mp-23645,KBiS(ClO2)2,36,unseen,20.0676,12.4574,0.6208,,,0.0317,0.038
mp-23740,Mg2PHO5,36,unseen,81.1335,51.0981,0.6298,,,0.0193,0.0115
mp-23755,BaH3C3O7,56,unseen,27.5588,10.3332,0.375,,,0.0707,0.1196
mp-2377,GaMo3,8,unseen,220.9284,95.138,0.4306,,,0.01,0.0453
mp-23846,KHF2,16,val,23.2712,10.9225,0.4694,26.0,13.0,0.0462,0.0417
mp-23989,GdH12(ClO2)3,44,unseen,18.4591,8.2681,0.4479,,,0.049,0.0306
mp-24093,CuH,4,train,108.9109,34.7608,0.3192,108.0,33.0,0.007,0.0085
mp-24095,PrH2,12,train,71.1972,37.1101,0.5212,77.0,39.0,0.0239,0.0091
mp-24152,HoH2,12,train,80.6764,44.9571,0.5573,88.0,43.0,0.0243,0.0496
mp-2416,YF3,16,unseen,152.0454,43.4168,0.2856,,,0.0986,0.0374
mp-24215,ScH3Br3N,32,unseen,18.6832,11.3991,0.6101,,,0.0259,0.0481
mp-24337,MgH2Cl2O,24,unseen,23.8498,11.0961,0.4652,,,0.0398,0.0181
mp-24340,K3GeH3S3O2,24,unseen,17.3707,9.3957,0.5409,,,0.0347,0.0511
mp-24361,CaP2(HO2)4,30,unseen,43.009,25.9488,0.6033,,,0.0696,0.0402
mp-24362,CuH6CN2O3,52,unseen,25.0314,9.1495,0.3655,,,0.0253,0.025
mp-24606,Rb2MgH8(CO5)2,46,unseen,28.966,10.8228,0.3736,,,0.019,0.0095
mp-24802,Sr2Al3Si3HO13,88,unseen,130.7194,75.7009,0.5791,,,0.0165,0.0046
mp-2512,AsPd5,24,unseen,167.0535,46.4643,0.2781,,,0.0105,0.0241
mp-25400,Li2TiPCO7,24,unseen,63.2874,30.1988,0.4772,,,0.0374,0.0643
mp-2579,HoPt2,24,unseen,167.6423,72.5568,0.4328,,,0.017,0.0241
mp-2619,FeSb,4,train,106.4449,55.4921,0.5213,94.0,54.0,0.0225,0.0234
mp-26209,LiBiP2O7,22,unseen,39.7205,19.8221,0.499,,,0.0194,0.0676
mp-26477,LiCuPO4,14,unseen,66.5773,27.7952,0.4175,,,0.0777,0.0477
mp-2663,Nb3Pt,8,test,203.8043,65.6616,0.3222,207.0,80.0,0.0014,0.1074
mp-26721,Li2Nb(PO4)2,26,unseen,62.6406,39.4224,0.6293,,,0.026,0.0285
mp-2677,ScPd3,4,test,151.7525,62.9996,0.4151,155.0,52.0,0.0136,0.0293
mp-2697,SrO2,6,train,78.6587,46.9302,0.5966,71.0,38.0,0.0131,0.0141
mp-27063,Li2CuPO4,16,unseen,66.6693,35.1804,0.5277,,,0.0485,0.039
mp-27135,Bi(PO3)3,52,unseen,53.9036,33.1803,0.6155,,,0.0369,0.1036
mp-27211,KSb4F13,36,unseen,35.1382,13.4257,0.3821,,,0.0507,0.0739
mp-27228,Tl6Si2O7,30,unseen,21.6698,17.6906,0.8164,,,0.0892,0.0123
mp-27314,SbClF8,20,unseen,13.4266,6.2133,0.4628,,,0.0976,0.1074
mp-27316,Rb5Zr4F21,60,unseen,24.5219,12.2045,0.4977,,,0.0113,0.0833
mp-27363,BaVSe3,10,unseen,57.5888,19.8072,0.3439,,,0.0307,0.0607
mp-27418,KAuO2,4,train,48.0662,16.6988,0.3474,40.0,16.0,0.0386,0.0382
mp-2748,CeAs,8,train,58.7288,41.584,0.7081,61.0,43.0,0.0204,0.0288
mp-27496,YUO4,6,unseen,183.846,82.8414,0.4506,,,0.0129,0.0165
mp-27522,K2Zr2O5,36,unseen,104.23,39.1298,0.3754,,,0.0363,0.0095
mp-27635,Rb2SnI6,36,unseen,8.1976,5.2389,0.6391,,,0.0373,0.0548
mp-27673,TaPS6,128,unseen,9.6053,5.4433,0.5667,,,0.1215,0.0841
mp-27691,K2PtBr6,36,train,10.5553,6.4553,0.6116,10.0,6.0,0.0211,0.0137
mp-27812,RbTiI3,30,unseen,9.8987,4.1056,0.4148,,,0.0536,0.0319
mp-2782,ZnP2,24,train,73.6272,38.9387,0.5289,68.0,42.0,0.0261,0.0363
mp-27896,BF3,32,unseen,18.4182,10.1504,0.5511,,,0.0151,0.2856
mp-27931,Rb2SnO2,20,unseen,26.6999,10.4106,0.3899,,,0.0235,0.0309
mp-28014,H5BrO2,32,unseen,11.0841,6.5715,0.5929,,,0.1397,0.0446
mp-28029,TcP3,16,unseen,156.3926,112.276,0.7179,,,0.0337,0.0444
mp-28112,In5Cl9,84,unseen,10.595,5.8692,0.554,,,0.0992,0.0781
mp-28123,H7NF4,72,unseen,23.1876,9.2461,0.3988,,,0.0532,0.0152
mp-28130,Nb(PS4)2,44,unseen,9.3628,4.4496,0.4752,,,0.0885,0.1104
mp-28303,Na3SiSe4,64,unseen,20.2714,10.4628,0.5161,,,0.0034,0.046
mp-28336,Li3P7,40,train,26.6638,13.0803,0.4906,24.0,12.0,0.0047,0.0282
mp-28347,K3Al2As3,16,unseen,24.5664,16.2388,0.661,,,0.0267,0.0867
mp-28376,CuAuF5,7,train,34.5331,15.1574,0.4389,28.0,12.0,0.0623,0.0364
mp-28545,RbLiO,12,unseen,31.2213,18.8132,0.6026,,,0.0479,0.0597
mp-2857,ScN,8,train,197.4504,146.0301,0.7396,200.0,156.0,0.0188,0.0159
mp-28613,LiBPt3,15,unseen,177.4119,65.1258,0.3671,,,0.0209,0.009
mp-28660,Ca2Cu6P5,26,unseen,90.6678,42.781,0.4718,,,0.0095,0.0233
mp-28939,U4Te3O4,22,unseen,61.9961,32.7871,0.5289,,,0.0211,0.03
mp-29039,P3RuO9,52,unseen,41.2998,35.2184,0.8528,,,0.116,0.093
mp-29040,Li3Zr4F19,52,unseen,39.6766,21.634,0.5453,,,0.031,0.0294
mp-2911,Ba3(SnP2)2,36,unseen,33.7937,23.2477,0.6879,,,0.0549,0.0242
mp-29221,Ca2AlF7,40,unseen,58.7713,31.1284,0.5297,,,0.0715,0.039
mp-29242,Ba3PbO,5,unseen,25.9073,16.3455,0.6309,,,0.0578,0.0527
mp-29264,SICl7,36,unseen,3.1228,1.4858,0.4758,,,0.1133,0.08
mp-29267,Sn5Sb2S9,64,unseen,24.4562,14.8651,0.6078,,,0.009,0.0046
mp-29344,LiGaCl3,40,unseen,14.1832,6.6487,0.4688,,,0.0698,0.1124
mp-29565,PrSiPd,24,unseen,96.4981,38.4338,0.3983,,,0.0079,0.0271
mp-29694,KAuBr4,24,unseen,9.1782,3.1772,0.3462,,,0.061,0.0294
mp-29752,NiGePt2,32,train,200.7675,64.2256,0.3199,196.0,59.0,0.0039,0.0263
mp-29785,Zr2(V2Sb3)3,34,unseen,98.2001,57.4047,0.5846,,,0.0058,0.0072
mp-29820,Ca3(AlN2)2,72,unseen,101.6243,55.082,0.542,,,0.0236,0.0203
mp-29943,H5NO5,88,unseen,21.8222,8.46,0.3877,,,0.1246,0.0341
mp-29972,Nd2P3Au,24,unseen,79.3244,47.7535,0.602,,,0.0176,0.0052
mp-30009,KrF2,6,unseen,7.9841,6.9668,0.8726,,,0.1694,0.0998
mp-30097,Bi2Te7Cl8,34,unseen,7.7895,3.8045,0.4884,,,0.0536,0.007
mp-30140,BeI2,96,unseen,4.6409,1.4701,0.3168,,,0.1584,0.0667
mp-30195,HoCuP2,8,unseen,104.6296,61.3398,0.5863,,,0.0198,0.0229
mp-30206,CsClO4,24,train,13.8568,5.4918,0.3963,13.0,5.0,0.0572,0.0591
mp-3035,Ce(FeSi)2,10,train,127.5797,83.6437,0.6556,144.0,76.0,0.0057,0.0099
mp-30364,BaAu5,6,train,79.185,19.0135,0.2401,76.0,14.0,0.0204,0.0433
mp-30390,HoSnAu,12,unseen,88.211,35.9097,0.4071,,,0.0167,0.0106
mp-30403,Li2PbAu,16,train,71.1777,37.872,0.5321,58.0,41.0,0.0195,0.0249
mp-30494,ScCd3,8,train,62.3291,26.059,0.4181,61.0,27.0,0.0182,0.0269
mp-30497,TbCd2,3,train,52.1564,31.4351,0.6027,56.0,32.0,0.0027,0.0164
mp-30506,CeHg2,3,train,50.6019,28.3987,0.5612,56.0,29.0,0.0139,0.0068
mp-30527,TaS3,24,unseen,27.0573,15.7876,0.5835,,,0.1109,0.0658
mp-3053,DyAlNi,9,train,98.2775,39.6753,0.4037,100.0,33.0,0.0093,0.0097
mp-30606,DyInPd2,16,unseen,108.797,28.4934,0.2619,,,0.012,0.0414
mp-30626,DyZn3,16,unseen,70.2301,37.9352,0.5402,,,0.0137,0.0344
mp-30703,Hf11Ga10,84,unseen,120.0148,71.1867,0.5931,,,0.0172,0.0074
mp-30815,LaAl3Pd2,6,train,112.6738,52.0461,0.4619,117.0,49.0,0.0054,0.0029
mp-30819,LiAl2Pt,16,train,119.5453,53.0369,0.4437,127.0,54.0,0.0044,0.0124
mp-30874,Th5Sn4,18,unseen,79.531,31.1727,0.392,,,0.0185,0.0244
mp-30905,Ba3(BN2)2,36,unseen,50.7433,18.0471,0.3557,,,0.0401,0.0164
mp-3097,Tb(SiRh)2,10,train,152.7906,87.5241,0.5728,157.0,90.0,0.0105,0.0261
mp-30989,Sn(NO3)4,68,unseen,11.9618,6.6498,0.5559,,,0.0757,0.0464
mp-31036,CuTe2Br,16,unseen,17.6936,7.3197,0.4137,,,0.023,0.0672
mp-31037,CuTe2I,16,unseen,17.7042,7.3028,0.4125,,,0.1352,0.0669
mp-31094,Tb2FeSi2,20,unseen,99.0117,55.0662,0.5562,,,0.006,0.0616
mp-31105,RbBi,32,unseen,18.2055,3.9483,0.2169,,,0.0685,0.0771
mp-31117,NdScO3,20,unseen,153.8037,81.153,0.5276,,,0.0036,0.0075
mp-31127,Sr3P4O13,40,unseen,73.3007,37.5961,0.5129,,,0.0177,0.0274
mp-31166,DyTlS2,12,unseen,47.3245,23.189,0.49,,,0.0637,0.0676
mp-31180,DyAl4Ni,24,unseen,97.9405,55.8224,0.57,,,0.0066,0.0106
mp-3120,Tm2Cu2O5,36,unseen,134.2345,48.5381,0.3616,,,0.027,0.047
mp-31202,Pr(SiAu)2,10,unseen,112.3968,43.138,0.3838,,,0.0037,0.0456
mp-31214,Ti3P,32,unseen,144.422,74.3064,0.5145,,,0.0076,0.0154
mp-31268,AlBiBr6,16,unseen,3.3354,2.2347,0.67,,,0.1135,0.0218
mp-31387,ErGaPd,12,unseen,95.8165,39.8036,0.4154,,,0.0087,0.0232
mp-31427,ErInNi,9,unseen,88.7685,35.0336,0.3947,,,0.0188,0.0252
mp-31449,HoAgPb,6,unseen,69.7171,35.0906,0.5033,,,0.0032,0.0161
mp-31481,Ca3Ga3Ir2,32,unseen,76.708,31.1945,0.4067,,,0.0373,0.0479
mp-3155,Sc3FeC4,16,train,173.9768,111.9245,0.6433,178.0,120.0,0.0199,0.006
mp-3216,Li2ZrN2,5,test,125.5337,75.8617,0.6043,132.0,113.0,0.0389,0.0169
mp-3250,Ni2SbTe2,10,unseen,39.7781,24.5884,0.6181,,,0.0234,0.014
mp-32606,Ba3P2,80,unseen,31.1653,20.7686,0.6664,,,0.0324,0.0704
mp-32697,Y10H21,31,unseen,70.2735,57.0599,0.812,,,0.0365,0.0138
mp-333,HfFe2,24,train,164.2217,78.5926,0.4786,162.0,82.0,0.0049,0.016
mp-3359,Ba2SnO4,14,val,101.6772,54.0677,0.5318,96.0,52.0,0.0298,0.0209
mp-33708,Mn(FeO2)2,28,train,154.4126,64.2585,0.4161,162.0,63.0,0.0057,0.0067
mp-34034,Ba8P5Br,28,unseen,32.101,22.5529,0.7026,,,0.0279,0.0372
mp-34175,Ce2CdSe4,28,unseen,57.799,27.6084,0.4777,,,0.0456,0.0441
mp-3433,YMgNi4,24,val,133.2554,56.2743,0.4223,123.0,56.0,0.0055,0.0123
mp-34580,Er3Pb4F17,48,unseen,85.2779,38.8566,0.4556,,,0.0399,0.0772
mp-3470,MgSiO3,40,train,128.5993,76.0873,0.5917,96.0,67.0,0.0162,0.0045
mp-34982,Ag3AuS2,6,unseen,32.8604,9.6734,0.2944,,,0.1143,0.0866
mp-35071,InAgSe2,16,unseen,71.1715,21.8681,0.3073,,,0.0346,0.0368
mp-35205,LiErSe2,16,unseen,45.5,28.138,0.6184,,,0.0124,0.0072
mp-3536,MgAl2O4,56,train,169.6676,94.4979,0.557,180.0,96.0,0.0116,0.0277
mp-3538,Hg3TeO6,160,unseen,72.1412,31.4299,0.4357,,,0.1646,0.058
mp-35555,LaOF,12,unseen,117.6089,56.0303,0.4764,,,0.0285,0.0131
mp-35909,AgBiI4,24,unseen,8.5296,3.5031,0.4107,,,0.1315,0.0589
mp-36383,Ag3(PO4)2,39,unseen,70.9867,28.582,0.4026,,,0.0357,0.0586
mp-36508,SnHgF6,24,train,13.0895,13.2287,1.0106,3.0,13.0,0.0197,0.1589
mp-3689,NdCo4B,12,train,155.6466,61.6616,0.3962,150.0,64.0,0.0062,0.0101
mp-37091,Sr(AlTe2)2,14,train,25.4912,12.326,0.4835,23.0,14.0,0.0902,0.0304
mp-3710,HoBRh3,5,train,186.9415,83.5019,0.4467,183.0,85.0,0.0122,0.0243
mp-38011,KHS,9,unseen,13.7648,8.4041,0.6105,,,0.0447,0.0721
mp-38212,Ta2TlO6,36,unseen,116.9235,61.0601,0.5222,,,0.0387,0.0434
mp-38220,RbNO3,30,unseen,14.7189,5.468,0.3715,,,0.0428,0.1167
mp-38322,Mg(IO3)2,18,unseen,26.1352,28.2825,1.0822,,,0.0861,0.0236
mp-38327,Ca(TbS2)2,28,unseen,75.6447,41.7414,0.5518,,,0.0114,0.03
mp-38725,NaBH4,12,train,17.5948,12.3845,0.7039,19.0,10.0,0.0072,0.0184
mp-38856,Mn2FeO4,28,unseen,132.472,58.6883,0.443,,,0.0074,0.0086
mp-3915,BaHgO2,12,unseen,45.5621,14.7268,0.3232,,,0.0759,0.1018
mp-3927,CaAsAu,6,test,64.9781,31.4083,0.4834,57.0,26.0,0.0144,0.0488
mp-399,Te2Pt,3,test,31.7322,19.9882,0.6299,49.0,28.0,0.0631,0.0561
mp-39995,SrNbFeO6,18,unseen,157.2958,79.6657,0.5065,,,0.0165,0.0111
mp-4008,ZnGeAs2,16,train,61.4964,37.2554,0.6058,61.0,37.0,0.0196,0.0119
mp-4172,Na5GeP3,36,unseen,31.4026,18.8718,0.601,,,0.0079,0.0095
mp-4180,Ca2SiO4,28,train,91.8739,49.2968,0.5366,96.0,48.0,0.0067,0.0224
mp-4192,Ca3AsN,20,test,61.4627,50.8047,0.8266,60.0,45.0,0.0509,0.0186
mp-4284,Ho2CdSe4,56,unseen,52.8981,20.4209,0.386,,,0.0355,0.0252
mp-429,ZnNi,2,train,164.0467,61.3016,0.3737,146.0,63.0,0.0019,0.0073
mp-4309,BaGa4S7,24,unseen,29.2464,20.6402,0.7057,,,0.0751,0.0329
mp-4342,KNbO3,5,val,132.3922,80.9545,0.6115,103.0,41.0,0.0054,0.0184
mp-4366,Na2PtC2,5,train,56.6573,21.2037,0.3742,52.0,24.0,0.036,0.0145
mp-4481,Ca2SiO4,28,train,86.2389,45.1234,0.5232,90.0,49.0,0.0154,0.0526
mp-4591,SrNb2O6,36,unseen,128.9531,56.1491,0.4354,,,0.012,0.0402
mp-4609,HfSiO4,24,unseen,190.2516,83.2077,0.4374,,,0.0371,0.0201
mp-4624,TaBO4,24,unseen,239.3597,136.2047,0.569,,,0.0103,0.0089
mp-4636,ScCuO2,12,val,145.2147,49.8127,0.343,135.0,46.0,0.0205,0.0104
mp-4638,TlCrTe2,4,unseen,23.6216,16.0943,0.6813,,,0.0323,0.039
mp-4652,MnRh2Pb,16,train,123.619,46.4881,0.3761,107.0,47.0,0.025,0.0242
mp-466,Nb2F5,42,unseen,71.9614,40.8581,0.5678,,,0.0361,0.0644
mp-4721,RbSb3Se5,36,unseen,13.157,6.5716,0.4995,,,0.0609,0.0718
mp-4771,TiAlCu2,16,train,130.6847,60.9036,0.466,134.0,62.0,0.0102,0.0185
mp-4992,ScCrC2,8,test,206.957,114.0807,0.5512,209.0,133.0,0.0289,0.0259
mp-504151,LiBi2(PO4)3,36,unseen,31.5439,20.9052,0.6627,,,0.0271,0.0615
mp-504828,NdH12(NO5)3,62,unseen,27.3281,11.8447,0.4334,,,0.0712,0.0326
mp-505110,FeCuO2,8,train,149.3519,47.5309,0.3182,144.0,50.0,0.0068,0.0096
mp-505132,Ta3Te14Pd3,40,unseen,22.2975,14.7687,0.6624,,,0.0378,0.0305
mp-505391,Li6CoCl8,60,unseen,31.5307,15.7223,0.4986,,,0.0252,0.0536
mp-5054,Pr(CoP)2,10,unseen,115.2724,82.5459,0.7161,,,0.0156,0.0368
mp-505443,Na3(FeSe2)2,36,unseen,34.7493,13.508,0.3887,,,0.0322,0.0238
mp-505540,TiAsRh,12,train,177.6485,72.1668,0.4062,178.0,76.0,0.0098,0.0107
mp-5076,SrZrO3,20,train,158.7994,85.0076,0.5353,144.0,87.0,0.0075,0.012
mp-510283,CsGaSe3,20,unseen,8.4339,5.4767,0.6494,,,0.1273,0.054
mp-510341,Cs3Ge4Au,16,unseen,11.1362,10.8771,0.9767,,,0.1466,0.0686
mp-510404,GdSe,8,train,72.2346,33.2174,0.4599,90.0,37.0,0.0182,0.0125
mp-510430,Li13In3,128,val,21.0803,11.7294,0.5564,23.0,17.0,0.0088,0.0266
mp-510521,Y5Ga3,16,unseen,58.1062,26.8178,0.4615,,,0.0278,0.0157
mp-5112,Pr(CoSi)2,10,train,121.4963,81.1438,0.6679,118.0,85.0,0.0138,0.0203
mp-5122,Na3AlP2,24,train,31.0127,16.4911,0.5318,28.0,16.0,0.0102,0.0103
mp-530379,Tb2TiO5,64,unseen,137.0714,63.2542,0.4615,,,0.0068,0.0182
mp-531265,Ca3(BN2)2,54,unseen,81.1695,26.3451,0.3246,,,0.0338,0.0318
mp-532091,Na26In4O19,196,unseen,45.6556,24.3603,0.5336,,,0.0279,0.018
mp-5396,MnCo2Sb,16,train,152.9456,74.9117,0.4898,150.0,73.0,0.0152,0.0241
mp-5400,Th(CrSi)2,10,train,140.9677,48.5026,0.3441,146.0,40.0,0.0169,0.064
mp-540118,MnPO4,24,unseen,16.1169,11.1982,0.6948,,,0.0275,0.0362
mp-540267,CrP2O7,20,unseen,59.1202,43.3759,0.7337,,,0.0155,0.0664
mp-540634,TaTl(GeO3)3,28,unseen,62.122,32.9486,0.5304,,,0.1188,0.0504
mp-540795,Ba3SrTa2O9,30,unseen,83.1516,43.5679,0.524,,,0.0093,0.0202
mp-540877,La3InS6,40,unseen,70.3545,29.6089,0.4209,,,0.0055,0.0137
mp-541090,Ce(SeO3)2,36,unseen,42.0404,23.5906,0.5611,,,0.0308,0.0417
mp-541282,KZr2(AsO4)3,108,unseen,47.5034,31.3398,0.6597,,,0.0765,0.01
mp-541324,Sr2ErGaCu2O7,52,unseen,111.1537,52.1258,0.469,,,0.0115,0.004
mp-541482,BaCeC2O6F,66,unseen,68.3576,29.2667,0.4281,,,0.0285,0.0467
mp-541513,NaGdTiO4,28,unseen,109.6037,44.2575,0.4038,,,0.0182,0.0207
mp-541568,Sr2Li3NbN4,40,unseen,70.914,50.4283,0.7111,,,0.0118,0.0515
mp-541593,ZrPb2F8,44,unseen,67.8779,28.0447,0.4132,,,0.0815,0.0258
mp-541640,Nd4Os6O19,58,unseen,198.6123,87.3274,0.4397,,,0.0136,0.0136
mp-541654,ReSbOF9,48,unseen,7.8726,3.4018,0.4321,,,0.0481,0.136
mp-541811,Cs6K3GaSb4,28,unseen,7.5361,6.9927,0.9279,,,0.0966,0.0614
mp-542021,Sc2CrB2Rh5,20,unseen,192.8555,90.8915,0.4713,,,0.0091,0.0203
mp-542031,CrPbO4,24,unseen,31.2566,17.9715,0.575,,,0.0278,0.0211
mp-542199,Ag4HgGe2S7,56,unseen,34.3312,15.1848,0.4423,,,0.0529,0.0156
mp-542429,Mg3Rh,24,train,68.0594,29.5454,0.4341,66.0,27.0,0.0034,0.0278
mp-542458,Ce2Zn17,57,unseen,78.1684,39.6001,0.5066,,,0.0286,0.0207
mp-542583,EuTe,8,val,38.341,20.8302,0.5433,33.0,23.0,0.0236,0.0498
mp-542739,Co21(SnB3)2,116,unseen,231.0744,92.6963,0.4012,,,0.0078,0.0074
mp-542748,Ho3Ge5,64,unseen,74.7953,53.8003,0.7193,,,0.024,0.0126
mp-542992,DyGa3Ni2,18,unseen,114.2482,60.2329,0.5272,,,0.0033,0.0493
mp-546546,SiO2,27,train,69.6648,35.3641,0.5076,83.0,38.0,0.0076,0.0127
mp-546633,KClO4,24,train,60.969,11.3835,0.1867,46.0,8.0,0.1291,0.0339
mp-5501,Tl(CoS)2,10,train,51.4066,24.4434,0.4755,56.0,24.0,0.0065,0.029
mp-551918,AlBiO3,30,train,134.5629,74.1928,0.5514,128.0,71.0,0.0213,0.0129
mp-553981,RbMnF4,24,unseen,23.3924,18.0718,0.7725,,,0.0565,0.0239
mp-554053,SrGaBO4,56,unseen,58.876,26.1089,0.4435,,,0.0618,0.026
mp-554058,K3NdH6(C2O5)3,62,unseen,26.2165,10.6361,0.4057,,,0.0348,0.0426
mp-554310,TlBiS2,12,unseen,23.5468,10.3688,0.4403,,,0.0418,0.0745
mp-554311,RbCrF6,24,unseen,13.8788,5.8282,0.4199,,,0.0213,0.0857
mp-554352,Ba2CuF6,18,train,58.1034,27.1233,0.4668,58.0,24.0,0.0206,0.0179
mp-554442,LiAuF4,24,unseen,35.829,11.9654,0.334,,,0.0966,0.0294
mp-554445,Bi5IO7,104,unseen,38.0038,25.0635,0.6595,,,0.0593,0.025
mp-554572,K3NbP2O9,60,unseen,43.3797,25.1408,0.5796,,,0.0277,0.0195
mp-5546,Cu8GeS6,30,unseen,83.4824,24.777,0.2968,,,0.0265,0.021
mp-554601,RbCuF3,5,test,61.7856,30.8133,0.4987,64.0,30.0,0.0214,0.0275
mp-554769,MoSBr,48,val,51.6833,16.4677,0.3186,56.0,29.0,0.1481,0.0633
mp-554858,Cs2NaMnF6,60,unseen,19.2639,18.5764,0.9643,,,0.0565,0.0162
mp-554923,Sr(GaO2)2,56,unseen,92.178,41.4846,0.45,,,0.035,0.0093
mp-554929,CsNdNb2O7,22,unseen,100.9859,39.5874,0.392,,,0.021,0.0488
mp-555002,LiEr2S2O8F3,64,unseen,81.3865,37.5062,0.4608,,,0.0332,0.0333
mp-555073,La3As2ClO7,52,unseen,78.4088,31.9348,0.4073,,,0.0395,0.0462
mp-555144,BaAlF5,56,unseen,51.9901,23.1645,0.4456,,,0.0377,0.0285
mp-555160,CsYSeCl2O3,32,unseen,23.7758,11.8668,0.4991,,,0.0704,0.0182
mp-555237,PrSClO4,28,unseen,62.619,25.8923,0.4135,,,0.0828,0.0377
mp-555390,TcO3F,20,unseen,10.5299,10.4479,0.9922,,,0.1921,0.1127
mp-555526,RbAg(NO3)2,40,unseen,22.757,6.7613,0.2971,,,0.0992,0.0405
mp-555543,ZnS,48,unseen,67.4901,32.9151,0.4877,,,0.0251,0.029
mp-555792,Na(OsO3)2,72,unseen,127.6247,57.9365,0.454,,,0.0375,0.0989
mp-555797,Zn4As2O9,120,unseen,106.7017,30.5659,0.2865,,,0.0244,0.025
mp-555800,La2Si2O7,132,unseen,124.4299,53.4565,0.4296,,,0.0263,0.0073
mp-555812,NaSr3BiO6,66,unseen,83.14,47.4081,0.5702,,,0.0372,0.0318
mp-555914,K2CaP2O7,48,unseen,50.794,31.0059,0.6104,,,0.0667,0.0285
mp-555935,Ta2S,36,unseen,84.3735,45.3943,0.538,,,0.1097,0.0649
mp-555976,Na2TiSiO5,36,unseen,72.1437,47.3609,0.6565,,,0.0234,0.0164
mp-556079,Eu(IO3)3,52,unseen,24.4122,22.1326,0.9066,,,0.0575,0.0541
mp-556151,H9C3N3O2,68,unseen,24.3448,8.5466,0.3511,,,0.0317,0.0459
mp-556171,CdP2Xe5F22,120,unseen,13.2456,5.3844,0.4065,,,0.1545,0.0376
mp-556194,SrSbSe2F,10,train,42.2044,16.7705,0.3974,44.0,16.0,0.0412,0.0219
mp-556234,Rb3Sb5O14,88,unseen,106.3573,61.8606,0.5816,,,0.0263,0.0334
mp-556258,Na3BeAl(SiO4)2,30,unseen,58.972,48.7626,0.8269,,,0.0289,0.0235
mp-556374,K2U3(IO5)4,29,unseen,24.8814,22.2692,0.895,,,0.0268,0.0398
mp-556393,RbBe4(BO3)3,68,unseen,89.3782,73.7948,0.8256,,,0.0593,0.0593
mp-556407,Ba3Bi2TeO9,30,unseen,85.3379,36.2351,0.4246,,,0.0362,0.0041
mp-556414,CsTmSeCl2O3,32,unseen,25.8978,14.3618,0.5546,,,0.0504,0.004
mp-556522,K3Cu2(BiS2)5,40,unseen,25.6728,14.3528,0.5591,,,0.0478,0.0723
mp-5566,KCuF3,5,train,66.0199,33.211,0.503,57.0,25.0,0.0097,0.0129
mp-556754,Ti3O5,32,unseen,184.5821,72.4241,0.3924,,,0.0342,0.0074
mp-556814,LiNdGeO4,28,unseen,118.5788,56.9108,0.4799,,,0.0061,0.1004
mp-556850,BaMnF4,24,unseen,59.9479,27.1165,0.4523,,,0.0261,0.0094
mp-556894,Rb2SbAuS4,32,unseen,10.7786,4.3319,0.4019,,,0.019,0.1104
mp-556934,KNaSiF6,36,unseen,33.5387,14.6358,0.4364,,,0.0306,0.0383
mp-556961,SiO2,24,train,37.4067,34.9608,0.9346,25.0,31.0,0.0682,0.0127
mp-557025,K2SeO4,84,unseen,26.9796,12.1226,0.4493,,,0.0428,0.0316
mp-557071,KBi6ClO9,272,unseen,38.6378,21.5605,0.558,,,0.0561,0.0101
mp-557134,SiO2,24,unseen,65.9376,34.6981,0.5262,,,0.012,0.0189
mp-557183,KNaZnO2,20,unseen,45.9321,18.7139,0.4074,,,0.0621,0.0469
mp-557269,Ba2Hg3(PdO2)7,52,unseen,108.1631,27.4528,0.2538,,,0.0392,0.0463
mp-557308,ZnS,20,unseen,67.5106,32.9259,0.4877,,,0.0248,0.0287
mp-557560,LiH4SNO4,44,unseen,25.7884,10.6091,0.4114,,,0.0784,0.0977
mp-557635,Sb2TeSeF10,112,unseen,13.023,4.383,0.3366,,,0.0687,0.0923
mp-557692,Ba3Tl2Cl2O5,24,unseen,64.7251,27.2738,0.4214,,,0.0109,0.0155
mp-557722,LaSO,24,unseen,64.4012,30.5263,0.474,,,0.0562,0.0302
mp-557737,Al2BiS4,28,unseen,18.3163,17.7471,0.9689,,,0.0679,0.0281
mp-557840,NaLa(SO4)2,24,unseen,50.9362,24.9009,0.4889,,,0.0615,0.0223
mp-558025,SiO2,108,unseen,34.0302,34.5664,1.0158,,,0.0151,0.0101
mp-558087,Na2Ca3(Si3O8)2,54,unseen,62.827,39.9853,0.6364,,,0.0215,0.0095
mp-558105,LiB6O9F,68,unseen,30.2451,29.5383,0.9766,,,0.0507,0.0462
mp-558108,U3Tl2(IO5)4,29,unseen,21.6415,18.2588,0.8437,,,0.0247,0.0651
mp-558114,Sr4NbAlO8,56,unseen,99.5874,46.6404,0.4683,,,0.0134,0.0237
mp-558131,Sm2Tc2O7,88,unseen,164.1967,73.4362,0.4472,,,0.0181,0.0166
mp-558169,NaCaAlF6,72,unseen,55.363,29.8194,0.5386,,,0.0425,0.0586
mp-558200,SiO2,24,unseen,73.2474,43.2175,0.59,,,0.0098,0.0255
mp-558257,DySeClO3,24,unseen,30.4561,16.3466,0.5367,,,0.0718,0.0381
mp-558373,PrNb3O9,52,unseen,133.998,60.6542,0.4527,,,0.0232,0.0258
mp-558518,K(NiS)2,10,train,36.0285,22.8968,0.6355,30.0,21.0,0.0502,0.0213
mp-558543,Ca(CO2)2,28,unseen,54.0752,17.369,0.3212,,,0.0539,0.0794
mp-558624,Ba3LaRu2O9,30,unseen,121.4799,54.2288,0.4464,,,0.0105,0.0075
mp-558781,ScTaO4,12,train,177.3489,75.5182,0.4258,177.0,72.0,0.0196,0.0061
mp-558807,ZnAgPS4,28,unseen,27.9166,14.238,0.51,,,0.0381,0.0591
mp-559,YPd3,4,val,132.7317,50.3048,0.379,126.0,56.0,0.0057,0.0092
mp-559139,H8C3N2O,56,unseen,23.2708,9.7024,0.4169,,,0.0127,0.0467
mp-559145,AlPO4,144,unseen,29.3168,32.1801,1.0977,,,0.0895,0.0129
mp-559212,RbReSO3,24,unseen,13.6996,7.0695,0.516,,,0.05,0.1077
mp-559304,Er2Te5O13,40,unseen,39.3713,31.6021,0.8027,,,0.0475,0.0354
mp-559347,SiO2,48,unseen,53.2709,36.3025,0.6815,,,0.0129,0.0145
mp-559756,PrScO3,20,unseen,152.1669,73.906,0.4857,,,0.0046,0.0082
mp-559998,Cs(OsO3)2,72,train,148.5741,87.6836,0.5902,133.0,83.0,0.0038,0.0207
mp-560132,Nd2SiO5,32,unseen,132.2538,66.7069,0.5044,,,0.0167,0.027
mp-5602,Cr2HgSe4,56,unseen,62.3232,27.1201,0.4352,,,0.0538,0.0059
mp-560247,Li2Ca2Si5O13,44,unseen,84.6624,48.5897,0.5739,,,0.0201,0.0116
mp-560293,LiLa5Ti8O24,38,unseen,160.5121,85.9013,0.5352,,,0.0092,0.0181
mp-560329,Ce2Zr2O7,88,unseen,155.8161,69.3985,0.4454,,,0.0252,0.0234
mp-560407,KNbSi2O7,44,unseen,104.9905,55.9803,0.5332,,,0.038,0.0434
mp-560449,K3Ni2F7,24,unseen,59.7695,32.7344,0.5477,,,0.0308,0.02
mp-560549,AuSeClO3,24,unseen,12.3536,5.5161,0.4465,,,0.1269,0.0335
mp-560731,Ba2Ti9O20,124,unseen,138.4982,62.4927,0.4512,,,0.0008,0.0106
mp-560799,NaNdH2S2O9,45,unseen,39.069,21.0466,0.5387,,,0.0078,0.0325
mp-561200,Na3MnF6,20,unseen,46.2934,24.1131,0.5209,,,0.0215,0.0223
mp-561313,Si2Ag6O7,30,unseen,71.3141,19.0873,0.2677,,,0.0397,0.0656
mp-561462,Ba2Nd2Si4O13,42,unseen,97.1076,46.5091,0.4789,,,0.0194,0.015
mp-561531,Y2Si2O7,22,unseen,120.0316,58.0016,0.4832,,,0.0264,0.0305
mp-561751,CsErS2,12,train,37.8458,25.1839,0.6654,41.0,26.0,0.0481,0.0036
mp-561974,Zr7(NO2)4,19,unseen,193.2452,81.8913,0.4238,,,0.0086,0.0214
mp-565428,Mn4Bi3NO15,23,unseen,38.9636,30.9516,0.7944,,,0.0222,0.084
mp-567220,Hf2SbP,8,train,126.5489,67.4122,0.5327,124.0,70.0,0.0258,0.0062
mp-567329,CrHg6As4Br7,72,unseen,15.8358,8.7751,0.5541,,,0.0762,0.0665
mp-567412,Y5Sn3,16,test,60.0249,30.9078,0.5149,62.0,44.0,0.0165,0.0605
mp-567515,Rb2Hg2PdBr8,26,unseen,10.2348,3.493,0.3413,,,0.0545,0.0173
mp-567629,CsPbBr3,20,train,18.4328,6.8607,0.3722,18.0,7.0,0.0138,0.0062
mp-567680,BaCl2,9,unseen,26.7938,11.4006,0.4255,,,0.0112,0.0082
mp-5677,Tb(MnSi)2,10,unseen,118.0546,69.108,0.5854,,,0.0073,0.0221
mp-567716,AlTlCl4,24,unseen,6.9243,3.9459,0.5699,,,0.0329,0.0913
mp-568020,Tl3SiTe3,28,unseen,18.709,12.4302,0.6644,,,0.1044,0.0682
mp-568158,Nd2Fe23B3,224,unseen,141.1263,74.2095,0.5258,,,0.0154,0.0063
mp-568337,ThRh2,6,val,163.4616,42.8341,0.262,170.0,35.0,0.0108,0.0477
mp-568371,Tm(SiRu)2,10,train,162.7714,82.333,0.5058,154.0,77.0,0.0073,0.024
mp-568469,Ca4TiN4,18,test,87.7005,51.1758,0.5835,90.0,43.0,0.0311,0.0535
mp-568488,Mo15Se19,204,unseen,34.0923,16.5753,0.4862,,,0.0271,0.0356
mp-568493,In3SnI5,36,unseen,9.9043,6.0708,0.6129,,,0.0386,0.0827
mp-568703,Pr(NiSb)2,10,unseen,97.572,39.9992,0.4099,,,0.0253,0.0384
mp-568769,LaCo2,24,unseen,114.4259,16.8459,0.1472,,,0.0228,0.0838
mp-568841,Np3Te4,28,unseen,75.1543,29.1923,0.3884,,,0.0401,0.0345
mp-568924,PrB2Rh2C,12,unseen,181.1125,51.9451,0.2868,,,0.0118,0.0354
mp-569026,Nb10Se40I3,106,unseen,18.9217,10.0079,0.5289,,,0.0311,0.0571
mp-569257,Ca3(B3Rh4)2,68,unseen,168.0585,81.4806,0.4848,,,0.0171,0.0139
mp-569275,Nd2WC2,20,unseen,86.2605,57.1623,0.6627,,,0.0189,0.0544
mp-569298,Ca(CoAs)2,10,val,89.6224,50.628,0.5649,83.0,47.0,0.0096,0.0097
mp-569364,Be22Re,184,train,132.0291,131.4894,0.9959,137.0,152.0,0.0239,0.0392
mp-569775,ZrAl3,4,val,102.9174,78.5384,0.7631,100.0,64.0,0.0063,0.0432
mp-569812,BaN3Cl,10,unseen,36.881,17.6495,0.4786,,,0.0584,0.0202
mp-570005,SbBr3,16,unseen,4.9359,1.5501,0.314,,,0.1279,0.0554
mp-570058,Eu(GeIr)2,10,unseen,123.972,62.5758,0.5048,,,0.0076,0.0195
mp-570163,Tm4Mn4Sn7,60,unseen,77.6258,44.9688,0.5793,,,0.0284,0.0689
mp-570166,Zr6Si7Ni16,116,unseen,188.5181,74.0685,0.3929,,,0.0074,0.0151
mp-570167,Rb3SnP3Se11,72,unseen,11.3836,4.8532,0.4263,,,0.0608,0.071
mp-570198,Ba(ZnAs)2,10,train,55.4904,28.8364,0.5197,48.0,23.0,0.0346,0.0425
mp-570236,Pr(PRu)2,10,unseen,123.6957,73.126,0.5912,,,0.0123,0.0269
mp-570292,La7Os4C9,40,unseen,87.2876,33.8587,0.3879,,,0.0151,0.0212
mp-570537,Ce2Br3N,96,unseen,18.1625,14.3092,0.7878,,,0.0493,0.0582
mp-570608,ZrCr2,24,unseen,183.9632,59.594,0.3239,,,0.0313,0.0031
mp-570765,YMg4Cu,48,unseen,44.7433,19.4914,0.4356,,,0.0288,0.0279
mp-570784,Hf2Al3C4,18,test,196.8082,126.7658,0.6441,197.0,156.0,0.0194,0.0107
mp-570801,Y3(Ge3Pt2)2,26,unseen,118.0118,45.1976,0.383,,,0.0203,0.0065
mp-570811,PrRe2,24,train,181.8485,10.0446,0.0552,178.0,10.0,0.0278,0.0243
mp-570844,Ga3Os,16,unseen,121.4076,39.019,0.3214,,,0.0071,0.2411
mp-571059,YCd3,16,train,57.3556,22.2436,0.3878,55.0,19.0,0.0063,0.009
mp-571164,Rb3AgSn3Se8,30,unseen,12.031,8.4396,0.7015,,,0.0464,0.0428
mp-571228,Rb5Sn(PSe5)3,48,unseen,12.4737,4.2743,0.3427,,,0.0357,0.0325
mp-571230,Dy4InRh,96,unseen,57.5408,23.467,0.4078,,,0.0168,0.0203
mp-571310,ZrInPt2,16,train,161.1269,17.9392,0.1113,161.0,18.0,0.0163,0.0293
mp-571381,Tb2AlGe3,24,unseen,78.9214,47.2539,0.5987,,,0.0141,0.0401
mp-571467,Cs2NaYBr6,40,train,37.5408,11.8928,0.3168,38.0,12.0,0.0698,0.0425
mp-571647,La2PI2,5,unseen,19.3651,14.3177,0.7394,,,0.0222,0.0531
mp-572,SmCd,2,train,46.6628,20.0767,0.4303,52.0,18.0,0.0097,0.0185
mp-572149,Cs2Al(NO3)5,69,unseen,12.3813,6.7396,0.5443,,,0.0811,0.031
mp-573316,CsPt2Se3,36,val,24.4376,11.7085,0.4791,23.0,12.0,0.007,0.0321
mp-573471,Li17Sn4,420,unseen,24.8532,19.6488,0.7906,,,0.0216,0.0324
mp-580,PuB2,3,train,159.9773,149.6587,0.9355,139.0,144.0,0.0165,0.0229
mp-581173,Cs10Si7O9,104,unseen,21.7675,12.7213,0.5844,,,0.0981,0.0291
mp-600002,SiO2,24,unseen,32.2651,34.2632,1.0619,,,0.0083,0.0097
mp-601420,Ce(SiAu2)2,28,unseen,124.2389,43.3865,0.3492,,,0.0131,0.0178
mp-601842,Fe9Co7,16,train,192.0862,89.1423,0.4641,190.0,97.0,0.0075,0.0158
mp-603414,Rb2TeH6SeO10,80,unseen,31.9429,15.5037,0.4854,,,0.0243,0.0317
mp-604996,CuH12N2(Cl2O)2,42,unseen,22.1392,7.8905,0.3564,,,0.0165,0.0247
mp-605809,Ba11In6O3,80,unseen,22.5572,13.0877,0.5802,,,0.0256,0.0439
mp-607138,Sc5Bi3,32,unseen,62.5746,36.1975,0.5785,,,0.0097,0.0326
mp-607437,Na2In5Au6,39,unseen,66.2087,18.3082,0.2765,,,0.0375,0.0363
mp-6081,Ba2Ti(SiO4)2,26,unseen,77.4573,42.6918,0.5512,,,0.0335,0.0036
mp-6090,Na2Cu(CO3)2,22,unseen,38.8503,16.9955,0.4375,,,0.0608,0.0495
mp-6097,Li3Al(BO3)2,24,unseen,57.0382,31.0088,0.5436,,,0.0161,0.0808
mp-6101,Ba3Nb6(Si2O13)2,39,unseen,121.9511,59.8325,0.4906,,,0.0289,0.017
mp-615760,Ba5(InSb3)2,26,unseen,31.5313,18.4851,0.5862,,,0.0059,0.0204
mp-6160,Rb2PO3F,28,unseen,23.9028,12.0212,0.5029,,,0.0142,0.0445
mp-616461,Na2ZnCl4,28,unseen,23.7673,9.2125,0.3876,,,0.0104,0.0514
mp-618177,K2ZnCl4,28,unseen,17.6895,9.3007,0.5258,,,0.0452,0.0314
mp-6183,Ba2PrRuO6,20,unseen,98.2029,36.7894,0.3746,,,0.0235,0.0498
mp-619,UB4,20,unseen,183.8076,180.014,0.9794,,,0.0344,0.0146
mp-619126,Ba2TlCuHgO5,20,unseen,59.1506,26.4239,0.4467,,,0.033,0.0255
mp-619128,V6PbO11,36,unseen,156.3808,66.759,0.4269,,,0.0217,0.024
mp-619545,CuMoO4,36,unseen,64.457,27.7394,0.4304,,,0.0758,0.0181
mp-620290,Sr2TlCuO5,9,train,91.6965,49.8113,0.5432,81.0,54.0,0.0158,0.0093
mp-621112,Cs5Nb2S4Cl9,40,unseen,15.0029,6.7352,0.4489,,,0.0412,0.0628
mp-622213,GeS2,96,unseen,19.2084,13.38,0.6966,,,0.0176,0.0779
mp-622262,Te6MoBr3,40,unseen,14.3596,6.2088,0.4324,,,0.0565,0.088
mp-6224,LiScSiO4,28,unseen,125.7906,68.1519,0.5418,,,0.0187,0.0241
mp-622521,BaNd2(MoO4)4,92,unseen,70.5888,25.8483,0.3662,,,0.0613,0.0311
mp-622848,Sm2Ga9Ru5,32,unseen,132.656,63.6828,0.4801,,,0.0192,0.007
mp-624399,CdI2,27,unseen,6.6377,3.0125,0.4538,,,0.0377,0.0201
mp-624928,KEu(CuTe2)2,8,unseen,32.1047,16.4128,0.5112,,,0.0189,0.063
mp-625054,AlHO2,16,unseen,104.3073,59.0021,0.5657,,,0.0646,0.0128
mp-625391,NaH3O2,48,unseen,23.5006,12.7575,0.5429,,,0.0357,0.0555
mp-625487,Zn(HO)2,5,train,48.8804,26.3848,0.5398,46.0,27.0,0.0232,0.0209
mp-626448,H4SO5,40,unseen,24.474,12.2602,0.5009,,,0.06,0.0984
mp-626529,H7NO6,56,unseen,16.879,6.0196,0.3566,,,0.0947,0.0442
mp-626558,Ti3H2O7,48,unseen,91.5574,36.3393,0.3969,,,0.0932,0.0593
mp-628185,K3NaSn3Se8,30,unseen,9.9065,8.2884,0.8367,,,0.0832,0.0203
mp-631280,MnTcOs,12,unseen,265.5231,102.5741,0.3863,,,0.0112,0.0519
mp-631395,CaTaTc,12,unseen,131.2371,33.245,0.2533,,,0.0467,0.0847
mp-631399,OsPtCl2,16,unseen,97.0556,25.3425,0.2611,,,0.2498,0.1493
mp-631421,CrGaTe,12,unseen,50.448,40.0379,0.7936,,,0.0959,0.012
mp-631427,CuIrBr,12,unseen,104.6027,31.8666,0.3046,,,0.1202,0.0466
mp-631536,KBIr2,16,unseen,181.1131,75.3894,0.4163,,,0.0163,0.0351
mp-631543,AlInB,12,unseen,90.5749,48.1776,0.5319,,,0.0449,0.0204
mp-631637,Mg2PbW,16,unseen,66.1793,20.8261,0.3147,,,0.0656,0.0233
mp-631674,LaRe2Ag,16,unseen,135.039,29.1749,0.216,,,0.025,0.0456
mp-6330,RbUN3O11,96,unseen,10.2471,6.3137,0.6161,,,0.035,0.0514
mp-636334,SnRh2,12,test,179.4836,63.3526,0.353,177.0,55.0,0.0088,0.0383
mp-636383,Ba4Sm2Cu2O9,34,unseen,81.875,42.1186,0.5144,,,0.0136,0.0203
mp-636519,Ni(RhO2)2,28,unseen,192.2793,68.0432,0.3539,,,0.0284,0.0943
mp-6392,NaBePO4,84,unseen,62.9082,48.6766,0.7738,,,0.0274,0.0414
mp-639480,SiO2,54,unseen,37.2557,34.0359,0.9136,,,0.0304,0.0103
mp-642725,CaHClO,8,unseen,37.8019,20.5846,0.5445,,,0.035,0.037
mp-642845,Rb3H5Pt,18,unseen,22.1422,11.9162,0.5382,,,0.0685,0.0567
mp-643264,BaMg2FeH8,12,val,51.364,38.4519,0.7486,54.0,39.0,0.022,0.0158
mp-643907,Zr2FeH5,32,unseen,133.378,68.8546,0.5162,,,0.0089,0.0126
mp-644334,K2CoH4(SeO5)2,19,unseen,32.2818,15.1474,0.4692,,,0.0652,0.0141
mp-6450,K2LiAlP2,24,unseen,32.5048,22.5439,0.6936,,,0.0222,0.0361
mp-646192,NaCrF6,32,unseen,17.8803,12.0995,0.6767,,,0.0329,0.1138
mp-646670,Ba2Co4ClO7,84,unseen,99.7666,36.7329,0.3682,,,0.021,0.0429
mp-647557,ZrPbO3,40,val,98.6581,44.7877,0.454,113.0,62.0,0.054,0.0189
mp-647575,K2ZnCl4,84,unseen,16.5009,8.6183,0.5223,,,0.06,0.0393
mp-648469,SbP2SN3Cl10,68,unseen,5.5224,2.8275,0.512,,,0.0842,0.0514
mp-650031,La4(GeS4)3,114,unseen,56.2297,19.8901,0.3537,,,0.0201,0.0721
mp-650336,PCN2Cl3,84,unseen,10.6206,6.5855,0.6201,,,0.1764,0.0328
mp-6521,LiLaTiO4,14,train,120.3607,58.1817,0.4834,120.0,56.0,0.0147,0.0026
mp-652776,Rb2V(PO4)2,52,unseen,32.2991,18.8732,0.5843,,,0.036,0.0701
mp-6565,Li3Sc2(PO4)3,80,unseen,88.5351,48.4694,0.5475,,,0.0183,0.0195
mp-6568,BaCa(CO3)2,20,unseen,66.9088,27.4108,0.4097,,,0.012,0.0121
mp-662810,Na5Lu(SiO3)4,396,unseen,60.6651,40.0137,0.6596,,,0.0331,0.0115
mp-6652,KZn4(BO3)3,34,unseen,76.4703,21.9357,0.2869,,,0.1166,0.0364
mp-6663,NaLiGe4O9,60,unseen,100.5615,48.8988,0.4863,,,0.0271,0.0501
mp-6680,RbCa2Ta3O10,16,unseen,124.7286,73.1369,0.5864,,,0.0205,0.0049
mp-669361,Cu2BiAsO6,40,unseen,61.7662,26.2048,0.4243,,,0.034,0.0289
mp-669554,Mn3SiNi2,96,unseen,158.7595,56.8955,0.3584,,,0.0082,0.0186
mp-6711,Na3Li3Al2F12,160,unseen,51.7623,27.4615,0.5305,,,0.0138,0.0645
mp-671913,MoSe2Cl4O,64,unseen,8.3512,3.5903,0.4299,,,0.0385,0.0828
mp-672195,CeAgAs2,32,train,72.408,43.5837,0.6019,83.0,44.0,0.0148,0.0155
mp-672228,TiAs2,24,unseen,107.4978,64.9117,0.6038,,,0.0149,0.0322
mp-672240,TbNi,24,unseen,80.1135,25.052,0.3127,,,0.0184,0.0229
mp-672334,Sr4GaCN5,44,unseen,63.2572,32.6735,0.5165,,,0.0092,0.0041
mp-672976,LiSn(PO3)3,56,unseen,32.0079,15.3791,0.4805,,,0.0861,0.0056
mp-673070,LiNb(PO4)2,24,unseen,48.2601,32.3339,0.67,,,0.0505,0.0739
mp-674373,Rb2U2O7,22,unseen,61.3811,28.725,0.468,,,0.1313,0.086
mp-674456,Zr10HN8,19,unseen,207.6778,130.643,0.6291,,,0.0089,0.0388
mp-674514,In5CuS8,56,unseen,67.3319,29.3883,0.4365,,,0.0197,0.0327
mp-675146,Pr2PbSe4,28,unseen,64.0992,27.7491,0.4329,,,0.0309,0.0614
mp-675287,CsCuCl3,10,unseen,16.5821,6.3273,0.3816,,,0.0021,0.0203
mp-675590,Cu6BiS6,13,unseen,58.7633,19.9637,0.3397,,,0.017,0.0246
mp-675691,Ni2RhS4,28,unseen,100.1772,43.7104,0.4363,,,0.0799,0.0635
mp-675750,Ca(Ga3Te5)2,68,unseen,13.1192,9.9507,0.7585,,,0.0927,0.0172
mp-675881,RbBiF4,18,unseen,31.3401,17.2893,0.5517,,,0.0562,0.0566
mp-676,CaN6,56,train,52.4632,27.3587,0.5215,45.0,22.0,0.0206,0.0096
mp-676106,NdZr9O20,30,unseen,193.2131,91.4805,0.4735,,,0.0021,0.0103
mp-676230,U2Bi2O7,22,unseen,122.5398,50.1276,0.4091,,,0.0093,0.0306
mp-676300,Sc3NbO7,22,unseen,183.3648,70.8485,0.3864,,,0.0135,0.0563
mp-676348,NbAg7S6,14,unseen,27.1755,10.8164,0.398,,,0.0189,0.0816
mp-676804,Ho3TaO7,22,unseen,131.0706,65.8738,0.5026,,,0.0227,0.0167
mp-677073,K2I2O3,14,unseen,25.045,13.0314,0.5203,,,0.0118,0.0146
mp-677371,Sr4LaCl11,32,unseen,29.9704,14.8516,0.4955,,,0.0134,0.0255
mp-6803,Sr3Pr2(BO3)4,84,unseen,88.6682,41.042,0.4629,,,0.0399,0.0694
mp-6815,Ti2Cu(PO5)2,30,unseen,55.1157,41.1098,0.7459,,,0.0805,0.0399
mp-682548,Cs5Te3H4NCl18,31,unseen,10.7645,4.7752,0.4436,,,0.0189,0.0381
mp-684539,Li3Sb2(PO4)3,80,unseen,47.9659,20.1638,0.4204,,,0.0643,0.0509
mp-684621,Cu13I15,56,unseen,15.0184,6.1573,0.41,,,0.0526,0.0299
mp-685048,Ag2Te,21,unseen,43.7243,11.6037,0.2654,,,0.0251,0.0628
mp-685195,SrLaTl(AsO4)2,39,unseen,49.5733,24.7171,0.4986,,,0.0105,0.0274
mp-686015,Ca3(PO4)2,273,unseen,71.4466,38.6524,0.541,,,0.0183,0.011
mp-686949,ThCr(IO5)2,56,unseen,33.4856,29.7073,0.8872,,,0.1114,0.0199
mp-690460,BaLa2Mn3O9,30,unseen,137.9712,81.5151,0.5908,,,0.0165,0.0042
mp-690525,MnCO3,20,unseen,70.876,34.9264,0.4928,,,0.0759,0.0501
mp-690530,Li2Co4O5,66,unseen,140.6335,57.4127,0.4082,,,0.0147,0.0361
mp-690560,TiTlWO5F,36,unseen,71.2764,54.7086,0.7676,,,0.0768,0.0213
mp-691,SnSe,8,val,18.3647,12.2994,0.6697,24.0,15.0,0.0216,0.0147
mp-6950,BaSb3,16,unseen,30.2307,17.4974,0.5788,,,0.0028,0.0353
mp-695982,BaNaP3(HO2)6,46,unseen,31.4769,14.7248,0.4678,,,0.028,0.0472
mp-696114,CoCl2,3,train,11.6751,4.6635,0.3994,10.0,4.0,0.0342,0.0551
mp-696216,HS3N,40,unseen,6.6555,3.7331,0.5609,,,0.2374,0.0607
mp-696387,CaMg2H24(ClO2)6,135,unseen,19.6502,8.2936,0.4221,,,0.0385,0.0199
mp-696851,ZnH12C2S2(N3O4)2,124,unseen,28.5789,8.4899,0.2971,,,0.0649,0.0952
mp-697278,NaCaAlH2OF6,48,unseen,52.8439,25.1495,0.4759,,,0.0315,0.0752
mp-697701,LaP3H8O7,38,unseen,20.1799,9.8507,0.4881,,,0.044,0.0495
mp-697774,Li2Cr(PO4)2,52,unseen,88.6125,57.063,0.644,,,0.0118,0.0131
mp-697878,KCo2H3(SeO5)2,36,unseen,19.7766,10.6121,0.5366,,,0.0478,0.0342
mp-698160,Al3P2H14(O5F)3,74,unseen,40.2973,26.2755,0.652,,,0.0187,0.0278
mp-6984,K2SiAs2,20,unseen,25.0643,12.7372,0.5082,,,0.032,0.0396
mp-698610,Rb(WO3)6,50,unseen,140.6543,77.4015,0.5503,,,0.0207,0.0418
mp-698644,Tm2PbS4,56,unseen,51.5689,24.3741,0.4727,,,0.0467,0.0381
mp-699552,KMoCl4O,56,unseen,12.2811,5.6308,0.4585,,,0.0283,0.0946
mp-7003,CePPd,6,test,94.7532,48.5969,0.5129,105.0,52.0,0.0168,0.0231
mp-7006,SrNbO3,5,train,161.6484,83.0072,0.5135,173.0,81.0,0.0092,0.021
mp-702,CeHg,2,unseen,44.0108,13.113,0.2979,,,0.0135,0.0531
mp-7027,InBO3,30,train,143.2532,68.1264,0.4756,139.0,62.0,0.013,0.0149
mp-703305,Na2PHO4,32,unseen,41.9758,27.4728,0.6545,,,0.0245,0.0393
mp-703516,K2TiH2O3F4,48,unseen,28.5903,13.7401,0.4806,,,0.0753,0.0554
mp-704114,VBi(PbO3)2,80,unseen,44.3037,22.1282,0.4995,,,0.0334,0.0536
mp-704306,K2U2MoO10,60,unseen,43.42,21.3041,0.4907,,,0.1164,0.0198
mp-704600,LiTi4Mn(PO4)6,108,unseen,75.861,50.3748,0.664,,,0.0819,0.0421
mp-705514,SbHC3(NCl3)3,68,unseen,6.875,3.345,0.4865,,,0.1094,0.0376
mp-706622,PH6(NO)2,44,unseen,22.7074,8.6489,0.3809,,,0.0908,0.0191
mp-706630,B5H7,96,unseen,10.2585,3.8951,0.3797,,,0.1553,0.0307
mp-706653,H8S2N2O5,68,unseen,17.3405,6.9151,0.3988,,,0.1588,0.0706
mp-706657,Al13Si5H18ClO38,300,unseen,103.8596,67.5903,0.6508,,,0.06,0.0475
mp-706658,Mg3P2(H22O15)2,79,unseen,21.7546,11.1771,0.5138,,,0.0275,0.0419
mp-707368,KP2H8SN7O2,168,unseen,42.3366,18.1425,0.4285,,,0.0573,0.0151
mp-711,CeGa6,14,unseen,63.371,36.1611,0.5706,,,0.0497,0.0722
mp-7116,Nb3CoS6,20,unseen,103.421,46.4447,0.4491,,,0.0244,0.1249
mp-7140,SiC,4,test,212.8475,194.9171,0.9158,212.0,185.0,0.0068,0.0282
mp-7188,Al2Os,6,train,192.2455,116.4677,0.6058,191.0,142.0,0.006,0.016
mp-720287,Na3AsH22S2O13,164,unseen,16.5337,8.2377,0.4982,,,0.0153,0.0669
mp-720739,ZnP2H6O5,56,unseen,24.0027,12.8839,0.5368,,,0.0508,0.0272
mp-722243,Na2CuH4(C2O5)2,21,unseen,23.4811,12.5415,0.5341,,,0.024,0.0775
mp-722381,CdH4S2O5,48,unseen,27.3502,12.7418,0.4659,,,0.0389,0.0455
mp-722866,SbH6CN3F4,60,unseen,23.2125,6.8664,0.2958,,,0.0425,0.0964
mp-722900,CaH3NO5,160,unseen,28.5068,13.6973,0.4805,,,0.0351,0.0506
mp-723,Cr23C6,116,train,314.7729,142.6787,0.4533,291.0,138.0,0.0252,0.0203
mp-723021,Ba(HO)2,100,unseen,33.7334,15.6594,0.4642,,,0.0101,0.0537
mp-7275,BaSi2,12,train,48.0462,29.7276,0.6187,51.0,34.0,0.0183,0.0363
mp-733,GeO2,9,test,55.0594,36.7041,0.6666,38.0,28.0,0.0883,0.0629
mp-735523,Fe3PH6PbSO14,78,unseen,73.3771,49.7672,0.6782,,,0.0034,0.0523
mp-738629,CsGaH24(SO10)2,192,unseen,24.4383,11.8546,0.4851,,,0.0236,0.053
mp-7473,LiCu2Si,16,train,106.8793,44.1912,0.4135,104.0,46.0,0.0121,0.0263
mp-749,SmN,8,unseen,139.1717,99.8799,0.7177,,,0.0111,0.0095
mp-75,Nb,2,train,175.2581,19.5501,0.1116,174.0,20.0,0.0173,0.0666
mp-752396,Ca2HfO4,28,unseen,123.9155,63.9795,0.5163,,,0.0219,0.0051
mp-752439,BaSr2I6,27,unseen,14.6556,4.7803,0.3262,,,0.1258,0.0344
mp-752561,SbO2F,16,unseen,39.5492,19.3639,0.4896,,,0.133,0.0706
mp-752715,Ba3(ClO)2,28,unseen,38.5121,17.6149,0.4574,,,0.0112,0.0436
mp-753181,SrCu2O3,12,train,86.9646,38.3905,0.4414,92.0,43.0,0.0097,0.0218
mp-753273,LiCuF4,24,unseen,54.872,28.2882,0.5155,,,0.0402,0.0326
mp-753378,TaGaO4,12,unseen,199.2486,97.4317,0.489,,,0.0034,0.0181
mp-753397,Ga2CuO4,56,unseen,156.5652,49.1659,0.314,,,0.0213,0.0884
mp-753456,Ce4ThO9,28,unseen,152.5588,58.64,0.3844,,,0.0164,0.0044
mp-753520,Li3BiS3,28,unseen,33.0298,17.7365,0.537,,,0.0476,0.0114
mp-753555,Ce3Th2O9,28,unseen,157.9842,57.368,0.3631,,,0.0244,0.0136
mp-753747,Ta3O7F,22,unseen,149.7125,65.6504,0.4385,,,0.0455,0.0619
mp-753946,LiCoS2,4,test,83.3589,35.0968,0.421,74.0,47.0,0.0247,0.0591
mp-753975,Dy2(BiO2)7,46,unseen,55.1779,25.1621,0.456,,,0.0363,0.0031
mp-753983,In2HgO4,56,unseen,133.6747,36.2837,0.2714,,,0.0705,0.0981
mp-754071,Pb2O3,10,unseen,116.8746,28.8703,0.247,,,0.0408,0.0298
mp-754118,Sr(AsO3)2,9,unseen,122.0123,76.1435,0.6241,,,0.0467,0.018
mp-754145,TbLuO3,20,unseen,136.4653,68.8349,0.5044,,,0.0171,0.0393
mp-754282,SrO,4,unseen,89.5467,55.8574,0.6238,,,0.0266,0.0317
mp-754349,GdOF,6,train,120.3104,59.9477,0.4983,110.0,50.0,0.0166,0.0167
mp-754382,He,1,unseen,12.0376,14.0906,1.1706,,,0.2287,0.1814
mp-754384,ScTlO2,8,unseen,121.3283,52.4286,0.4321,,,0.0119,0.0202
mp-754388,BaSrI4,24,unseen,16.8467,5.8135,0.3451,,,0.0669,0.0439
mp-754466,Li2AgF3,6,unseen,76.5805,37.0712,0.4841,,,0.028,0.0141
mp-754537,LiLuO2,12,train,107.768,56.2941,0.5224,105.0,51.0,0.0095,0.0235
mp-754545,NdO,8,unseen,111.8243,78.2156,0.6995,,,0.0161,0.0203
mp-754632,Pr(ReO4)2,11,unseen,18.2812,9.4504,0.5169,,,0.0553,0.1115
mp-754658,TeO3,16,unseen,86.9227,62.9032,0.7237,,,0.0839,0.0532
mp-754808,La2MgO4,14,train,129.3043,73.5065,0.5685,133.0,75.0,0.0199,0.0187
mp-754818,NaTaO3,80,unseen,75.5728,43.0974,0.5703,,,0.0541,0.0112
mp-754848,Na2SnO3,96,unseen,77.4316,53.958,0.6968,,,0.0647,0.0133
mp-755082,Sr3(AsO4)2,39,unseen,82.9664,44.3863,0.535,,,0.0369,0.0517
mp-755132,Zr3N2O3,32,unseen,162.4877,59.5665,0.3666,,,0.0033,0.0429
mp-755399,Li2CuSnO4,8,unseen,97.7463,60.5895,0.6199,,,0.0162,0.0184
mp-755405,SrNd2O4,28,unseen,104.0514,56.104,0.5392,,,0.0062,0.014
mp-755416,HoGaO3,20,unseen,169.147,81.1316,0.4797,,,0.0129,0.0222
mp-7557,Nb5SiSn2,32,val,162.8374,45.0446,0.2766,162.0,83.0,0.011,0.0893
mp-755802,K2MgO2,20,unseen,47.1071,17.2143,0.3654,,,0.0409,0.0225
mp-755820,NdO2,12,unseen,119.2247,55.7897,0.4679,,,0.0081,0.014
mp-755892,SrLa2Cl8,44,unseen,25.3556,10.3492,0.4082,,,0.0397,0.0279
mp-755902,Lu(HO)3,14,unseen,86.4517,36.1884,0.4186,,,0.072,0.0573
mp-755969,Sr3La4O9,48,unseen,92.3154,38.629,0.4184,,,0.0177,0.0351
mp-7561,SrPd3O4,16,unseen,145.9566,52.5865,0.3603,,,0.0232,0.0328
mp-756270,Lu4(B2O5)3,75,unseen,90.6392,42.3134,0.4668,,,0.0236,0.102
mp-756490,Li6MnS4,22,train,40.6893,24.8351,0.6104,44.0,27.0,0.0297,0.0317
mp-756762,TbTmO3,20,unseen,137.8882,69.3732,0.5031,,,0.0203,0.0236
mp-757433,NaTi4O8,52,unseen,116.2752,44.837,0.3856,,,0.0109,0.0444
mp-7576,CrSi,8,train,200.093,115.0882,0.5752,187.0,116.0,0.0131,0.0188
mp-758033,Y13Ho19O48,80,unseen,135.3517,65.7641,0.4859,,,0.0116,0.0137
mp-758103,YH2(CO3)2,88,unseen,43.1484,22.627,0.5244,,,0.0715,0.0356
mp-758382,Li7(CuO2)6,25,unseen,59.2786,27.2376,0.4595,,,0.0299,0.0085
mp-758492,LiSb3(PO5)2,16,unseen,58.5492,27.575,0.471,,,0.0445,0.0885
mp-758624,LiCuPO4,56,unseen,57.4828,25.5811,0.445,,,0.079,0.0632
mp-759031,Bi19(O9F)3,98,unseen,65.6042,30.5235,0.4653,,,0.0704,0.0271
mp-759099,Li3Sb(PO4)2,42,unseen,74.6168,39.8129,0.5336,,,0.0358,0.0247
mp-759449,Li3Ag2F5,40,unseen,54.503,12.1574,0.2231,,,0.0452,0.0134
mp-7596,NbNO,12,val,251.5434,123.5455,0.4911,237.0,109.0,0.0146,0.0469
mp-759673,LiBiP2O7,44,unseen,34.6776,22.1817,0.6397,,,0.0437,0.0746
mp-759678,Li4Ti15O32,153,unseen,101.3309,49.6556,0.49,,,0.019,0.0077
mp-759713,Li8Ti15O32,165,unseen,111.7037,51.0542,0.4571,,,0.0209,0.0639
mp-759792,Ag2B8O13,92,unseen,48.2414,33.832,0.7013,,,0.0678,0.0088
mp-760054,Sn9(O2F5)2,46,unseen,28.1017,19.8782,0.7074,,,0.2794,0.0777
mp-760151,LiAgF3,30,unseen,64.7968,17.8955,0.2762,,,0.0211,0.0295
mp-760360,Hf3N2O3,32,unseen,187.3071,69.6676,0.3719,,,0.0125,0.0268
mp-760467,ThU8O18,27,unseen,185.9123,73.5845,0.3958,,,0.0269,0.0313
mp-760594,LiTi2O4,28,unseen,134.5249,66.0646,0.4911,,,0.0248,0.0044
mp-7608,Li2PdO2,10,val,95.7753,45.2678,0.4726,91.0,44.0,0.0081,0.0333
mp-761922,LiNb(TeO4)3,34,unseen,112.8406,80.5734,0.714,,,0.0346,0.0224
mp-762319,Li4TiO4,72,unseen,66.7298,36.1333,0.5415,,,0.0121,0.0496
mp-762371,NbOF3,20,unseen,25.9582,24.2889,0.9357,,,0.0726,0.0366
mp-762834,LiTi2Co3O10,16,unseen,89.1988,43.8693,0.4918,,,0.0796,0.0348
mp-763065,FeOF,18,unseen,113.3897,54.8872,0.4841,,,0.0248,0.0092
mp-763104,Li2MnF4,14,unseen,41.5823,13.0559,0.314,,,0.0089,0.0867
mp-763178,Li4Ti3Ni3(TeO8)2,56,unseen,103.3241,40.5779,0.3927,,,0.0222,0.0405
mp-763203,Li2VO2F,24,unseen,94.0638,53.9397,0.5734,,,0.0209,0.0044
mp-763216,Mn3(O2F)2,18,unseen,121.9728,65.9796,0.5409,,,0.0036,0.0093
mp-763313,LiCoSiO4,14,unseen,81.0657,33.224,0.4098,,,0.0618,0.0201
mp-763434,Li5MnO3F,20,unseen,67.6586,44.2367,0.6538,,,0.0162,0.0115
mp-763785,LiMn2OF3,28,unseen,81.8506,32.6355,0.3987,,,0.0046,0.0778
mp-763908,V3O5F,18,unseen,182.0359,82.9139,0.4555,,,0.0163,0.0147
mp-764103,Mn6O7F5,36,unseen,105.1412,53.5936,0.5097,,,0.0096,0.0167
mp-764566,LiFe8(BO3)8,41,unseen,62.4701,19.9401,0.3192,,,0.0373,0.1205
mp-764968,InPH5NO5,104,unseen,80.5531,20.6878,0.2568,,,0.0461,0.0351
mp-765294,SrP2(H2O3)2,26,unseen,31.7171,15.266,0.4813,,,0.0599,0.0122
mp-765747,Li4TiCr3O8,48,unseen,124.3211,75.1014,0.6041,,,0.0127,0.0037
mp-765901,Li4V4(OF3)3,20,unseen,82.319,45.4127,0.5517,,,0.0298,0.065
mp-765943,Li3V2(O2F)2,22,unseen,96.9955,44.3053,0.4568,,,0.0253,0.0502
mp-766447,Li2Cu4S3,36,unseen,60.8555,18.9049,0.3107,,,0.0162,0.0523
mp-767384,Ba2LiTi11O24,38,unseen,135.3946,65.4854,0.4837,,,0.0162,0.0077
mp-767415,KNbPCO7,22,unseen,24.5543,11.6527,0.4746,,,0.0457,0.0335
mp-767609,LiVF5,28,unseen,30.9672,18.7609,0.6058,,,0.0781,0.0539
mp-767631,Li3VF6,20,unseen,53.2362,29.9649,0.5629,,,0.0273,0.0603
mp-767717,NaPrPCO7,22,unseen,29.7698,12.2253,0.4107,,,0.02,0.0296
mp-767754,Na5Bi2P(CO4)4,224,unseen,32.1663,12.9178,0.4016,,,0.0266,0.0392
mp-767775,Li6MnCr3(PO4)6,40,unseen,88.9035,53.653,0.6035,,,0.0102,0.0264
mp-767972,Li2Fe3NiO8,14,unseen,89.456,38.5143,0.4305,,,0.0457,0.0332
mp-768141,Na2DyPCO7,24,unseen,51.202,21.6801,0.4234,,,0.0283,0.0279
mp-768145,DyHoO3,30,unseen,131.7909,61.4778,0.4665,,,0.016,0.0096
mp-768199,Li3SbS3,28,unseen,31.014,11.4433,0.369,,,0.0278,0.0798
mp-768411,Dy2SiO5,32,unseen,158.1664,71.2216,0.4503,,,0.0065,0.0135
mp-768483,Lu3Sb5O12,80,unseen,111.1812,71.5151,0.6432,,,0.0285,0.0312
mp-768636,LiBi2BO5,36,unseen,74.7301,35.0733,0.4693,,,0.0769,0.0414
mp-768989,Bi2B2O7,22,unseen,52.41,26.5397,0.5064,,,0.0444,0.065
mp-769108,NiP4,30,unseen,109.6722,68.3742,0.6234,,,0.0272,0.0786
mp-769173,PrOF,18,unseen,115.7537,53.1831,0.4595,,,0.0197,0.0085
mp-769222,Dy2Pb2O7,88,unseen,139.3763,62.5509,0.4488,,,0.0479,0.0282
mp-769493,Na3Ni2P2(CO7)2,46,unseen,38.6786,20.9035,0.5404,,,0.019,0.0365
mp-769524,Li11Nb4(Ni3O8)3,48,unseen,128.4803,72.3048,0.5628,,,0.0043,0.0178
mp-769525,TiV2Fe3(PO4)6,108,unseen,80.6595,53.1827,0.6593,,,0.0109,0.0144
mp-769580,V3(PO4)2,26,unseen,103.8804,53.899,0.5189,,,0.0482,0.0427
mp-769602,Li2VSO4F3,44,unseen,42.9683,25.4291,0.5918,,,0.0108,0.0337
mp-769606,LiZn4Fe13O24,84,unseen,144.6287,57.3528,0.3966,,,0.0122,0.017
mp-770328,Li4Cr3FeO8,32,unseen,124.4337,80.0146,0.643,,,0.0083,0.0251
mp-770509,LiAlVO4,126,unseen,73.5425,36.1749,0.4919,,,0.0227,0.032
mp-770518,Li4Ti3Mn3(CoO8)2,28,unseen,123.3936,55.8425,0.4526,,,0.0305,0.0125
mp-770530,Li14Mn2O9,25,unseen,71.6171,51.0114,0.7123,,,0.0142,0.0049
mp-770553,Li2AlCoO4,32,unseen,82.2154,39.4821,0.4802,,,0.0314,0.0417
mp-770565,TiCr(PO4)2,36,unseen,84.5856,54.7212,0.6469,,,0.0484,0.0374
mp-770620,Li6V(NiO2)3,64,unseen,137.3119,73.4726,0.5351,,,0.0343,0.0582
mp-770747,Na6Cr2As(CO4)4,232,unseen,52.9388,22.3484,0.4222,,,0.0343,0.045
mp-770874,Na6Co2P(CO4)4,232,unseen,53.3977,24.5918,0.4605,,,0.0359,0.0328
mp-770927,Sm3TaO7,44,unseen,133.6834,63.2784,0.4733,,,0.0132,0.019
mp-771054,V3(PO4)2,52,unseen,128.935,60.1734,0.4667,,,0.0228,0.0243
mp-771168,Na2SiBiCO7,24,unseen,44.7786,22.185,0.4954,,,0.0222,0.0397
mp-771733,Li3MgV8O16,56,unseen,122.5981,55.6266,0.4537,,,0.0102,0.0161
mp-772034,Ba3LaI9,52,unseen,14.8389,5.0903,0.343,,,0.0693,0.025
mp-772109,LiSiBiO4,28,unseen,109.0649,56.4252,0.5174,,,0.0293,0.0406
mp-772125,NbPO5,28,unseen,44.0271,37.9053,0.861,,,0.0536,0.1054
mp-772180,LuScO3,30,unseen,157.4368,66.3634,0.4215,,,0.0037,0.0263
mp-772232,Tm2P4O13,76,unseen,64.8387,40.2753,0.6212,,,0.0433,0.0329
mp-772256,LiVPO5,64,unseen,100.7746,63.3062,0.6282,,,0.0272,0.0282
mp-772295,TmClO,18,unseen,39.6081,21.9599,0.5544,,,0.0763,0.061
mp-772395,LiV(OF)2,12,unseen,55.3538,30.2684,0.5468,,,0.0573,0.025
mp-772400,Li2W(OF2)2,36,unseen,45.0314,22.7421,0.505,,,0.0311,0.0535
mp-772565,Li2Fe5B3O13,46,unseen,124.8513,51.8083,0.415,,,0.005,0.0478
mp-772769,Na2Ge2O5,36,unseen,43.5699,24.9125,0.5718,,,0.0623,0.0051
mp-772838,Er(ReO4)3,96,unseen,14.2411,10.0389,0.7049,,,0.054,0.0441
mp-772997,Li8Ti7Nb6O30,51,unseen,139.6417,67.2158,0.4813,,,0.0133,0.0095
mp-773138,NaCrAsCO7,22,unseen,36.157,20.47,0.5661,,,0.0334,0.036
mp-773431,K2NiPCO7,24,unseen,39.1148,14.68,0.3753,,,0.046,0.023
mp-773438,Li5Cu(PO4)2,32,unseen,64.0547,36.9453,0.5768,,,0.04,0.0152
mp-773517,ScMn2O5,32,unseen,169.1648,78.2702,0.4627,,,0.008,0.0088
mp-774092,Na3CoO3,28,test,48.8186,23.9781,0.4912,52.0,17.0,0.0398,0.0273
mp-774173,Li8MnFe7(BO3)8,48,unseen,89.2897,33.5992,0.3763,,,0.0125,0.1242
mp-774224,InH12S2NO12,112,unseen,39.5674,13.1117,0.3314,,,0.0164,0.0342
mp-774362,Li6Mn5Fe(BO3)6,36,unseen,91.5163,37.9211,0.4144,,,0.013,0.0835
mp-774366,Li3MnFe2(BO3)3,36,unseen,86.9655,32.7173,0.3762,,,0.015,0.1141
mp-774385,Fe5(OF4)2,30,unseen,109.7154,42.8062,0.3902,,,0.0226,0.0322
mp-7744,LiSO3F,24,unseen,21.6985,12.8843,0.5938,,,0.0678,0.0101
mp-774415,Li2Cr3FeO8,42,unseen,122.8169,55.3764,0.4509,,,0.027,0.0596
mp-774444,Li2Mn3(SiO3)4,84,unseen,93.7202,48.0744,0.513,,,0.0179,0.0036
mp-774483,Zr2(PO4)3,68,unseen,42.944,34.1392,0.795,,,0.1071,0.0622
mp-774908,LiTiNbO4,28,unseen,133.3224,51.5019,0.3863,,,0.0351,0.0935
mp-775004,Fe3P6WO24,102,unseen,49.7586,41.8301,0.8407,,,0.121,0.0235
mp-775157,Li6MnV3(PO4)6,240,unseen,105.365,58.0947,0.5514,,,0.0174,0.038
mp-775166,Li2TiMn3O8,56,unseen,108.5533,50.4557,0.4648,,,0.0301,0.0415
mp-775213,VNi3Sn2(PO4)6,108,unseen,88.6524,50.8086,0.5731,,,0.0401,0.0425
mp-775264,Li4Ti2Co3O10,38,unseen,124.3646,58.9339,0.4739,,,0.0183,0.0059
mp-775721,Li2FeCo3O8,42,unseen,125.5017,42.0669,0.3352,,,0.0278,0.0265
mp-775799,Hf2N2O,40,unseen,222.5814,106.9829,0.4806,,,0.024,0.0042
mp-775802,Zr2N2O,40,unseen,194.8259,89.2013,0.4579,,,0.0097,0.0094
mp-775865,Li2Ti3MnO8,56,unseen,110.7278,53.4854,0.483,,,0.0311,0.0416
mp-775907,Y2O3,30,train,145.2223,69.6582,0.4797,128.0,63.0,0.0053,0.0218
mp-775984,TiFe3Ni2(PO4)6,108,unseen,74.0811,48.6393,0.6566,,,0.0323,0.0344
mp-776002,Ti3Nb2Cr(PO4)6,108,unseen,80.6177,53.4581,0.6631,,,0.0312,0.043
mp-776007,Ti3Mn2Sn(PO4)6,108,unseen,74.9722,49.1155,0.6551,,,0.0764,0.0619
mp-776058,Cr2Fe3Co(PO4)6,108,unseen,77.0995,53.545,0.6945,,,0.035,0.0229
mp-776140,Li2MnV5O12,40,unseen,55.5676,26.1289,0.4702,,,0.1081,0.0181
mp-776319,LiNbCuO4,28,unseen,71.6426,22.8992,0.3196,,,0.0329,0.0361
mp-776334,Ti2N2O,40,unseen,226.0504,98.8562,0.4373,,,0.0176,0.042
mp-776370,Ag3IrO4,32,unseen,118.2094,28.8979,0.2445,,,0.0291,0.0243
mp-776490,Al2O3,40,train,225.6374,155.9074,0.691,228.0,144.0,0.0079,0.0106
mp-776561,Na5Bi2As(CO4)4,112,unseen,31.0641,12.1527,0.3912,,,0.0348,0.0399
mp-776566,Li4Mn3NbCr2(PO4)6,40,unseen,86.7552,42.7626,0.4929,,,0.013,0.0447
mp-776646,Na3CoO3,28,unseen,49.296,27.012,0.548,,,0.0061,0.0165
mp-776757,Li4Co2Ni3Sn(PO4)6,40,unseen,95.4144,46.6664,0.4891,,,0.0188,0.0165
mp-776767,Li2VF4,126,unseen,58.4141,17.7862,0.3045,,,0.0157,0.0342
mp-777452,LiNbCoO4,28,unseen,112.88,47.4824,0.4206,,,0.0301,0.0274
mp-777460,MnPO4,24,unseen,103.1929,56.0774,0.5434,,,0.0486,0.0298
mp-777584,Na7NbO6,42,unseen,56.0933,42.8234,0.7634,,,0.0697,0.0066
mp-777669,Li2FeF4,56,unseen,55.358,19.3679,0.3499,,,0.0207,0.0678
mp-777673,Li2FeF4,28,unseen,62.9707,19.8973,0.316,,,0.0312,0.0653
mp-778001,Tm(ClO4)3,32,unseen,31.6279,15.2436,0.482,,,0.0697,0.0137
mp-778397,Li2Sn(BO3)2,44,unseen,65.2656,33.6768,0.516,,,0.0338,0.0617
mp-778664,Tm5Ti5O17,54,unseen,172.9551,82.1412,0.4749,,,0.0074,0.0283
mp-778865,V4(OF3)3,32,unseen,28.337,42.927,1.5149,,,0.0084,0.0356
mp-779058,LiV2OF5,36,unseen,67.709,38.8367,0.5736,,,0.0332,0.0561
mp-779294,Na3Sb5O14,88,unseen,95.0004,49.2889,0.5188,,,0.0304,0.0222
mp-779369,Fe5(OF4)2,30,unseen,109.1863,43.7078,0.4003,,,0.0188,0.0347
mp-779453,BaNa6O4,88,unseen,51.7555,22.8555,0.4416,,,0.0353,0.0331
mp-779502,Na3CuO2,48,unseen,41.8897,20.4342,0.4878,,,0.0176,0.0319
mp-779756,Na5Co2As(CO4)4,224,unseen,48.0013,20.2265,0.4214,,,0.0427,0.0233
mp-779765,Li8Mn5Fe3(BO3)8,48,unseen,90.8661,38.279,0.4213,,,0.0209,0.0891
mp-779880,Ba2GeO4,56,unseen,58.1792,24.9368,0.4286,,,0.0357,0.0375
mp-780089,Li3MnSi2O7,52,unseen,100.0843,61.9749,0.6192,,,0.0233,0.0216
mp-780095,LiMnP3(HO5)2,68,unseen,50.4579,23.3181,0.4621,,,0.034,0.0333
mp-780127,Li9Mn2P4HO18,136,unseen,68.2377,41.856,0.6134,,,0.0284,0.0181
mp-780240,Gd2P4O13,76,unseen,41.0487,28.8707,0.7033,,,0.0462,0.1037
mp-780259,Li5LaO4,80,unseen,69.8558,49.5957,0.71,,,0.0295,0.02
mp-780330,Li2MnP4H3O14,48,unseen,44.7352,21.7247,0.4856,,,0.0331,0.0402
mp-780448,Ho2Sb2O7,66,unseen,124.6485,65.6232,0.5265,,,0.0078,0.023
mp-780482,LiVP2HO8,52,unseen,85.08,55.1346,0.648,,,0.0374,0.0063
mp-780489,Fe6O7F5,18,unseen,121.5495,56.05,0.4611,,,0.008,0.0021
mp-780630,LiVP2HO8,52,unseen,83.9855,54.7194,0.6515,,,0.0321,0.0041
mp-781595,CoTe2O5,64,unseen,27.5763,23.6704,0.8584,,,0.0477,0.0445
mp-781828,NiH18(I5N3)2,70,unseen,7.9501,5.7635,0.725,,,0.1731,0.0105
mp-7819,Pd4S,10,test,160.2517,41.3081,0.2578,147.0,37.0,0.0378,0.0194
mp-782660,LiMnP3H8O13,52,unseen,34.0854,16.3643,0.4801,,,0.0176,0.0322
mp-783919,Li4MnFe3(PO4)4,56,unseen,87.9872,54.0638,0.6145,,,0.0156,0.0074
mp-7879,Sr(AgGe)2,10,train,54.5554,31.0518,0.5692,47.0,30.0,0.0223,0.0319
mp-7948,ReSi,8,val,258.3254,122.3845,0.4738,246.0,93.0,0.0173,0.0188
mp-8018,K2RhF6,9,unseen,32.9478,27.092,0.8223,,,0.0464,0.0287
mp-8044,V2PC,8,train,223.8474,142.2102,0.6353,227.0,149.0,0.0104,0.0202
mp-8125,LuCuSi,6,train,86.8606,62.6225,0.721,69.0,61.0,0.0215,0.0196
mp-8147,K2As2Pd,20,unseen,26.9812,12.0239,0.4456,,,0.0391,0.0322
mp-820,HgSe,8,val,36.0193,13.9706,0.3879,41.0,13.0,0.0365,0.0665
mp-8202,CsRb2PdF5,18,unseen,23.749,10.8456,0.4567,,,0.0235,0.0646
mp-8249,TlPS3,20,train,11.4066,5.6808,0.498,12.0,7.0,0.0053,0.0939
mp-8269,Lu2CdS4,56,unseen,59.0328,30.3606,0.5143,,,0.0098,0.0244
mp-8271,Ba2Ca(BO2)6,63,unseen,52.5047,28.0423,0.5341,,,0.0226,0.058
mp-8282,Ti2N,6,train,201.8106,112.8483,0.5592,204.0,117.0,0.0094,0.0242
mp-8393,Tl3SbS3,21,unseen,15.5745,7.0727,0.4541,,,0.0292,0.0626
mp-8452,NaLiS,6,train,33.1846,25.4981,0.7684,30.0,24.0,0.0047,0.007
mp-8481,LiPrGe,9,train,44.5191,37.9224,0.8518,41.0,37.0,0.0153,0.028
mp-849219,V3(O2F)2,36,unseen,137.3841,65.6274,0.4777,,,0.0192,0.0021
mp-849376,LiV2(PO4)3,36,unseen,89.0493,60.3258,0.6774,,,0.0476,0.0201
mp-849465,Mn6OF11,36,unseen,61.8485,26.6302,0.4306,,,0.0189,0.0132
mp-849517,Mn6O5F7,36,unseen,101.1457,45.7787,0.4526,,,0.0213,0.036
mp-849720,LiFe4(BO3)4,42,unseen,68.3271,23.4313,0.3429,,,0.0403,0.1206
mp-849796,NaZn4H18SClO16,82,unseen,27.0054,11.7261,0.4342,,,0.0339,0.051
mp-850135,Li3V2Cr2O8,15,unseen,121.4056,71.6255,0.59,,,0.0134,0.016
mp-850371,Na6V2B4AsO16,232,unseen,61.3588,28.4769,0.4641,,,0.0757,0.0439
mp-850742,LiV3OF11,32,unseen,20.7117,18.5562,0.8959,,,0.035,0.0834
mp-850919,Li2MnCr2O6,66,unseen,120.117,66.7852,0.556,,,0.0036,0.0371
mp-850923,TiV(PO4)2,108,unseen,93.342,55.8213,0.598,,,0.0177,0.0348
mp-850939,Li2MnV(P2O7)2,22,unseen,69.3753,43.4367,0.6261,,,0.0114,0.0665
mp-850943,Li6TiNi3(PO4)6,40,unseen,81.4931,43.6899,0.5361,,,0.0143,0.0302
mp-850955,LiFeP3(H7O8)2,70,unseen,27.7911,13.6265,0.4903,,,0.0096,0.0455
mp-850995,Na4V2C4SO16,216,unseen,43.3714,19.7109,0.4545,,,0.0249,0.041
mp-8514,BaNd2PdO5,18,unseen,120.4418,57.458,0.4771,,,0.0049,0.0257
mp-861886,LiDyHg2,16,unseen,64.1545,15.962,0.2488,,,0.0114,0.0729
mp-862364,Sc2OsPt,16,test,159.2189,63.9166,0.4014,155.0,70.0,0.0127,0.0166
mp-862620,IrRu3,8,test,326.8111,185.3593,0.5672,314.0,180.0,0.0126,0.0281
mp-862686,LiAc2Ru,16,unseen,50.0062,12.7049,0.2541,,,0.0216,0.0955
mp-862745,Sr2LiPt,16,test,34.8571,16.118,0.4624,13.0,12.0,0.0125,0.0278
mp-862752,SmBiPd2,16,unseen,84.3437,23.4051,0.2775,,,0.0219,0.0382
mp-862790,FeSiTc2,16,train,260.0956,100.1789,0.3852,245.0,101.0,0.0085,0.0049
mp-862869,Pa2S3,30,unseen,76.985,33.4174,0.4341,,,0.0208,0.0101
mp-862922,PmInNi2,16,unseen,106.9428,29.9951,0.2805,,,0.0109,0.0277
mp-862933,PmMgAu2,16,unseen,81.0094,19.8166,0.2446,,,0.0149,0.0525
mp-863292,Na3VP2O9,30,unseen,62.7241,41.3774,0.6597,,,0.0279,0.0225
mp-863676,Pm2CuSn,16,train,63.9788,20.4195,0.3192,65.0,20.0,0.0093,0.022
mp-863717,Pm2NiRu,16,test,102.027,32.6226,0.3197,29.0,27.0,0.0223,0.0207
mp-864617,NdI3,8,unseen,16.6913,7.2299,0.4332,,,0.0919,0.1016
mp-864627,Nd2Ga12Ni,30,unseen,74.9649,43.2571,0.577,,,0.0275,0.0211
mp-864892,NdAgAu2,16,train,82.9757,9.5683,0.1153,79.0,9.0,0.0042,0.0352
mp-864896,Zr2CoTc,16,train,159.4573,66.5229,0.4172,164.0,69.0,0.0113,0.0184
mp-864920,MgZrAu2,16,val,111.0245,27.4574,0.2473,117.0,32.0,0.0044,0.0169
mp-864952,Mg3Ag,8,train,50.9597,23.8845,0.4687,48.0,23.0,0.0065,0.0148
mp-864963,Dy2CuIr,16,unseen,105.4489,36.8777,0.3497,,,0.0121,0.0225
mp-864971,MnSnRu2,16,val,194.3166,82.1542,0.4228,265.0,113.0,0.0142,0.0099
mp-864986,DyBr2,6,unseen,37.1937,13.5106,0.3632,,,0.0138,0.022
mp-865138,Hf2MnIr,16,train,193.0719,79.3825,0.4112,196.0,87.0,0.0089,0.0081
mp-865535,Ac2ZnGa,16,unseen,41.997,25.1012,0.5977,,,0.0305,0.043
mp-865565,CsSn3,8,unseen,37.9474,16.5573,0.4363,,,0.0426,0.072
mp-865783,YbHoRh2,16,unseen,99.2514,38.2058,0.3849,,,0.0102,0.0299
mp-865854,Yb2CuRh,16,test,61.9511,29.8008,0.481,59.0,22.0,0.0418,0.034
mp-865868,LiZrRh2,16,train,154.1438,52.0227,0.3375,138.0,46.0,0.0104,0.0134
mp-865906,YbPmPd2,16,unseen,74.3184,24.9795,0.3361,,,0.0121,0.0103
mp-865922,FeH4Br3N,18,unseen,18.2482,12.4748,0.6836,,,0.0173,0.0536
mp-865925,LiZrIr2,16,test,201.1975,70.6718,0.3513,158.0,49.0,0.016,0.0763
mp-866069,MgScRh2,16,train,132.1873,63.9231,0.4836,128.0,58.0,0.0098,0.0136
mp-866152,TiBeCo2,16,val,188.4254,76.488,0.4059,193.0,102.0,0.0071,0.0415
mp-866161,VRh3,8,test,262.1276,143.6589,0.548,251.0,127.0,0.0064,0.0259
mp-866216,CaDyRh2,16,unseen,95.5287,35.2161,0.3686,,,0.0251,0.019
mp-866468,CrH9(BrN)3,32,unseen,16.0311,11.9096,0.7429,,,0.0574,0.0458
mp-866475,Ca3Sn2S7,24,unseen,30.5594,22.4049,0.7332,,,0.0433,0.014
mp-866639,KSr2Cd2Sb3,32,unseen,33.3679,19.1611,0.5742,,,0.0119,0.0094
mp-867142,Sm2IrPd,16,unseen,106.339,32.6018,0.3066,,,0.0019,0.0198
mp-867149,Sr2CdSn,16,train,41.9811,20.1093,0.479,45.0,22.0,0.0702,0.0115
mp-867202,Sr,4,unseen,12.3268,6.8392,0.5548,,,0.0288,0.0222
mp-867373,Ti2Co12P7,21,unseen,212.4436,96.1253,0.4525,,,0.0086,0.0214
mp-867806,LiLa2Ir,16,unseen,66.3072,16.5784,0.25,,,0.0322,0.0871
mp-867840,BeFeRh2,16,val,216.5731,84.5402,0.3904,210.0,89.0,0.008,0.0101
mp-870,TlN3,16,unseen,17.2878,5.9329,0.3432,,,0.4542,0.282
mp-8710,Ca2Pt3O8,39,unseen,118.6524,53.9123,0.4544,,,0.0185,0.0202
mp-8732,Ta2Se,6,train,52.9708,30.5212,0.5762,40.0,26.0,0.0475,0.0352
mp-877,Er2In,6,test,53.5913,27.3662,0.5106,59.0,27.0,0.0134,0.0314
mp-8778,Sm2Au5F21,112,unseen,34.8804,11.2225,0.3217,,,0.0515,0.0986
mp-8850,Dy2S3,20,unseen,85.8229,36.1678,0.4214,,,0.0063,0.0053
mp-8919,ErPPd,12,unseen,122.5858,63.3422,0.5167,,,0.0184,0.0187
mp-8949,NdAsPd,6,unseen,92.2685,37.5057,0.4065,,,0.0255,0.0018
mp-8952,HoAsPd,12,unseen,106.3004,51.4701,0.4842,,,0.0185,0.0139
mp-900,RhSe,4,train,138.6264,30.7201,0.2216,136.0,29.0,0.0275,0.0018
mp-9066,NaLi2AsO4,16,unseen,57.9573,32.4147,0.5593,,,0.0144,0.0244
mp-9077,Nd2Be2SiO7,24,unseen,141.0191,88.2668,0.6259,,,0.0119,0.0246
mp-9219,LaB2Pt2C,12,unseen,170.636,52.6587,0.3086,,,0.0036,0.0761
mp-924129,ZrNiSn,12,train,131.8315,67.9739,0.5156,152.0,73.0,0.0266,0.0356
mp-9488,SmOF,18,unseen,117.9516,59.5479,0.5049,,,0.0205,0.0143
mp-9510,Tl2PAuS4,16,unseen,11.7427,6.2925,0.5359,,,0.0237,0.0912
mp-9549,ScFeGe,9,train,115.5007,60.2137,0.5213,101.0,53.0,0.0197,0.0163
mp-9552,LaCo5P3,36,unseen,159.8019,76.6203,0.4795,,,0.0063,0.0456
mp-9577,Ca3(AlSi)2,14,train,49.482,33.8775,0.6846,50.0,35.0,0.0048,0.0089
mp-961649,ZrFeTe,12,train,128.283,76.0826,0.5931,113.0,76.0,0.028,0.031
mp-961676,HfGePt,12,unseen,149.5605,51.6094,0.3451,,,0.0159,0.0694
mp-9650,MgTa2O6,18,unseen,174.1157,99.9264,0.5739,,,0.0025,0.0108
mp-971752,ZnCr3,16,unseen,163.2172,75.0511,0.4598,,,0.0248,0.0514
mp-971832,ZnIn3,8,unseen,47.3882,20.1365,0.4249,,,0.0685,0.3538
mp-971835,Tl3H,8,unseen,20.6622,8.5087,0.4118,,,0.0927,0.1999
mp-972066,ZrAlO3,5,unseen,222.5908,80.8627,0.3633,,,0.0283,0.0832
mp-972175,Zn3In,16,unseen,51.4165,14.0012,0.2723,,,0.053,0.0389
mp-972442,SnBO3,5,unseen,201.4842,137.7447,0.6837,,,0.1118,0.1385
mp-972530,Sm2AgRh,16,train,78.4661,23.4248,0.2985,76.0,21.0,0.0079,0.002
mp-972539,Sm3Er,4,unseen,37.7831,22.2619,0.5892,,,0.0026,0.0233
mp-972884,Sc2AlCu,16,train,78.9855,40.0448,0.507,57.0,34.0,0.0055,0.0051
mp-973126,ScBiPd2,16,unseen,104.7771,26.8208,0.256,,,0.0279,0.0287
mp-973254,LaNdHg2,16,unseen,46.3022,15.2926,0.3303,,,0.0107,0.0093
mp-973295,Mg5Hg,18,unseen,35.5235,10.8541,0.3055,,,0.0169,0.052
mp-973314,Ho2PdRh,16,unseen,105.8179,36.6187,0.3461,,,0.007,0.0211
mp-973410,NdAl2Cu9,48,unseen,109.6701,47.0649,0.4291,,,0.016,0.0752
mp-973430,LuScZn2,16,unseen,70.5753,36.2344,0.5134,,,0.0222,0.0272
mp-973561,LiCe2Ru,16,train,66.687,5.6589,0.0849,68.0,5.0,0.011,0.0863
mp-973564,La2TlZn,16,unseen,62.1009,21.0281,0.3386,,,0.0444,0.039
mp-973622,K3Sr,16,train,3.3847,4.4244,1.3072,5.0,5.0,0.0715,0.0373
mp-973633,LuSi2Ni,16,unseen,116.2866,70.5366,0.6066,,,0.017,0.0283
mp-973653,Lu2ZnAg,16,val,72.6472,30.5194,0.4201,87.0,30.0,0.0072,0.0233
mp-973983,NiPd3,8,train,186.8022,41.3064,0.2211,173.0,40.0,0.0123,0.003
mp-974058,LiCu3,16,unseen,92.0316,28.299,0.3075,,,0.0061,0.034
mp-974309,In3Ga,16,unseen,38.5099,11.5963,0.3011,,,0.1172,0.0631
mp-974463,LaAg2Sn,16,unseen,65.1741,26.3299,0.404,,,0.0291,0.0956
mp-974469,ReTe,4,unseen,69.0088,25.5663,0.3705,,,0.1209,0.161
mp-974517,NdErMg2,16,test,38.0362,21.1146,0.5551,37.0,20.0,0.0128,0.0062
mp-974611,RePb3,16,unseen,70.9997,29.8911,0.421,,,0.0269,0.2944
mp-974754,NdPa3,4,unseen,66.2167,38.4013,0.5799,,,0.0827,0.0451
mp-974788,Nd,9,unseen,34.0407,18.2804,0.537,,,0.021,0.018
mp-974850,Rb3Nd,16,unseen,8.9046,10.5605,1.186,,,0.0764,0.2977
mp-975044,Li(SiRh)2,10,val,157.1136,77.6588,0.4943,157.0,70.0,0.0256,0.0167
mp-975129,Rb,2,unseen,2.0054,1.2166,0.6067,,,0.1285,0.0219
mp-975190,RbTeO3,5,train,96.74,66.8422,0.6909,104.0,68.0,0.024,0.0054
mp-975640,Pr3(CuSn)4,22,train,70.0564,47.1965,0.6737,74.0,48.0,0.0051,0.0056
mp-975653,PrS3,8,unseen,72.1468,34.7807,0.4821,,,0.0513,0.0505
mp-975657,PrH,4,unseen,52.0707,26.833,0.5153,,,0.0564,0.0896
mp-975795,PrTm3,8,unseen,39.363,24.8007,0.6301,,,0.0145,0.0104
mp-975868,Li3Al,8,train,28.9457,19.1747,0.6624,26.0,18.0,0.013,0.0231
mp-976111,Ge3Sb,4,unseen,29.4345,30.1018,1.0227,,,0.1566,0.0346
mp-976190,K3TlAu5,36,unseen,43.85,21.0876,0.4809,,,0.048,0.0474
mp-976252,Nd2IrRu,16,unseen,113.2877,30.383,0.2682,,,0.0213,0.0081
mp-976286,HoErRh2,16,unseen,118.1707,46.1356,0.3904,,,0.0081,0.0111
mp-976349,LuH2ClO2,24,unseen,83.3246,26.9847,0.3239,,,0.0188,0.0659
mp-976419,Hf3Bi,8,train,102.1523,30.9537,0.303,101.0,28.0,0.0142,0.0273
mp-976722,MgPbO3,5,unseen,146.5532,95.5544,0.652,,,0.0379,0.0443
mp-977115,NaSrHg2,16,unseen,32.254,9.0755,0.2814,,,0.0961,0.044
mp-977145,Ho3P,8,unseen,69.8651,41.268,0.5907,,,0.0269,0.1087
mp-977165,Li3Co,8,unseen,31.1146,19.6669,0.6321,,,0.0922,0.0855
mp-977239,Li3Th,16,unseen,31.0293,23.2545,0.7494,,,0.0525,0.1318
mp-977242,Hg3Sb,8,unseen,27.5884,3.9955,0.1448,,,0.1361,0.0919
mp-977361,ZnFeRh2,16,unseen,202.3283,71.9706,0.3557,,,0.0059,0.0075
mp-977378,ErCdAg2,16,unseen,75.6487,14.0982,0.1864,,,0.0078,0.0676
mp-977388,HoMgSn,12,unseen,55.9017,39.4329,0.7054,,,0.0041,0.0143
mp-977404,Nd2AgIr,16,train,85.5322,22.0793,0.2581,90.0,21.0,0.0178,0.0036
mp-977433,ErMgZn2,16,unseen,63.4763,34.6061,0.5452,,,0.0145,0.0429
mp-977549,Zr2OsRu,16,train,196.9744,89.5321,0.4545,193.0,86.0,0.0111,0.0184
mp-977586,MgSc2In,16,train,55.3141,33.7587,0.6103,43.0,38.0,0.0036,0.0307
mp-9780,RbHfAgTe3,12,unseen,20.4498,12.2186,0.5975,,,0.0263,0.0079
mp-978256,Mg2TlPb,16,val,40.5882,13.6189,0.3355,114.0,33.0,0.0292,0.0342
mp-978508,Si3Os,8,unseen,178.322,96.3784,0.5405,,,0.0112,0.0752
mp-978545,Sm2AgHg,16,train,58.477,18.5463,0.3172,58.0,19.0,0.0285,0.0297
mp-978918,TbZr,2,train,58.4149,33.3622,0.5711,64.0,32.0,0.0119,0.0138
mp-979026,SmTm3,8,train,39.9693,25.2878,0.6327,42.0,26.0,0.0064,0.0062
mp-979271,TbAgSe2,16,unseen,68.3727,22.6127,0.3307,,,0.0366,0.0059
mp-979288,Ta2NbRh,16,unseen,225.1504,88.7315,0.3941,,,0.0105,0.0412
mp-979715,YHoAl2,16,val,66.2707,36.142,0.5454,65.0,37.0,0.0277,0.0126
mp-980001,YbPr3,4,train,30.6396,15.1234,0.4936,27.0,14.0,0.0097,0.0147
mp-980058,RbTbO3,5,unseen,74.0966,38.7486,0.5229,,,0.0091,0.0106
mp-980071,TmLuTl2,16,unseen,59.7063,18.8104,0.315,,,0.0122,0.0311
mp-981207,Yb3In3Ge2Au,9,train,54.7554,39.5204,0.7218,52.0,38.0,0.0171,0.0116
mp-981390,HgBi3,4,unseen,35.05,5.9815,0.1707,,,0.1287,0.0457
mp-982245,PbAuO3,5,unseen,104.8708,62.7191,0.5981,,,0.0341,0.1252
mp-9827,RbHg2,12,train,14.5952,5.9085,0.4048,11.0,5.0,0.0737,0.0618
mp-982870,HfAlIr2,16,unseen,215.6276,106.8047,0.4953,,,0.0184,0.0296
mp-984049,CeYZn2,16,train,50.781,24.9644,0.4916,30.0,26.0,0.0087,0.0217
mp-984682,Ce2MgAl,16,unseen,45.2156,28.7185,0.6351,,,0.0283,0.0491
mp-984716,CaSn4(PO4)6,105,unseen,82.9852,38.8763,0.4685,,,0.0201,0.0536
mp-985571,LiAg(CO2)2,16,unseen,41.2794,15.2798,0.3702,,,0.0512,0.1188
mp-988940,AlAs,8,unseen,61.6624,50.5626,0.82,,,0.1303,0.055
mp-989401,CaMoN3,10,unseen,116.0864,50.1924,0.4324,,,0.0168,0.0504
mp-989533,NaTl2InF6,40,train,114.4937,35.6825,0.3117,129.0,40.0,0.0113,0.0314
mp-989555,Tl2InGaF6,40,unseen,77.7791,24.0089,0.3087,,,0.0616,0.0507
mp-989610,Cs2NaInH6,40,unseen,72.6831,15.0524,0.2071,,,0.0217,0.0456
mp-989629,CsRb2GaF6,40,unseen,19.771,11.7017,0.5919,,,0.0965,0.1066
mp-9902,Sc2CoSi2,20,unseen,118.9474,77.2907,0.6498,,,0.0416,0.0384
mp-990424,C,4,unseen,125.8354,88.8843,0.7064,,,0.0169,0.0298
mp-996984,AgClO2,4,unseen,10.1588,4.8282,0.4753,,,0.2036,0.051
mp-997039,AgPdO2,4,unseen,121.5968,17.3917,0.143,,,0.0098,0.0669
mp-998154,TlAgBr3,10,unseen,23.9627,4.9386,0.2061,,,0.0812,0.0446
mp-998609,CsNaF3,20,unseen,24.5212,15.5708,0.635,,,0.0429,0.0189
mp-998710,TlHgF3,5,unseen,39.4346,17.8811,0.4534,,,0.1929,0.0681
mp-9988,Nb2CS,8,val,193.5351,116.1634,0.6002,193.0,97.0,0.0227,0.0391
mp-998947,TiRu3,4,unseen,263.8166,131.4275,0.4982,,,0.004,0.0325
mp-998987,Ti3Ge,16,unseen,128.9996,67.6797,0.5247,,,0.0193,0.0509
mp-999123,TbH3,16,unseen,75.9418,47.6388,0.6273,,,0.0183,0.0198
mp-999198,BMo,8,unseen,292.379,148.3101,0.5073,,,0.0212,0.0208
mp-999296,Pd3N,16,unseen,187.1427,77.668,0.415,,,0.0374,0.0967
mp-999338,NdAu,8,unseen,72.616,15.5266,0.2138,,,0.0255,0.1047
mp-999485,ZnN,8,unseen,157.3291,60.9512,0.3874,,,0.03,0.0235
