material_id,formula,Number of Atoms,Volume (A3),Density (g cm-3),Atomic mass (amu),K_VRH_pred,G_VRH_pred,K_VRH_spread_log10,G_VRH_spread_log10,Poisson ratio,Gruneisen parameter,Kappa_cal (W m-1 K-1),Kappa_cal_p05,Kappa_cal_p50,Kappa_cal_p95,space_group,crystal_system,p95_p05_ratio,confidence_old,confidence,family
034fa20312,VCl8,9,405.0293428063881,1.371651446320822,334.56550000000004,2.4330540166402046,0.8995849814205764,0.4479862086944035,0.0944609409762192,0.3354166231775873,2.0157229401565546,0.0298444186310886,0.0049524151870065,0.030102262754066,0.1538523831799549,I-4m2,tetragonal,31.06613185090212,moderate,wide,non-oxide
32e397f80a,HfRuI6,8,357.03519554847594,4.841537490961708,1040.98682,7.750571108560947,2.69948779295144,0.0714875607347152,0.085742189942607,0.3439674652854658,2.082384244418772,0.0834238970814932,0.033947106247391,0.0804909875367262,0.1950850564620943,P-31m,trigonal,5.746735967431306,tight,wide,non-oxide
9c397a9901,GdTiI6,8,373.348519533582,4.298888815571731,966.54382,5.810323190549864,2.309572234087759,0.2203661687085236,0.0745549411151703,0.3245054069324092,1.935498787853859,0.0821521605469157,0.0254678863820881,0.0808766774625735,0.23503609268196,P-31m,trigonal,9.228723937109418,tight,wide,non-oxide
5fbe5bcacf,PdSe2I5Br,9,391.17629016743314,4.154852439608664,978.76635,4.272736509074029,1.859816666951612,0.2837672985437565,0.129769673187589,0.3099386822504261,1.8360469874462548,0.0601032511540474,0.0106559442074155,0.060535976144663,0.2617923670151096,P1,triclinic,24.56773064116898,moderate,wide,non-oxide
332f7fe495,TeClF5,7,150.12568792945518,2.85423391904414,258.045016,9.242494881734372,3.8326574727326026,0.061920590858758,0.0317757780927313,0.3178402940133866,1.8889631021724225,0.190301923330261,0.1261537716526987,0.1878436166024941,0.2775867537117811,P1,triclinic,2.200384103267061,tight,moderate,non-oxide
f58888cfa6,LuSbI6,8,374.73304892784034,4.688953280379853,1058.15382,7.603769622316254,2.204244933026358,0.1466928890197311,0.1967919618698366,0.3678275353814943,2.288568316838369,0.0518887180388975,0.0070854673038355,0.0510018227084517,0.3960880682228946,R3,trigonal,55.90147427657731,moderate,wide,non-oxide
d5a979b06c,PtCl8,9,352.65469184624345,2.254084108290088,478.708,2.31028469626458,1.2686358213115505,0.4808891731586471,0.2075330773187791,0.2679180348009124,1.589871329298729,0.0565096348725345,0.0041338876750658,0.0574031988749416,0.4225463471096042,P-1,triclinic,102.2152463547217,moderate,wide,non-oxide
6176895e50,SmSbI6,8,398.585660128172,4.305836977718011,1033.54682,5.644160971001876,2.460932666383797,0.2750878963182867,0.1214076637307114,0.3096570980772065,1.8342044769999355,0.1019165601596123,0.0191605494256376,0.0997505898163838,0.4346765359618964,,,22.686016267376992,moderate,wide,non-oxide
3b333fcade,SrZrBr6,8,341.850592332415,3.1975364569704223,658.268,6.549108959973228,3.210726558382521,0.1878723612790713,0.0600631837385949,0.2893044632792889,1.708311605807226,0.1894298801084239,0.0760468283118872,0.187604757079713,0.4351805939062204,P312,trigonal,5.72253443787866,tight,wide,non-oxide
9811b7fd74,GdGaI6,8,350.8512457961647,4.677984007436113,988.39982,5.429645681844373,2.552107100937213,0.4408950087351054,0.0903645066047526,0.2968180201879636,1.7531739436318827,0.1071416099479494,0.0173827291834669,0.1094488767309402,0.4473029639026706,R3,trigonal,25.73260845184821,moderate,wide,non-oxide
9fdae5c922,KRbSeBr6,9,316.6671391907952,3.5812535714024145,682.9501,9.912488126866538,4.5667844107727324,0.143268143566723,0.0670377367597966,0.3003111317837122,1.7746574133227495,0.2465508585441918,0.0991367975550129,0.243898616036554,0.5702373398397926,F-43m,cubic,5.752025018998186,tight,wide,non-oxide
3d3f3d098a,InAgI4,6,301.15032876203384,4.026887375540406,730.30408,12.973828225121604,3.1661874317072263,0.149048022937402,0.1719611968580131,0.3871574285344517,2.4814160666100977,0.0987942497792561,0.0182813978970115,0.1012742861093281,0.5788167130836767,I-4,tetragonal,31.661512776235604,moderate,wide,non-oxide
e8275d9285,ZrFeI6,8,342.75066177148864,4.401429293421141,908.49582,5.340325789412123,2.7599251613022626,0.0522486797782812,0.1517628044971303,0.2795692866494476,1.6527744085900675,0.1359806961998808,0.0312552949122229,0.1384836960301451,0.5954071349921942,P-31m,trigonal,19.04980057504908,tight,wide,non-oxide
262ae9057a,Cs2TaSBr5,9,341.1036552373698,4.275897213496444,878.3437838,10.740781952747003,3.613925755023659,0.030438190457437,0.1702748741001706,0.3487317907667335,2.121081851981588,0.1158846866283855,0.0228374177402016,0.1161635361814327,0.5971711671416929,Cm,monoclinic,26.148804297189383,moderate,wide,non-oxide
22772d2a07,Rb2ZrAgTe4Au,9,323.5096141481044,5.530146135131154,1077.394369,15.4273436006823,6.697467394166897,0.1480575827789788,0.0216923251269638,0.3103756843063435,1.8389122222873693,0.3332369084826396,0.1694272101476298,0.3323593931869975,0.5972183580346536,C222,orthorhombic,3.524925881234008,tight,moderate,non-oxide
7fb1d14f79,RuPtI6,8,292.744807919877,5.998925421184931,1057.58082,7.186872575488965,3.2261582623001424,0.2410441314540903,0.1486255598391335,0.3047653557024407,1.8026535358853912,0.120605945639343,0.0227185710154702,0.1249209467737671,0.6024843028087191,C2,monoclinic,26.519462971436717,moderate,wide,non-oxide
844b1549b9,TmSbI6,8,381.6516588691143,4.577703345307631,1052.12103,6.120793612827262,2.694243289599966,0.066202687786468,0.1870963546994632,0.3080715640922581,1.823883754548535,0.1127364618240221,0.0169004753882669,0.1091279618493985,0.6370051843576652,R3,trigonal,37.69155421509045,moderate,wide,non-oxide
881dd5b86d,HfFeI6,8,329.7143427785173,5.014951401612545,995.76182,5.298855170392568,2.092571281028968,0.2398229345354352,0.2718156131317215,0.3255137554513856,1.9426974120337104,0.0624921783948409,0.0034116309018557,0.0573839572187997,0.7601029442112969,P-31m,trigonal,222.79753176049897,moderate,wide,non-oxide
552d77a56b,Hg(Se3Br)2,9,319.0904369224467,4.3409384562309,834.158,5.203774733776408,2.885395540781716,0.3124539627988078,0.1707970793796436,0.2660075207108788,1.5799059293789104,0.1364167630152107,0.0189960503629508,0.1318744814457355,0.7710358220264429,P-1,triclinic,40.58927025852911,moderate,wide,non-oxide
7578a98a0d,Rb2Hf(Te2Au)2,9,314.70613479210937,6.6154267021966975,1253.758738,15.557442395067524,6.79392170691878,0.0755564048182467,0.0970187416231467,0.3093959690170097,1.8324984075534456,0.3103803314879496,0.1137078284309732,0.3134399137413277,0.8007922617731904,C222,orthorhombic,7.042542917432588,tight,wide,non-oxide
eb76dad8b3,K2Ru(Cl2F)2,9,223.7126873441661,2.665287999952478,359.0754064,20.004751265149267,6.80200322005514,0.1753395974285986,0.0774612218485287,0.3472975696960191,2.109311111306186,0.3331325051675312,0.1138177079348047,0.3255929017349265,0.881596112788175,I4/mmm,tetragonal,7.745684997392117,tight,wide,non-oxide
ce2b3174a8,K2RbBiSbAu3,8,268.3705782077648,6.715305931014746,1085.304507,23.765034837178177,6.653471996346565,0.2347022883011525,0.1296053770097828,0.3719642045867151,2.3277107949890605,0.1957392035559016,0.0425526375620755,0.1881748090499982,0.9191229886470604,R3m,trigonal,21.59967140241891,moderate,wide,non-oxide
c4d8bb3c6f,Rb3Ag(SbAu)2,8,284.86623846527834,5.8392425606988825,1001.724738,18.73696976889577,7.041712083628168,0.1513677280691021,0.0914690675240025,0.3330097963804,1.997575825782819,0.3226321023706863,0.1083279907471618,0.3155330572360758,0.9267737509039364,C2/m,monoclinic,8.555256536300316,tight,wide,non-oxide
3e16fd27f7,K3BiSbAu3,8,259.6419831140217,6.644503899180879,1038.935007,24.609427989085344,8.02859080237067,0.2238362448652086,0.0705882105141692,0.352878744302799,2.155721504688769,0.3055949260267969,0.1002917507513639,0.2948854228505003,0.9270521512861816,R3m,trigonal,9.243553376433344,tight,wide,non-oxide
77aa45d8de,Ti(PSe3)2,9,266.93857395241406,3.630229540752472,583.574524,8.922595599589696,5.767871206693712,0.2170325847426008,0.0342857317888335,0.2340823164360803,1.4264065676188475,0.4614394748213226,0.1928740982594102,0.4597772771991893,0.9302589121814592,C2,monoclinic,4.823140694248571,tight,moderate,non-oxide
6d7b04ae71,IrRhI6,8,297.64135325770803,5.894481411599428,1056.54932,12.655232441232966,6.306678525666214,0.1555265772881848,0.087015673218671,0.2863223374167534,1.690997128777419,0.3730270032382537,0.1263651820311765,0.3652196411707073,0.9335328489039946,C2,monoclinic,7.387579663151794,tight,wide,non-oxide
c91fd89141,TaInCl6,8,283.5906829599088,2.977380426758927,508.48388,6.095546972126658,2.1925138379487032,0.3527804947421225,0.2542308084946584,0.3394088625055237,2.046412408618977,0.0747092999356852,0.0049137180477693,0.0761660519107898,1.003073757219239,R3,trigonal,204.1374265816071,moderate,wide,non-oxide
b5387a932b,Cs2Pd(PtSe2)2,9,280.5672713777751,6.381563382631957,1078.2389038,18.323089382002948,5.852464827825875,0.2255302599065083,0.1655204225462546,0.3556651247422467,2.17951511808212,0.1729264467978669,0.0318990203280883,0.1806592009238238,1.009633204871809,C2/m,monoclinic,31.650915748744403,moderate,wide,non-oxide
027d726fb6,ZrPbBr6,8,319.77937820830306,4.039181641162333,777.848,7.689734501975694,3.5223174028214563,0.3812909158870688,0.1605416891745754,0.3013097437200768,1.7808746214866582,0.1764117789586002,0.0230257133914876,0.1805551768731097,1.0115903929896253,R3,trigonal,43.93307498405669,moderate,wide,non-oxide
3301a13de9,Mg(Se3Br)2,9,268.9397352640943,4.061965100898404,657.873,8.891042674340845,3.8151653500403935,0.4332765245282354,0.1620932650346752,0.3122968722769913,1.8515924509552744,0.1552436409571944,0.0163625175305195,0.1595644724627801,1.021031765207642,P-1,triclinic,62.400652179788615,moderate,wide,non-oxide
65ace95f61,CaCeBr6,8,317.3518792882036,3.4514415418607127,659.6179999999999,9.682480480131378,4.503637636600876,0.2016658906881277,0.1184196330381623,0.2986515891367161,1.76439997764905,0.2796932047838203,0.0677481621435942,0.2752894093182479,1.0234173571505851,C2,monoclinic,15.106201035851296,tight,wide,non-oxide
297c9b445d,PdSe6IBr,9,284.00740607763856,4.601376841797324,786.98847,6.343719688329981,3.317419945313926,0.3429569166335139,0.2088223699733213,0.2773402096090032,1.6404487627973037,0.1480984359910521,0.0139892185311276,0.1404443033694732,1.0358205557246225,P1,triclinic,74.04420435779174,moderate,wide,non-oxide
79d4f4d82f,Rb4CdAs2Pt,8,272.47359073314567,4.870631422947189,799.2094,28.96564125502756,9.975351074570527,0.0783875523597026,0.0660176685516364,0.3455386059982261,2.0950187336438857,0.5332553062960492,0.253172106701343,0.5299900624734715,1.0525763544293505,C2/m,monoclinic,4.157552615664065,tight,moderate,non-oxide
a996f5a4e3,Cd(Se3Br)2,9,279.4094979000615,4.433375684805593,745.979,7.460269801842093,4.018605113075672,0.3223454868166464,0.1634546998802173,0.2716651001723529,1.609696274699026,0.2061730639882287,0.0244469071062789,0.1995496630438979,1.0529683803351784,P-1,triclinic,43.07163993210135,moderate,wide,non-oxide
c4ea4b1cb6,K3Cu(PAu)2,8,210.1771323512397,5.030523624986222,636.721562,30.796704849563504,11.38161372363354,0.1193083076128199,0.0334382680542728,0.3354810036443854,2.016211981305691,0.6337204387573776,0.3574899581897307,0.635840085439374,1.144571833643989,C2/m,monoclinic,3.2016894668591784,tight,moderate,non-oxide
5dfbe90198,Rb3Cu(AgAs)2,8,239.3205409735585,4.756581623737135,685.529,23.07307384526624,8.907106698189862,0.0517954320944574,0.0871967552919291,0.3289864588635271,1.9678181133409784,0.4940814926370819,0.2077752842797162,0.4962877257677995,1.153497741049754,C2/m,monoclinic,5.551660030443586,tight,wide,non-oxide
41e77920bd,ErRhBr6,8,281.1100680657404,4.42787765812802,749.5885,13.182247902060237,5.1445402175403085,0.16693567675355,0.1616797261291419,0.3273307533638662,1.955777006395792,0.2399919789456966,0.0401199019660476,0.240229596898329,1.185660974698397,C2,monoclinic,29.552937983292924,moderate,wide,non-oxide
e857b83d63,Cs2PrBiTe4,8,339.7850586405593,5.503277029708769,1126.0989538,22.2822010199942,10.234937273676463,0.1139607990992925,0.0150446017327214,0.3008290202289744,1.7778774722826751,0.7661404506378114,0.4624563183844104,0.7660040664150778,1.190806628413135,P-3m1,trigonal,2.574960230996981,tight,moderate,non-oxide
8676e5e44b,Rb3Ag2P2Au,8,241.46391726149065,5.027432523170469,731.053893,24.1614592008514,10.132630941068308,0.1529553089528418,0.028884512932206,0.3160312666903536,1.876637765010688,0.6395967070094901,0.328466553571299,0.6365655840199748,1.1926373110381263,C2/m,monoclinic,3.630924665147816,tight,moderate,non-oxide
89430a2309,ZnCd2AsI3,7,256.357949929414,4.831290194532671,745.86601,14.240016451875327,6.870385997025155,0.1193721928070562,0.0859851899253632,0.2921861560147245,1.7253049481335172,0.4926023013941387,0.1795875115972955,0.4916087256760717,1.2085887079243085,Pm,monoclinic,6.7298037440066025,tight,wide,non-oxide
fa6029de53,HfGeBr6,8,291.69065832771787,4.158904045507121,730.554,8.049258180254178,2.59970830505712,0.3135450276016781,0.2948678964333719,0.3542082453117587,2.1670215183183883,0.073170425660814,0.0038763060947306,0.0712169974941145,1.2512320305230802,P312,trigonal,322.7897900591417,moderate,wide,non-oxide
e83b56bce9,Er2ZnBr6,9,369.13302941988985,3.955746504420477,879.3509999999999,14.730012502539983,7.237499778468322,0.1793529038661858,0.0718924333234613,0.2889020116341596,1.7059589806294189,0.5268449499843355,0.1848300352959983,0.5196393790663679,1.307367770428081,P-31m,trigonal,7.073351299935538,tight,wide,non-oxide
d1dd9d5ee2,K3Ag2Sb2Au,8,256.5474535700129,5.006701973097965,773.517869,24.712312161529148,10.513768191398423,0.1423941018421732,0.0393881892673125,0.3136973301349075,1.860922740546196,0.701977839091968,0.3406082992204768,0.6870677873589177,1.3145985344401931,C2/m,monoclinic,3.859561077779991,tight,moderate,non-oxide
51a5dfe7d3,K4HgAs2Pd,8,246.5270112989097,4.130661385578747,613.2464,22.68819121177357,9.151422046795217,0.1277817295646337,0.0683527914161708,0.3222242302397433,1.919368942973241,0.5848103998826293,0.2618076271082096,0.6013263144050344,1.344568126157755,C2/m,monoclinic,5.135710296178733,tight,wide,non-oxide
747fb48837,ZnCd2AsBr3,7,230.36728801572207,4.359999669910251,604.8646,18.21583866182999,6.711883260285404,0.1307640310345795,0.1252382235503058,0.3359204129411146,2.0195548670517067,0.3620477351013513,0.0920995366700384,0.3661228073177047,1.3586744485918376,Pm,monoclinic,14.752239780092598,tight,wide,non-oxide
33a4234ddb,Rb3Ag(PAu)2,8,241.9802508861185,5.628124066021613,820.152262,25.37932225254954,9.364320231668705,0.1963934557985408,0.0834391828824389,0.3357180744269678,2.0180144375104887,0.4677998951129254,0.1465251428248628,0.468893340678949,1.3981086847661688,C2/m,monoclinic,9.541766401396972,tight,wide,non-oxide
8587a98e3f,ErVBr6,8,296.55595843052987,3.906287177019073,697.6244999999999,10.46000771831675,3.941811870093073,0.6101672791133248,0.1662498417224742,0.3326044555457702,1.9945453439262293,0.167936432598203,0.0156543516874397,0.175240294878353,1.3988987089832847,P-31m,trigonal,89.36165079935522,moderate,wide,non-oxide
79b9e92954,Rb4HgAs2Pd,8,276.2840639908813,4.800541342635889,798.7244,21.16758126316857,9.373752378043331,0.139302294966232,0.066653246493652,0.3070622312200842,1.8173611090153563,0.6456011455242426,0.2674308445589193,0.6422777629375398,1.4265826223358444,C2/m,monoclinic,5.334398224291384,tight,wide,non-oxide
d53f10e181,NaNdEuI6,9,416.154941573024,4.311894078379119,1080.62258928,9.56582665950712,4.931377274465013,0.2462548238697008,0.1545943222305174,0.2800381423593979,1.655385029664937,0.310368357731808,0.0481234318255958,0.3024932621729792,1.4544961319925866,R3,trigonal,30.22428112076104,moderate,wide,non-oxide
0be540b3d8,LiCuI6,8,340.85048118019404,4.05287795194332,831.91382,6.356935856425042,2.7644862179784275,0.430291835482299,0.2651950937777182,0.3100905182513133,1.837041714754951,0.1183867863575323,0.00623643351639,0.1094200660740325,1.4847674506954378,C2,monoclinic,238.07957653894505,moderate,wide,non-oxide
55e74d203d,K3Ag2As2Au,8,231.7762274308554,4.870657652185735,679.8410690000001,24.97374692817344,11.672940610184092,0.0398795313553033,0.0531793131315255,0.2977992212263477,1.7591674696003037,0.8893005773904431,0.5213076915709486,0.8907374780059338,1.4860552581992674,C2/m,monoclinic,2.850629833833977,tight,moderate,non-oxide
3b581a1679,Zr(GaI3)2,9,382.1664833838405,4.3107273960146335,992.09682,4.710672458287132,3.480495180075541,0.278756503494653,0.2044480242357103,0.203577626767971,1.2995099463283164,0.2531236907958196,0.0253903627884485,0.2607005883899259,1.4901419153772009,R-3,trigonal,58.6892722956737,moderate,wide,non-oxide
94d8192cb2,Cs2Pd2PtSe4,9,281.6103429417815,5.83511163765161,989.5749038,17.588662701884378,5.615870267435609,0.2919098483989353,0.2041460443628048,0.3557119345649952,2.1799184810632246,0.1701306371874152,0.0190488144279988,0.1693396807548466,1.5085424909372005,C2/m,monoclinic,79.1935107898303,moderate,wide,non-oxide
55e39c76c1,NaLiZrBr6,9,294.28347186242667,3.3888566831220026,600.57876928,10.6738117154149,5.537474292908658,0.2018287022339621,0.1510112590252601,0.2788484393344987,1.648772993641632,0.3735469369500671,0.0656722032095263,0.3575547605948297,1.6101622451384472,P312,trigonal,24.518170039175384,moderate,wide,non-oxide
1286eb896b,MnCdI4,6,288.9523646470938,3.878871005468921,674.966925,6.827549766993224,2.974899898010216,0.3562602086109518,0.2365439053337334,0.3097691361888957,1.834937235956125,0.1708210678879663,0.0126276704865732,0.1639540530910875,1.6489018552001058,I-4,tetragonal,130.5784671015414,moderate,wide,non-oxide
adbbd64392,Rb3Cu2As2Au,8,234.64318704812592,5.1682739252514285,730.305169,24.00027187412108,9.43043638131078,0.2206192105257977,0.0889269623646966,0.326287153593955,1.948247621634376,0.5229424547339422,0.1484423037067886,0.5360225171602019,1.6513702047605416,C2/m,monoclinic,11.124660312618282,tight,wide,non-oxide
1babd4bb2e,KRbZr(Te2Au)2,9,312.7310050427921,5.947630291565314,1120.123238,17.40607143221799,6.971123335354572,0.2424791558869924,0.1665450187253495,0.3233349886757802,1.927196168468479,0.3094003831249466,0.0427562833746952,0.2960763754237371,1.687830779977976,P2,monoclinic,39.47561964604479,moderate,wide,non-oxide
1f66734223,K3CuAgP2Au,8,210.0344424866271,4.329526606480819,547.623193,29.14118328578052,11.856417114498944,0.0623352288806727,0.0751583528918494,0.3208639042275992,1.909851579714236,0.8060591857361221,0.37113939911098,0.8123280176047376,1.6929407051731633,P-1,triclinic,4.561468572801487,tight,moderate,non-oxide
a58f6bad97,ScSbBr6,8,296.284698046444,3.621316169680629,646.139912,7.654640207283863,3.887853199098377,0.5947581768644173,0.1658329625478173,0.282815845331694,1.670982285344946,0.2345503456740585,0.0167265764440367,0.2224988149764549,1.694041643905451,R3,trigonal,101.278444490618,moderate,wide,non-oxide
222af8439d,K3Ag(SbAu)2,8,257.7754298031124,5.556805649700048,862.6162380000001,23.05094740642378,9.29790916448281,0.1836782659777986,0.1003231046397357,0.322221412787993,1.919349153310918,0.5241128288210825,0.1494555617164623,0.5364769489378528,1.6986468257880083,C2/m,monoclinic,11.36556449475312,tight,wide,non-oxide
a453186cd3,Rb3Ag2As2Au,8,254.0186185161511,5.353535747668943,818.9495689999999,23.049466878924903,8.627816638054872,0.0474661647701369,0.1431197308433627,0.3336030548856406,2.002024549836478,0.4379350242313796,0.1088098304773276,0.4515241030677153,1.699768560986008,C2/m,monoclinic,15.62146134709936,tight,wide,non-oxide
8f544304b7,K4LiAgAsP,8,239.09369043762948,2.618996617841088,377.0977620000001,18.450510078931487,9.153438543165043,0.1380793142463413,0.046441160769388,0.2871457335080011,1.6957506438385137,0.9054043366524268,0.4395073269130394,0.9024112948555646,1.716509321109612,Cm,monoclinic,3.9055306157597673,tight,moderate,non-oxide
9f31c919f8,Rb3BiSbAu3,8,282.7074534033485,6.9194753966039615,1178.043507,20.79162809867564,5.505869220505233,0.1511042484302998,0.2591521533575937,0.3783336453572742,2.3901765380495026,0.1388752939651545,0.0120771018402949,0.1376742907706241,1.7274052027909033,R3m,trigonal,143.03143466319594,moderate,wide,non-oxide
4809ac6683,Rb3Cu(AgP)2,8,230.6987265435152,4.30168600520357,597.633324,24.2958324043684,10.809728540557929,0.079329698537999,0.0729090212782347,0.3062708451226385,1.812272461326326,0.7992901871052139,0.3753849065811325,0.8014948611329786,1.7740509677533385,C2/m,monoclinic,4.725951780828754,tight,moderate,non-oxide
e2e64b1307,Cs3Ag3AsP,8,272.8352703089249,5.040717615067528,828.2163177,14.958034967565824,7.392857964002604,0.2229577895344061,0.1154912716509956,0.2878337225316563,1.699738291599967,0.4930853858742849,0.1170674798234481,0.5138548190687076,1.785247880664819,R3m,trigonal,15.249733601143438,tight,wide,non-oxide
8ffe188ecc,LiNb(AgS2)2,8,226.03654936972865,3.2606228472439978,443.84378,23.34657568818826,7.339553623959814,0.1365220193091602,0.156992910079021,0.3577225022256842,2.197359035219857,0.3494691485300821,0.0757253191320062,0.3599706426207593,1.7866232883360995,P-42m,tetragonal,23.593473211009044,moderate,wide,non-oxide
4c996b9ceb,EuPtCl6,8,258.44069157860093,3.596621363205008,559.7660000000001,9.088488939102588,3.247740800679905,0.1622920957114756,0.3002109084365092,0.3403441794120648,2.053711024772724,0.1179624312652995,0.0062338592805095,0.1190301594937911,1.7893604750541956,C2,monoclinic,287.0389584584788,moderate,wide,non-oxide
20ff0e5d0c,Er2TeBr5,8,333.39313992896007,4.291580692305079,861.6379999999999,15.885106123842885,7.001345103757532,0.2862958219403049,0.1056495137524436,0.3078547611969594,1.8224796073654463,0.4669003277737674,0.1015599791217543,0.4814119795409913,1.816255689426928,P1,triclinic,17.88357682950609,moderate,wide,non-oxide
a9692b8038,K3AsPAu3,8,229.4089181686005,5.8926575737865,814.089969,26.639516657016607,8.80550005947034,0.0783995841217625,0.1660475739965531,0.3511311185111364,2.1410125204738453,0.3628757682593982,0.0713168577967683,0.3778318883617518,1.840507771995861,R3m,trigonal,25.807471457039743,moderate,wide,non-oxide
9a57fc02a9,CoF8,9,161.59791365250567,2.1673646083852645,210.9204206,6.036348086636237,2.479447628563645,0.1156909668343158,0.317437150956687,0.3193567813032553,1.8993942253079448,0.0896552178846222,0.0034396860190665,0.0924568698498987,1.8581622729339655,C2/m,monoclinic,540.2127585581912,moderate,wide,non-oxide
8bf26c7bed,Rb3Cu2AgAs2,8,236.4625237125101,4.502823220950177,641.2067999999999,22.67095541680544,9.062394125797482,0.1831417389880285,0.106313439977112,0.3236322378627819,1.9292994036751805,0.539072395923068,0.1507250242368234,0.552557860370631,1.8616810353079387,C2/m,monoclinic,12.351505960833766,tight,wide,non-oxide
6d7bbbcb8c,Rb2Li2ZrTe4,9,333.37531926444444,3.91725759754896,786.4416,13.486986398891622,7.89308930221192,0.2757143746914302,0.077072441007277,0.2551469975964796,1.525014588527975,0.6955814942247902,0.1803223632700474,0.6628569816295924,1.9266226342291088,C222,orthorhombic,10.684324447011788,tight,wide,non-oxide
1d21b4ae34,NaGaBr6,8,336.9603670747021,2.8194872483163165,572.13676928,4.127642096580551,2.0692425280071545,0.1429997112799927,0.3489130256208149,0.2852319723667457,1.684733968321418,0.1062960773232516,0.0037501367020351,0.1026012369701002,1.9468998443696064,P1,triclinic,519.1543666429719,moderate,wide,non-oxide
055fd62418,CsK2Cu2AgAs2,8,223.6411371647565,4.42460764064795,595.9054519,24.664771042315618,11.362382201152446,0.1242448307054448,0.0736114934503087,0.3003252909895875,1.774745329525366,0.8720465804053812,0.3571602143042052,0.8710614126642288,1.975780872348144,C2/m,monoclinic,5.531917591093464,tight,wide,non-oxide
bcb3257dd0,Cs3Cu2AgP2,8,246.57896129595017,4.68454792555062,695.6240797,19.45014424439834,8.351353814761113,0.2413325506192074,0.1245590485388503,0.3121934753106621,1.850906510434522,0.5120255880222007,0.1143319174976616,0.5111292936730257,1.9913776484155965,C2/m,monoclinic,17.41751290453363,moderate,wide,non-oxide
ce4bc117e8,ErZrBr6,8,322.6350417627714,3.7978621170062232,737.9069999999999,9.01830201945322,4.595796892273537,0.495697700236711,0.1731733559997637,0.2821945582326348,1.6674740899347125,0.303878907849183,0.0263659108872861,0.3051015779011757,2.0102028007111667,P-31m,trigonal,76.24249392728169,moderate,wide,non-oxide
19509b7273,KRbHf(AgTe2)2,9,320.43688185645186,5.33338842204514,1029.1925,16.914184355229686,9.043193746630855,0.2694536844411769,0.085445615836889,0.2731099577541613,1.6174415642310858,0.6591945065326505,0.1635574581086471,0.6447825788339608,2.0492195870008163,P2,monoclinic,12.529050100788258,tight,wide,non-oxide
4dd3881ae6,Zn3PI2Br,7,212.08802593279623,4.391662906790818,560.9137020000001,13.408924978515286,6.661505598658512,0.2409733485352018,0.1345354896234288,0.2868921981325685,1.6942847726176526,0.4773555337475709,0.088103160127774,0.4688474203382187,2.072223186714166,Pm,monoclinic,23.52041837896469,moderate,wide,non-oxide
aad189367e,ZrGeBr6,8,294.6775970847149,3.624995137517419,643.288,6.856307491393229,2.984199176262808,0.509358751725027,0.3004460517661945,0.309948811421771,1.836113320599636,0.1338672588490923,0.006030836981277,0.139961549867181,2.109687678574004,P312,trigonal,349.8167310977889,moderate,wide,non-oxide
10d40a0dce,CoIrBr6,8,227.9421216301513,5.322171193574639,730.5741949999999,10.914193342671943,3.637859412923774,0.4659939918531611,0.3084556499075763,0.3500076083950478,2.1316421765472744,0.1021132643287625,0.0043371782758742,0.1003304243776895,2.1493452824146644,C2,monoclinic,495.5630471476101,moderate,wide,non-oxide
35c885b13e,ZrSnBr6,8,315.3508669634941,3.6299436957155,689.358,5.29840769418786,2.906129815085663,0.4572598794146021,0.2979913444741419,0.2681446252107992,1.5910595817712565,0.167142848900635,0.0054569533606679,0.1425497941672384,2.1759799419457253,R3,trigonal,398.7536264519891,moderate,wide,non-oxide
eec4222682,Cs2Ni(PdSe2)2,9,275.4732822499035,5.142952005646662,853.1843038,18.28868810855137,6.6390245596078685,0.368637262724428,0.201194279140787,0.3380859694717376,2.0361603418808314,0.2663469507667778,0.0250827552240741,0.2834019187332999,2.179832498318492,Fmmm,orthorhombic,86.90562415672383,moderate,wide,non-oxide
a204f466ca,EuZrCl6,8,303.2124508551137,2.4967633176672823,455.906,9.135369166789074,3.052457308203524,0.1722926554574204,0.2911547922387478,0.349674927525906,2.1288802843637846,0.1263661999616711,0.0071971781412458,0.1358592770870016,2.223810870511938,R3,trigonal,308.98371929515537,moderate,wide,non-oxide
e7a5db403b,CeErBr6,8,327.3696180560009,3.990933815561623,786.799,12.661381276669388,5.500984588757462,0.2638590461688053,0.1884294808761083,0.3102460040206449,1.838061231205768,0.3300736014932656,0.0401406862866548,0.326237361579559,2.24942258442538,C2,monoclinic,56.038468509523724,moderate,wide,non-oxide
1f933cd457,Cs2Pd2PtS4,9,254.65091277144063,5.229684262038871,801.9949038,20.907361477513973,7.075195406284955,0.5140075771114324,0.1674983716708265,0.347948327872747,2.1146387951405554,0.262047178073795,0.0273823136046014,0.2571851550044749,2.277426711888745,C2/m,monoclinic,83.17144945363692,moderate,wide,non-oxide
1c8b7bc6ec,KSe6Br,8,305.47791515685134,3.222180422527351,592.7623,8.344709763526813,2.971539669715848,0.335008351094212,0.3182227376030231,0.3408425983006186,2.0576174820735544,0.1148828070052221,0.0041293956809159,0.1164791347072787,2.299424209748665,P1,triclinic,556.8427894608074,moderate,wide,non-oxide
9929ca07be,CsK2Cu(AgP)2,8,218.56254162646164,4.196367859608962,552.3319759,24.91859064244757,11.715726280937798,0.1293732581199879,0.0830744948976057,0.2967701521826548,1.7528823622352696,0.9505270634300136,0.3415950206585529,0.9404422102620292,2.3068864586194997,C2/m,monoclinic,6.75327893882091,tight,wide,non-oxide
c0e352a557,K3Ag(PAu)2,8,222.6752486596606,5.078695460103578,681.043762,28.31934149427797,10.564171439115484,0.0633575611980053,0.1447200746284719,0.3341091616903248,2.0058322872389143,0.5808535427812347,0.1328686570348913,0.5849917838843659,2.311913029818376,C2/m,monoclinic,17.399987938549476,tight,wide,non-oxide
11c28343d0,K3Ag(AsAu)2,8,232.9124428467485,5.482120074076639,768.939438,25.442576529306407,10.251142906122857,0.055156301263288,0.1402850330448785,0.3223964586713412,1.9205792833071649,0.589842894412612,0.1489491814347518,0.5930118604718495,2.3712136030017605,C2/m,monoclinic,15.91961486569489,tight,wide,non-oxide
f3a677860c,Cs2NiPdPtSe4,9,273.701483161871,5.714166716922666,941.8483038,19.62270622107098,7.206360502732144,0.3229923500780086,0.2016198091727379,0.3364036933692627,2.0232417821870428,0.2887847795065573,0.0282667414814329,0.2966039348768893,2.377646916719582,C2/m,monoclinic,84.11464470644216,moderate,wide,non-oxide
ebe89027cc,Rb4LiAgAs2,8,274.938454291412,3.663205776789973,606.5236,16.842086174789127,8.76826990396295,0.1814684270133915,0.1012541928334841,0.2781851849645482,1.6451043938622547,0.790153368612137,0.2275874400336617,0.7855837964971744,2.3958839891842856,C2/m,monoclinic,10.52731200293794,tight,wide,non-oxide
e8483382d7,CsCu(AuSe)2,6,196.89771715861616,6.310835010748792,748.3045899,10.5817663200758,4.877066875680675,0.1455184973740061,0.2435480006122921,0.3002422796413633,1.7742299989869064,0.2625358388952026,0.0236566669316585,0.2684358678228842,2.403430350275789,C2/m,monoclinic,101.59632196788446,moderate,wide,non-oxide
0cc369bda4,KNdSnI6,9,443.6805756670696,3.980217759155763,1063.47712,5.849026181915374,3.6031556540112937,0.2344328580179172,0.2641665761891688,0.2444598754807674,1.4737563457770473,0.2461142762236295,0.016098293133811,0.2349419203748863,2.425699997219478,R3,trigonal,150.68057073236,moderate,wide,non-oxide
8f3701b860,Ta2RuSe6,9,203.8673989892538,7.629810990161162,936.72576,22.845361100827304,13.490893847439391,0.1121658809725103,0.1013214580065024,0.2532965193368885,1.515949479458944,0.9537174689486604,0.3306529204051806,0.9560387694740752,2.460276695813454,Cm,monoclinic,7.440662229139369,tight,wide,non-oxide
a5d005c70b,Cs2Os(Cl2F)2,9,275.30769163721413,3.8351753976416574,635.8497102,14.052245498613615,5.593779722082351,0.049966958672966,0.2357390140669575,0.3242810707044444,1.9339030121619976,0.2636903622224201,0.0228879713761925,0.2666522385446799,2.4745492055067944,I4/mmm,tetragonal,108.11570692895695,moderate,wide,non-oxide
7b01f82041,NdInSnI6,9,439.21192601333496,4.306988755906394,1139.19682,6.398460503801061,3.4424754920838008,0.4116190152450759,0.2785525886885468,0.2718992024143311,1.6109473520357451,0.1925982167168909,0.0089876191428774,0.1820849045936183,2.4858851686730365,R3,trigonal,276.589954375521,moderate,wide,non-oxide
12d9ab62e2,ZnCd2SbI3,7,280.2466211037221,4.696993803978803,792.70441,14.333360690555766,6.235906042792356,0.1976505448485213,0.1945372212451,0.310019877280751,1.8365788172892,0.3990713633515885,0.0508798049006172,0.4042333657484188,2.4915359577967284,Pm,monoclinic,48.96905486692432,moderate,wide,non-oxide
a50d5f760c,TmInSnI6,9,424.7696041907879,4.549956463773534,1163.88903,7.495654893250167,3.797647775490572,0.4084704732490279,0.2855037319822321,0.2832773196509505,1.6735954319543804,0.2019567332957993,0.0091552568648729,0.1898725779662335,2.5003647443358985,R3,trigonal,273.1070008455306,moderate,wide,non-oxide
de7281ffad,ErAuBr2,8,290.158547199644,5.997949901171493,1048.067138,27.791027153542508,11.132941276435975,0.2577659367701883,0.1001487342626008,0.3232979081014192,1.926934054266856,0.6824505698289581,0.1660229272746513,0.6777955727965252,2.5240037152317885,Pm,monoclinic,15.202741914412426,tight,wide,non-oxide
f4cac039b3,TePdBr2,8,245.14126083442943,5.335428056530397,787.656,10.694461223211189,4.489218639363808,0.1666367861496035,0.2865128329621011,0.3158778010338876,1.8755980162885293,0.1842037601774622,0.0113656209167883,0.1904255823856165,2.544199505883477,P-1,triclinic,223.85046312123612,moderate,wide,non-oxide
391d35ee8b,Cs2Ru(Cl2F)2,9,272.4120433729692,3.3324503980198514,546.6897102,15.075686412274708,6.1166471464225145,0.1473296936191535,0.2186303160422501,0.3213029139121995,1.9129148663895348,0.3290276993912778,0.037651225514879,0.3383341433885458,2.5582179814110493,I4/mmm,tetragonal,67.94514511619523,moderate,wide,non-oxide
452c058c00,ZrTi(ICl)3,8,322.24501930061376,3.226640424388373,626.16341,5.119722206489102,3.0053335317366447,0.0340385869588587,0.3075976377248727,0.2545263818514859,1.5219652483305082,0.2008915079593125,0.0087676498373836,0.2069050970307768,2.6121768392987117,P1,triclinic,297.9335269710319,moderate,wide,non-oxide
e4f9941a4e,K3RbLiAgAs2,8,254.67874080734308,3.0476082632287373,467.41510000000005,16.598102460188013,8.91186453612081,0.1139250025225776,0.1062912027917048,0.2722931615579935,1.613056081451772,0.8928321245870734,0.2814518179255703,0.8764202225487223,2.6186336685422664,P1,triclinic,9.30402115659726,tight,wide,non-oxide
39b7b87056,Er2AsBr5,8,333.13291498688415,4.0323515346142935,808.9595999999999,13.878714538676878,7.783820526057007,0.2672007917134184,0.1226019555652488,0.2637446527578095,1.5682248786779796,0.7239420039457052,0.1321790139070312,0.6738008910739505,2.6407015604477224,P1,triclinic,19.97822106847516,tight,wide,non-oxide
77e5bac279,K2Cd(IF)2,7,208.9342497433533,3.834058848894499,482.4133464,22.906887313500885,9.442279120964734,0.2822356068024937,0.1053894678619287,0.3187962416830122,1.8955279710038284,0.704333282149617,0.1464089310600614,0.7148288605203952,2.7039276883692547,C2/m,monoclinic,18.46832477220956,moderate,wide,non-oxide
8871a9f1c7,Rb4Cu2SbAs,8,276.6082790292051,3.996009086578119,665.6448,18.11338337194537,8.765853410373193,0.2196289869105565,0.1267001576524949,0.2916397904979227,1.722062967450828,0.702792012760079,0.1444940750390982,0.6935930247949873,2.722558418666128,Amm2,orthorhombic,18.8420073136524,tight,wide,non-oxide
42894cf736,K2Zr(Te2Au)2,9,304.3061614627407,5.859263656632207,1073.753738,19.73733367665344,8.557315853457744,0.4231147877428722,0.1486165120490598,0.3105931360903632,1.840340580735072,0.4574812620673131,0.0550733666228206,0.4453567325293688,2.7397776211686207,C222,orthorhombic,49.747778085412094,moderate,wide,non-oxide
7b4a555740,GdRhI6,8,356.4750968645667,4.758754172167114,1021.58232,14.195191415326049,5.511884721359404,0.2353856982168448,0.237499173333703,0.3281026220604772,1.961375762162368,0.276359925822981,0.0228019448426485,0.284084905870432,2.7483218059361336,P-31m,trigonal,120.53014884922013,moderate,wide,non-oxide
639f58958e,CsK2Li(AgAs)2,8,240.4750223192188,4.030057698467233,583.6226519,18.190900463382764,9.587182681873754,0.0798127921870947,0.123266530694477,0.2758603490201504,1.632343556654276,0.8340306351284765,0.2349693763305754,0.8186091708944769,2.7648350558300154,C2/m,monoclinic,11.76678892801845,tight,wide,non-oxide
ed99e65d29,Er2Pd(SeBr2)2,9,278.2941318893831,5.480395689383246,918.474,23.02103896309363,11.425519375524985,0.232935612309929,0.1093922865737091,0.2870720655906891,1.6953245145510851,0.81648613561694,0.1874370073538638,0.7947020335382792,2.767828988298877,C2/m,monoclinic,14.766715641556692,tight,wide,non-oxide
bf1f5d1c8c,Rb2HPtI5,9,366.946641731045,4.532301246775036,1001.54989,12.060402730929082,6.379401072427502,0.1162975239139887,0.2111672641251252,0.2751653048711832,1.6285579429699624,0.4384741205219786,0.0538232388272909,0.4290511048513982,2.9079938246035657,I4mm,tetragonal,54.02859225797974,moderate,wide,non-oxide
c379a102ce,Cs2NbFeS4,8,258.7055175264118,3.484183941450944,542.8222838,12.738962232497755,6.00782315461416,0.1047922363641529,0.2141025946236337,0.296228516545218,1.749588313353049,0.4065215164475623,0.043435383995592,0.4062169356439818,3.002731012541908,C2,monoclinic,69.1309880637094,moderate,wide,non-oxide
f1af70f3ba,Zn3PBrCl2,7,183.24932339271345,3.4253967608274354,378.01076200000006,19.509149676356643,9.465763697179105,0.145864697578168,0.1230855591626733,0.2911755456690281,1.7193156821371924,0.8509010347266758,0.2122071457429194,0.8465638487324201,3.019116630552699,Pm,monoclinic,14.227214733900803,tight,wide,non-oxide
50b5380512,Rb3Cu(AsAu)2,8,244.5432771743216,5.865016406721174,863.725738,23.48813726291533,7.502654272984212,0.1261985909255269,0.2484795510740917,0.3556572412181572,2.179447197240328,0.2813794169325879,0.0248338871152769,0.2941635977824453,3.0467323779625803,C2/m,monoclinic,122.68447399393796,moderate,wide,non-oxide
aee435bf21,ErFeBr6,8,299.2873897664289,3.897842778877697,702.528,10.095817923393462,4.053853737666931,0.1657458593043527,0.310871821281212,0.3229310108501,1.924343588545376,0.1884240083491707,0.008422668707533,0.1808782251554271,3.075413982766616,R3,trigonal,365.135337688877,moderate,wide,non-oxide
9daac5bf43,Rb3Cu2P2Au,8,219.6283445134519,4.85705095913179,642.4094929999999,27.22359679574791,10.859440512495306,0.1614533998165501,0.1522668269659177,0.3239584986403735,1.9316121151492327,0.6627851978444085,0.1216676126293853,0.6647134317758139,3.0848122136218645,C2/m,monoclinic,25.354423802319403,moderate,wide,non-oxide
ea1ef1cad3,K2RbCu(AgP)2,8,212.08419354056505,3.953131710013993,504.894324,28.094158471665217,12.099852690066566,0.1384292902163813,0.1200656614905341,0.3116897631346323,1.847570574427896,0.9274582210835536,0.2453919524481528,0.9003009019618148,3.112260863164692,C2/m,monoclinic,12.68281552070156,tight,wide,non-oxide
47efeae168,Cs2MgCdSb2,6,226.4014444191469,4.738424380935505,646.0469038,19.78623283353325,9.771101489663035,0.3924401326006881,0.0437206066010521,0.287983586867617,1.7006088409747446,0.967408133734824,0.1877881027419127,0.9574281869486309,3.122961513305089,P-4m2,tetragonal,16.630241573914525,moderate,wide,non-oxide
88350da99f,NaScSnBr6,9,304.63406806565246,3.630753910100604,666.0796812799999,9.39813745685861,5.812438111017882,0.3078193734327864,0.2182450985945647,0.2436205634142505,1.4698404663855602,0.4675548389353369,0.0412478810304489,0.4704186937173759,3.158399126262031,R3,trigonal,76.57118492779108,moderate,wide,non-oxide
1ea216bb3c,Er2CuBr5,8,304.6162094683423,4.347829667557896,797.584,17.654012001227688,7.339694985238196,0.2347257306908804,0.189660712037217,0.3174257637831326,1.8861275310333163,0.4539076757722417,0.0658290890059532,0.4576029576311508,3.1918484576858663,P1,triclinic,48.48690002982132,moderate,wide,non-oxide
4c3992ab8b,Rb3Cu3AsP,8,216.103381915924,4.248767824930841,552.9367619999999,25.73812465037761,10.671561828082275,0.1807201349696509,0.1465979919934818,0.3178622938903824,1.8891137794531483,0.715859508569852,0.144683644052529,0.7018770234176417,3.197728419009663,R3m,trigonal,22.101519767145845,moderate,wide,non-oxide
0f007e6887,KTmSnI6,9,425.72778609638704,4.244373388530475,1088.16933,6.795661533593534,4.070330467818094,0.2052697460115273,0.2802608123919645,0.2503611625150905,1.5017350840259804,0.2746449166739467,0.0150549293878252,0.2699180633586652,3.197989475008956,R3,trigonal,212.4214197640234,moderate,wide,non-oxide
cfca35b1dc,ZnCd2PBr3,7,219.0590466755116,4.251932124459592,560.9167620000001,16.95175194825295,5.804207415761056,0.1942011289152042,0.2609326125694889,0.3463396823296752,2.101508377629052,0.2674787086767229,0.0197509623999473,0.2509061499005535,3.2153179863823245,Pm,monoclinic,162.79297794576826,moderate,wide,non-oxide
d495c81573,CoICl2,8,215.8828285599704,3.949669265258647,513.48733,10.742076304676614,4.330137326939873,0.3126008864477003,0.304230263670217,0.3223235332638052,1.9200666500829613,0.1861021106449779,0.0090490047135583,0.1856361854158131,3.269253622946781,C2/m,monoclinic,361.2832268777988,moderate,wide,non-oxide
999eaeb58a,Cs2HfCuAgTe4,9,326.42262915688826,5.728641212132519,1126.1151037999998,15.09292462536242,7.270717861633388,0.2721507755362919,0.2275061139607705,0.2924608510604951,1.7269384883380998,0.4145102536393473,0.0376388762744707,0.4129311652596744,3.396169088623126,C222,orthorhombic,90.23035288985612,moderate,wide,non-oxide
80db2bc5cb,CsK2Cu(AgAs)2,8,230.80375529355,4.60617734590462,640.2276519,22.0577521223996,9.959476635537907,0.1112014757772591,0.1718058202698924,0.3037740881734818,1.796363669914466,0.6939412955710592,0.1193690785949846,0.6862410485024282,3.491357816589154,C2/m,monoclinic,29.24842729527315,moderate,wide,non-oxide
ea5938aeae,Cs2ZrCuAgTe4,9,328.9350195990125,5.24434742665997,1038.8491038,15.02718309861,6.738450067650883,0.1692931871089192,0.2419790302340158,0.3049464448932527,1.8038063209397888,0.3594195869652326,0.0307202117866668,0.3563021471032257,3.504717950811649,C222,orthorhombic,114.08508428098676,moderate,wide,non-oxide
d88ee0f6bc,K3Cu(AgP)2,8,208.0855918776193,3.659063452934624,458.524824,26.666497957717304,11.822957555981484,0.0461110833534052,0.1430677550088083,0.3068616546612319,1.816069275101554,0.9542350367714778,0.2298506630547726,0.9585701327800608,3.5270714239943763,C2/m,monoclinic,15.345056555933828,tight,wide,non-oxide
30ee5d3be2,Be(Se3Br)2,9,343.5080243938717,3.106272405157124,642.5801819999999,4.650976725866515,3.217192775588378,0.5753874736749814,0.3306181626399342,0.2189426554172358,1.3612656734844542,0.2408318928873442,0.0061346591146983,0.2400076334976726,3.529674863231879,P-1,triclinic,575.3660956930707,moderate,wide,non-oxide
93e0a3048a,Er2SBr5,8,325.2398958231519,3.911401948697408,766.103,16.682389232838123,7.53980243866212,0.2690110332519351,0.1908109414575496,0.3036065514290365,1.7953039961106714,0.556694078209563,0.0696809457527761,0.5431045195739623,3.565559396352004,P1,triclinic,51.16979050488778,moderate,wide,non-oxide
757d018561,Gd2(BrCl)3,8,311.7946012966441,3.518033823337272,660.571,10.99522333432909,5.845214370428702,0.1520204849731813,0.2278672788760743,0.2742049480169553,1.623349345257081,0.467487275757489,0.0441424712906716,0.4905458758311684,3.6805952293193536,P1,triclinic,83.37990877500222,moderate,wide,non-oxide
164b7cd4e3,MnPtCl6,8,218.0471997545069,3.5239981267423564,462.740045,6.645203048636021,3.246349364248554,0.1421314808853588,0.3610314041060484,0.2899433715128354,1.7120568174395745,0.1573399907402564,0.0042462898351263,0.1514329464304036,3.685215319339077,C2,monoclinic,867.8671175137647,moderate,wide,non-oxide
0b5574a75e,Cs2HPtI5,9,398.0926041856869,4.573450627592799,1096.4251938,10.914105465291916,5.379876381512589,0.2461222132961405,0.2763310954361018,0.2883171458842372,1.7025489330870414,0.3230975848959895,0.0189732116245747,0.3258048647648048,3.687070190404454,I4mm,tetragonal,194.33031493881808,moderate,wide,non-oxide
871f3f6ecb,Cs2Ni(PdS2)2,9,246.2133805250588,4.489040963347265,665.6043038,20.34855755003115,7.413102155265436,0.4549196768834662,0.2450783171873815,0.3375715419314264,2.0321959236064555,0.3252795851782202,0.0234827027171761,0.3261955510156673,3.690300967893225,Fmmm,orthorhombic,157.14975453800682,moderate,wide,non-oxide
d39a73b18d,Rb4NaBi2Au,8,343.1321987659056,4.741545156174964,979.78833828,15.43750585801531,7.333074746872424,0.5059835698946695,0.1770867995936498,0.2949577655046323,1.741897707394607,0.5202155986164347,0.0465885178934905,0.5212301047499912,3.711004424920435,C2/m,monoclinic,79.65491483125592,moderate,wide,non-oxide
46146298a1,CsK2Ag3AsP,8,237.73500441410832,4.474497452873435,640.6020139,21.69406137538688,10.58917414896708,0.1471531321792639,0.151096633727544,0.2900954656357554,1.7129502496525968,0.8459009509542725,0.1787816305675962,0.8743875834537316,3.776056995293056,R3m,trigonal,21.12105691901804,moderate,wide,non-oxide
3670d609fd,CsNaNi3S4,9,213.2958433957645,3.582999488425177,460.23542118,26.93331835548372,12.533895773191611,0.0270697656553936,0.1457698880214855,0.298563506266454,1.7638581326694087,0.9928900591574344,0.2210240912145838,0.9972049145935188,3.8007211602263,Fmm2,orthorhombic,17.19595877236896,tight,wide,non-oxide
bbac81b90d,Cs3Cu(AgP)2,8,256.6186770560756,4.788075912632662,739.9462797,17.240731783835326,8.363009417939152,0.2083875667961245,0.1986266384848556,0.2912212469767942,1.7195858296039093,0.584933115208675,0.0714251003261816,0.5933565961814382,3.8132769710597874,C2/m,monoclinic,53.388472030777,moderate,wide,non-oxide
89fc3780f4,CsMgAgTe2,5,172.271895513547,5.014996936264861,520.2786519,19.1841803580945,9.52546721107754,0.1119717825552536,0.1436149924622575,0.2869912780380729,1.6948573921090182,0.9971857909695424,0.2267814695533565,1.0029021433651404,3.852896594624789,I-4m2,tetragonal,16.989468329193848,tight,wide,non-oxide
7ddb4f1e81,NdGaSnI6,9,414.3341917912732,4.384863362668643,1094.10182,4.491485101777728,3.46650300284276,0.1788579128946076,0.3328391759631566,0.1930660940382183,1.2595699445809254,0.266417445941161,0.0102688548178928,0.247633187939764,3.90946221337318,R3,trigonal,380.7106325586762,moderate,wide,non-oxide
1f9b804fdb,ErInBr6,8,297.172283014081,4.255114739155308,761.501,8.133751072822562,4.050595830799223,0.1521935672160655,0.3323071161449211,0.286449951436271,1.6917325039967477,0.2257064385165139,0.0079857199301945,0.2280228234860379,3.9240606393791047,C2,monoclinic,491.3847059101063,moderate,wide,non-oxide
a5b82da44f,AlIrBr6,8,241.0191703952035,4.8132686618709615,698.6225386,6.313207638000768,3.327080698140753,0.6054142140362354,0.3809194814106991,0.2758706841326296,1.632399949277249,0.1561274774966231,0.0026807540938865,0.1513142762636029,3.931039555053917,C2,monoclinic,1466.3931928775708,wide,wide,non-oxide
02028ee042,CsRbPd2PtSe4,9,272.71054098177854,5.736689566280476,942.1372519,17.622822673785443,6.280521496197801,0.421740071588923,0.2831459785528519,0.3407279258506888,2.0567176557383404,0.2266345976474454,0.0106348748254711,0.2204211272716547,3.943233310295731,C2,monoclinic,370.7832367571884,moderate,wide,non-oxide
9dc733aa85,K2Os(Cl2F)2,9,226.9134909771998,3.2801593294213687,448.2354064,18.028641697242737,6.099124688240367,0.0888127298379076,0.2793179509665791,0.3479907042395516,2.114986480268108,0.2547533269719955,0.0171424602701607,0.2557044240776818,3.975285520087701,I4/mmm,tetragonal,231.89702396495144,moderate,wide,non-oxide
fa02cd6824,RbCu(AuSe)2,6,183.5408912687681,6.340913594884401,700.866938,10.1005462293856,7.288851408238443,0.3649939009638653,0.1916341359536728,0.2091477901905269,1.3214184729420513,0.7273190863992021,0.0763077522917318,0.6783965261711971,4.060265821629726,C2/m,monoclinic,53.20908688421249,moderate,wide,non-oxide
c681f7a9f5,AgAu3S2,6,156.46835682918203,8.096344883034705,762.897907,50.74970100174491,5.722888808464713,0.1699667504269561,0.4231400843637442,0.4456591442942569,3.270610721245592,0.0623111373795651,0.0025123047036112,0.0675103209072152,4.090857574879471,R-3m,trigonal,1628.3285896806838,wide,wide,non-oxide
9cd1174d5f,ScAsI6,8,348.3063622694481,4.201589271465366,881.304332,5.551934966151794,3.160949302028228,0.285972711744567,0.3772092490300166,0.2607366017121699,1.5528987756222168,0.1890867938186724,0.0042623269552433,0.1888501987727573,4.100524596904881,R3,trigonal,962.0389613379136,wide,wide,non-oxide
3b9554aae1,TmGaSnI6,9,403.4390439426208,4.604911757508726,1118.79403,5.743317472280869,3.5712775455611565,0.3441199242364912,0.3529650910611744,0.2424711746361225,1.4645030392574971,0.2207216639348092,0.0052040214418926,0.207989738866026,4.302874368537615,R3,trigonal,826.8364026902884,moderate,wide,non-oxide
c19de2f1bb,MnVCl4,6,150.96893239006852,2.724411446793232,247.691545,9.343028082352433,6.091709106392753,0.0517554933982653,0.2098976110679267,0.2321995545374618,1.4180584906631806,0.7230140293969445,0.099887767790386,0.6736272572925018,4.3354508161978496,P2/m,monoclinic,43.40322055545151,moderate,wide,non-oxide
fddc1971c1,K2Rb2LiAgAs2,8,261.57488473106326,3.2616258330252363,513.7846,15.067802600636911,8.909870279851122,0.3509795817889611,0.1333620253951364,0.2530217001530886,1.5146101144590594,0.9583153706700724,0.1418921756494013,0.9208906852622928,4.343493067347237,P-1,triclinic,30.61122325785947,moderate,wide,non-oxide
c642751c94,MnPbCl6,8,260.9481429074416,3.021738365522765,474.856045,8.926434257391541,3.495465763152864,0.1515736550740135,0.3778820085821158,0.326812923817699,1.9520351794497373,0.1593034859534693,0.0038151170882551,0.1698031447589132,4.601574199632178,P312,trigonal,1206.1423262206404,wide,wide,non-oxide
0a7c624c48,Ru(IF)2,5,143.35853838054362,4.550726684981649,392.8757464,18.41628577208736,6.32881991821921,0.2749005206149098,0.2702585227308609,0.3458332580298603,2.0974019877608607,0.3592645997516568,0.0231779908283609,0.3556686406755443,4.766037051802599,Cmmm,orthorhombic,205.62770462273173,moderate,wide,non-oxide
863fc75f1b,CsK2Cu3AsP,8,205.25484447495708,4.1068382074225385,507.63541390000006,26.55740724928319,11.043101873832502,0.1809258341182017,0.1858894636905423,0.3173996172925563,1.8859489030719447,0.7557749545977084,0.1146829822594927,0.7601185107034132,4.766968294874511,R3m,trigonal,41.566483544073776,moderate,wide,non-oxide
18e6fdcbe4,VHg2F6,9,154.54959220641763,6.082519829346056,566.1119192,15.223743653856438,8.42978071987192,0.3998783916164024,0.262653226010363,0.2662766242845418,1.5813038415626115,0.4513282018264097,0.0229841851597496,0.4043851885476274,4.792598673802287,P-1,triclinic,208.5172321964745,moderate,wide,non-oxide
6d5ddc5b7b,In3HgAsSe4,9,278.6763547038572,5.576152168939697,935.8056,29.625251404547587,12.896798010947933,0.20124529660673,0.1794794017570072,0.3099173441800781,1.835907262626017,0.8462424222594946,0.1308553300357325,0.8722930651613108,4.965084679366856,P1,triclinic,37.94331249641145,moderate,wide,non-oxide
3dc9a53ee3,Rb2Ru(Cl2F)2,9,242.47981287062137,3.094094575734468,451.8144064,20.17089875962376,7.27891031304855,0.2554175992069316,0.2752173513795584,0.3389422228138462,2.042786627498496,0.3753479865755696,0.0222255336860727,0.3902528903288229,5.266976189379133,I4/mmm,tetragonal,236.97861494680797,moderate,wide,non-oxide
de5b2b3816,Cs5Sb2Au,8,378.2705558680876,4.850810102600204,1105.0138285,5.813654771571005,4.771663946173973,0.1835546395217415,0.3119588423875266,0.1777735693770104,1.2045307817868522,0.4709553332884309,0.0243649604826214,0.4681452899310091,5.509762282871214,R-3m,trigonal,226.1346693667367,moderate,wide,non-oxide
00b4c5137e,CsCu2AuSe2,6,184.0725641373465,5.546937124194234,614.8840209,14.971379370128137,8.922282520910922,0.2195758944582726,0.2063351398279158,0.2514057653828023,1.5067705164558285,0.8800306149793024,0.090526313781977,0.8848309612533409,5.743072519226036,C2/m,monoclinic,63.44091877039877,moderate,wide,non-oxide
0ee58daf7a,Cs2Hg(ClF)2,7,204.3296061798123,4.675359117763103,575.3037102000001,17.705548300130484,8.80694756913916,0.2358370014266003,0.2324788807981926,0.2866657791178877,1.6929773341025744,0.6954872011833663,0.053261582335201,0.6742808003329228,5.991525568008218,I4/mmm,tetragonal,112.49244399651212,moderate,wide,non-oxide
fe6f83c2bd,BaNa(AgTe2)2,8,243.7026154807268,6.040108012192452,886.45316928,30.80218030425589,13.6520514908816,0.1900381489838993,0.1788473505716739,0.3069173202074499,1.816427650349616,0.971059488760847,0.14825635965441,0.9385331718445804,6.160955560864705,I4mm,tetragonal,41.55609631334583,moderate,wide,non-oxide
2103477c87,Gd2ICl5,8,311.88105762316854,3.2939635177340545,618.66947,10.601648457478689,6.445417149598175,0.2062083877985816,0.2543101613129175,0.2472409387276287,1.486843624086064,0.639241351924087,0.0543382066227236,0.6734105557178857,6.189584142800312,P1,triclinic,113.90850982210917,moderate,wide,non-oxide
8344cb67c9,MgMnCl6,8,210.1122643046233,2.3073984920857487,291.961045,7.902394786640953,4.096512276562348,0.2313407808524622,0.3601846616315519,0.2789945525883744,1.6495828641547268,0.2894019026238521,0.007668224139987,0.3060425871649905,6.235109396612861,C2,monoclinic,813.1099564629275,moderate,wide,non-oxide
cb3cf94167,Rb3Li(SbAu)2,8,280.50493244042576,5.332560436717565,900.797538,19.67778753877538,8.035063661779715,0.2058122930492453,0.2899051235307898,0.3202940465206043,1.9058868538221168,0.4479669350614015,0.0230129648946744,0.4331477453098578,6.269175919227138,C2/m,monoclinic,272.4193057226594,moderate,wide,non-oxide
0c86c8636a,AlRhBr6,8,241.26094733391275,4.193736267308856,609.3110386,9.723917563810684,4.179708777947226,0.5162174694299182,0.3952449369158962,0.312015339337466,1.8497256858136668,0.1904386906023719,0.0044050054301303,0.2133027902665377,6.320720425177207,C2,monoclinic,1434.8950359841378,wide,wide,non-oxide
19662eb567,Li2VAgS4,8,212.86507587526225,2.347693973062716,300.9517,19.433026494839343,5.732930774844545,0.2669561167801418,0.3434280265222545,0.3657016056901097,2.2688706809666663,0.2597296475226578,0.0099080921814691,0.2603732952381421,6.364662631525258,P-42m,tetragonal,642.3701470429301,moderate,wide,non-oxide
0af99d013d,Rb4NaAgBi2,8,351.45933061364343,4.208240793329444,890.68996928,14.487301430500365,7.487324678862915,0.4331773641914941,0.2566874652555722,0.279565123059523,1.6527512537616107,0.626628245800912,0.0311667483864967,0.5943257845877703,6.436890922664814,C2/m,monoclinic,206.53071802169936,moderate,wide,non-oxide
ea02b909e9,SnBiSbSe4,7,204.2989355354321,6.220270335422363,765.2904,15.406060856528626,10.185078312963851,0.1283826107442589,0.2294649293910045,0.2291359182005657,1.4046280432971636,0.9936751492027376,0.1008991844500612,0.9758187332643724,6.588680622936528,R3m,trigonal,65.29964200253282,moderate,wide,non-oxide
7b77d5ff30,NaScSnI6,9,378.3817451763693,4.160687068032361,948.08250128,8.123386745451995,4.890329341857659,0.1684398812757948,0.353715666510682,0.2493037840949782,1.4966637382762369,0.3529717430071758,0.0108064010465976,0.3596041901322975,6.690668800516265,R3,trigonal,619.1394129891926,moderate,wide,non-oxide
7a34973f56,RuPtBr6,8,256.4116995481002,5.02269425406325,775.578,10.190538375122928,3.8091264362865465,0.2396312084159013,0.4728520707893878,0.3338113317252507,2.003590136177339,0.1328427523717517,0.0013848521006121,0.124148010025763,6.738252418213627,C2,monoclinic,4865.683790518138,wide,wide,non-oxide
953d09d290,K4LiSb2Au,8,281.1903252345104,3.565798278136352,603.8207689999999,17.15621545373999,8.480962453392037,0.2137497482617717,0.240626580881037,0.2877977199246153,1.6995292580700707,0.7277706794803296,0.0533663426242876,0.7604941730868444,6.7382784518374095,C2/m,monoclinic,126.26457277157957,moderate,wide,non-oxide
86e0df8e39,CsCuMoS4,7,203.35620784415823,3.4348996653850508,420.6514519,21.856253931827133,9.007299264111278,0.3911970696863552,0.2225548241360823,0.3188299475166634,1.895760100801668,0.6869274896889223,0.055199999586882,0.7704063187633808,6.776807345474729,I-4,tetragonal,122.76824993102343,moderate,wide,non-oxide
bf20f38dc1,NaCeSnBr6,9,337.92080163517227,3.740723777844864,761.23976928,11.06382500336228,6.06487971230372,0.4579211483343264,0.2966701149983619,0.2682586772819545,1.591658188432178,0.45125408167137,0.0192890058236278,0.4710520850662997,6.777007675551067,R3,trigonal,351.34043389886114,moderate,wide,non-oxide
b9d06f4526,K4NaSb2Au,8,296.6713711922446,3.469554820240265,619.8695382799999,16.245409827312862,8.080103796605515,0.0661317514542105,0.2488950584840349,0.2866783194985713,1.6930497067708552,0.7029198236458354,0.0568716253525976,0.6677306585306358,6.782031421327209,C2/m,monoclinic,119.25158423518543,moderate,wide,non-oxide
d28a038d70,K3InI4,8,360.1126434690479,3.411021198366348,739.7307800000001,13.570363656666965,6.531438456118094,0.1037967108630185,0.2926957124277921,0.2926199591091205,1.727885759975917,0.5311722233664058,0.0334977811018336,0.4998406225420781,6.782138622038965,Pm,monoclinic,202.46530961024524,moderate,wide,non-oxide
35b68ec966,Rb2HfCuAgTe4,9,309.5848401628483,5.531323744484644,1031.2397999999998,15.20613341636148,8.892805295450332,0.3859995345642815,0.2575004378175343,0.2552942040095299,1.525739224134419,0.6824755860002927,0.0386209355500658,0.7247789130536766,6.887824572920383,C222,orthorhombic,178.3443221874164,moderate,wide,non-oxide
9f332958d5,NaNdSnI6,9,406.35225774639423,4.280021653391435,1047.36858928,6.705950166258957,4.339860091949817,0.0567704411757027,0.3903973156747419,0.2338348528666883,1.4253051803591226,0.319407861671227,0.0077041651276477,0.2985104963838595,6.909510899663641,R3,trigonal,896.8539465577722,wide,wide,non-oxide
d3b2175275,Gd2BrCl5,8,295.4840267077056,3.212622758554251,571.669,10.78281339229205,6.150787935826068,0.0831981121921298,0.3005614934642915,0.260354106925716,1.5509662164138731,0.5566963134071764,0.0305201912232037,0.5412455069440381,6.9887383539275625,P1,triclinic,228.9873711084155,moderate,wide,non-oxide
acd98d9d95,K2Ti(Te2Au)2,9,295.1644047811448,5.796817001716002,1030.396738,19.2182912726986,9.996841124504224,0.3487407660587555,0.2425543614926922,0.278346170537151,1.645993687274734,0.6953710025570787,0.0428312391503165,0.7155030361301318,7.0120485716857335,C222,orthorhombic,163.71341830846623,moderate,wide,non-oxide
ebe4491461,GaIrCl6,8,205.9973134170349,3.826205984442952,474.658,5.475624262807284,2.961179494182705,0.5417043757783948,0.5154737702852465,0.270901729759656,1.6056269912287209,0.1432360009029993,0.0009441578908943,0.1313441463623113,7.135454906378409,C2,monoclinic,7557.480560395866,wide,wide,non-oxide
3bc26bf89a,CsRb4AgBi2,8,372.6390514462936,4.458858434491224,1000.6056519,10.449274123948408,6.358143741334306,0.2332802165397119,0.3052820369067426,0.247063486362497,1.4860033775941628,0.5716810190525186,0.0248621968704715,0.5659895028483586,7.189477434067176,R-3m,trigonal,289.17305544330287,moderate,wide,non-oxide
09f6f8cefc,MgBr7,8,383.5775929379354,2.526595443148834,583.6329999999999,5.326135572030601,1.771463880996149,0.082634065534514,0.5650495653047442,0.3502977355829194,2.134055532819493,0.0597585504750904,0.0004056787144427,0.059939339667219,7.580989374465422,C2,monoclinic,18687.175601209998,wide,wide,non-oxide
0ab69c328b,TaAg(Te2Au)2,8,263.36192153157094,7.522996794746721,1193.149218,28.70224730761845,11.679877410982543,0.3292469858818787,0.2586123812528811,0.3208362633269673,1.9096589695000687,0.644844739515009,0.0431764146905365,0.5689739685978588,7.784649786326164,P-42m,tetragonal,180.29866171431792,moderate,wide,non-oxide
a107021b4a,RbNa2As2Au3,8,209.97318578515203,6.897575863640219,872.19024556,29.36241656608117,13.140185043658237,0.3981555968784921,0.2429698367244325,0.3052871969368542,1.805978626722708,0.824911429899984,0.0564632379786963,0.8036922688707675,8.580992372152563,R-3m,trigonal,151.974854424576,moderate,wide,non-oxide
7af53f2b98,NbAg(Te2Au)2,8,261.6471944980214,7.013545643493999,1105.107718,32.36090165797208,11.57517125481398,0.2243849976378631,0.2844024950424949,0.3402071024683796,2.0526387483234467,0.5713262299381057,0.0371150608636532,0.5644244231485642,8.896907963230122,P-42m,tetragonal,239.7115283176821,moderate,wide,non-oxide
a07e2bf627,Er2RhBr5,8,291.2951322729915,4.7710285076998655,836.9435,24.0166086460056,10.370645305849411,0.1334039784578428,0.2585128790878147,0.3112608709461632,1.8447376023903657,0.7466989533766933,0.0556558306669073,0.7619126116544196,8.903089477086477,P1,triclinic,159.9668780503927,moderate,wide,non-oxide
71567900ec,NaSnSbI6,9,401.14481211972463,4.242518340742423,1024.88658928,5.490599568952427,3.455777774654989,0.1016508009094192,0.4599460504028856,0.2398747074541847,1.4525516246158974,0.2210354322242401,0.0027692395994379,0.2317204468451621,8.92245269989994,R3,trigonal,3221.986534394064,wide,wide,non-oxide
8c8ae67bba,CeCdBr6,8,294.1400045135896,4.132158881431269,731.951,8.25336936020119,4.363719988220097,0.1178935142927127,0.4164356254636079,0.2752500129151282,1.629018592709938,0.2713757106573223,0.0049744244030412,0.2623569107683444,9.14562747190995,C2,monoclinic,1838.529793782489,wide,wide,non-oxide
dc166d4b9e,NaPrSnI6,9,412.6100718235165,4.201690074972626,1044.03423928,8.089759291332518,4.598659912720898,0.216507345146532,0.4113610727372396,0.2610501338874657,1.5544856187776788,0.3115855584809462,0.0059500671759335,0.32912952008029,9.195659257684229,R3,trigonal,1545.471502385437,wide,wide,non-oxide
8cd1ce9306,Rb2Pt3(SeS)2,9,251.82357382536568,6.450554762649119,978.2376,23.24400042037428,7.941817215938644,0.2584159904134878,0.3962580600299077,0.3466313867725453,2.103879589803439,0.2825338044651695,0.0057347950194632,0.2509255488043674,9.377534272078108,C2/m,monoclinic,1635.1995564360625,wide,wide,non-oxide
a95e772bb7,Rb5Sb2Au,8,342.7556889498277,4.204330690316186,867.8255690000001,9.721848331268372,7.521585125035314,0.0848279483127,0.2957967424102795,0.1924704207986281,1.2573596176576165,0.9203407239570652,0.0532075085971889,0.91485434422371,9.6263172144255,R-3m,trigonal,180.92027738607703,moderate,wide,non-oxide
e52bf49973,Rb2Os(Cl2F)2,9,247.59086074549305,3.628199903696799,540.9744064,18.79103304392603,6.3056203247792,0.2694771966242496,0.4160602857164032,0.3490966221202964,2.124093007650328,0.2598044752235518,0.0056314876030909,0.2624147848594478,9.770875968721649,I4/mmm,tetragonal,1735.043501358086,wide,wide,non-oxide
e4de4f655e,NaSnBiI6,9,401.8670732850544,4.595293387494145,1112.10698928,5.4547908123055135,3.257370900341813,0.1846342677961508,0.5104534154616988,0.2509876535162434,1.5047520008708548,0.1848203716071506,0.0015055298374556,0.1839204919692398,10.21810319587748,R3,trigonal,6787.047949276181,wide,wide,non-oxide
1139527f20,TaAg3Te3Se,8,268.9260138492268,5.966695459683546,966.31248,29.25839234498765,10.531192403120896,0.2153280549777914,0.3079354302299105,0.3393106296674844,2.04564828244,0.5462198666503478,0.027245457913345,0.5437886160532854,10.392659619342394,R3m,trigonal,381.4455845226212,moderate,wide,non-oxide
eb86ccdf4b,LuH6Ir,8,64.14890975100391,9.661360144431532,373.23164,49.34015943264637,20.23490654609192,0.818261136149016,0.2383014195681146,0.3196054179943553,1.901113165244648,0.8171711829129283,0.0367804364577813,0.7822414447911538,10.635964084828704,R-3m,trigonal,289.1744935391747,wide,wide,non-oxide
5516ca1e85,Rb2Hg(BrF)2,7,200.8987772324469,4.7058294528963,569.3304064,22.16106315642645,9.098128143773089,0.1581119071637798,0.3113179660758735,0.3194369634368105,1.8999482923892903,0.5909372301993917,0.0232399635879779,0.5749885695290134,10.67198817615716,I4/mmm,tetragonal,459.2084723264277,moderate,wide,non-oxide
34e7f7b4b5,NaEuTmI6,9,410.27120620032105,4.473671025218711,1105.31479928,11.203209912577314,5.363087470868639,0.1245823604087302,0.4043049943964977,0.2935830041502046,1.7336366264672955,0.3185917446702817,0.0077074409786536,0.323583652460624,10.785833939748995,R3,trigonal,1399.405323974738,wide,wide,non-oxide
b47a7152c8,KTe2Au,8,282.64306930398124,5.772400576962421,982.529738,20.30525674628957,10.47436044933019,0.5141893020608987,0.2839328823680194,0.279919990024721,1.6547265527115118,0.8216725806990706,0.0350665731606304,0.8248333589034513,11.119049580159109,P4/mbm,tetragonal,317.0840084437611,moderate,wide,non-oxide
b68fb0482e,Li2Ti(AgS2)2,9,194.73988493860904,3.459774503548524,405.7454,31.33399911770198,9.52259197572752,0.265200409280769,0.3542652318766604,0.3620242006638615,2.2354470447519943,0.4084591687523435,0.0133267832321686,0.3959138683372104,11.506910515270192,I-42m,tetragonal,863.4424613056252,moderate,wide,non-oxide
89d8976c21,KRb(Te2Au)2,8,294.09652457728873,5.809410312266424,1028.899238,18.34539703071096,8.388561978502421,0.5690852469152204,0.3674547715658991,0.3016099021506589,1.7827500113254078,0.5247816973773607,0.0110193422148604,0.4586194538123022,11.966356402576816,P4/m,tetragonal,1085.9410815319995,wide,wide,non-oxide
c28fa6f94f,NaTbSnI6,9,396.6664493218378,4.445999255575559,1062.05193928,8.053510996840874,4.759679982359196,0.2410310031975568,0.4501649664524069,0.2531304496189759,1.5151399054782904,0.3271145133288379,0.0037159921216315,0.3087178520980237,11.968592819281994,R3,trigonal,3220.8337444017693,wide,wide,non-oxide
045269ad3b,Cs2Ni2PdSe4,9,258.15204895287485,5.181031841303144,805.4577038,20.64552505016774,8.381175126480827,0.3614578599849249,0.3752872403160801,0.3212149472899711,1.9123004361852096,0.4159792748072387,0.0093078965283317,0.3913373161760625,11.982722912045976,C2/m,monoclinic,1287.3717359848667,wide,wide,non-oxide
f95c443a7a,RbBaH6Ir,9,138.0791313145318,5.063659104755624,421.05944,31.72196333232192,14.556703942535464,0.3742290349096136,0.282775303105074,0.3009976329411006,1.7789278185331614,0.8910365301188145,0.046500248155051,0.9814426604774,12.86974909626987,F-43m,cubic,276.7673207540054,moderate,wide,non-oxide
2c88caa301,NaSmSnI6,9,403.0063345456176,4.340764623600978,1053.48658928,7.520084313211991,4.477828494289123,0.1239496555942623,0.4529522115814538,0.2515821247210948,1.5076231444981265,0.3059263490283372,0.0038383157640905,0.3257165051200634,13.025077719620738,R3,trigonal,3393.435694237865,wide,wide,non-oxide
5631353e62,K4ZnP2Pd,8,220.17709951739417,2.9425951728487965,390.169724,23.2043046327417,9.789006802288911,0.1780878079221696,0.3099464969149434,0.3150736144177641,1.8701643931899807,0.7747046607317707,0.0377127342440897,0.7191965883991318,13.286632234686255,,,352.3115600340884,moderate,wide,non-oxide
89d5e91ca8,Li2VCuSe4,8,211.76174650678448,3.483288373387996,444.20949999999993,19.048557182665327,9.238520730204224,0.5995992909306888,0.3185600030058365,0.2912487804742475,1.719748616096067,0.7467392848229635,0.0233053146650464,0.6531945774275789,13.310003881105755,P-42m,tetragonal,571.1145321315163,wide,wide,non-oxide
6159616c79,K2RbCu(SbAu)2,8,251.98343117704937,5.698023793122975,864.663538,22.012882615977382,7.561685281230741,0.2481565297340132,0.4263878597584236,0.3458902638125176,2.097863576992084,0.3161322546362415,0.0049973107123389,0.3104496564535356,13.3772359148684,C2/m,monoclinic,2676.886966791634,wide,wide,non-oxide
2327e650bb,LiPbF5,7,106.20044395817456,4.833571606943917,309.133016,51.72171963891795,15.515166486227509,0.4002585774637792,0.2986195841268798,0.3636471445997445,2.2500978407235794,0.7441179524444614,0.0411660619883938,0.7566823572752885,13.698046948581522,I-4,tetragonal,332.7509673488683,moderate,wide,non-oxide
9d0c89704a,NaYSnI6,9,400.19459432543096,4.116269051152864,992.03243928,8.408014756553362,4.343979389532231,0.3163610841590022,0.4916802436519537,0.279627845289801,1.6531001215041008,0.2598053210888394,0.0023757468328688,0.2911265193824153,13.780210519625475,R3,trigonal,5800.369942189892,wide,wide,non-oxide
73a5936444,RbCuWSe4,7,218.4924571530647,4.930062175608918,648.6938,21.58067972119533,9.519190219684804,0.4237078836060819,0.3447929204020376,0.3077222064849918,1.82162193814484,0.6861483963250357,0.0200643014002224,0.7360131138473263,14.389346545294126,I-4,tetragonal,717.1616025033684,wide,wide,non-oxide
0a6bece5b8,KLi2PSe4,8,205.681459012274,3.227678676830117,399.794062,23.72309475322256,9.386593988331374,0.3876069244238001,0.34227302086292,0.3252158465810434,1.9405662084055448,0.6336506966342041,0.0205155270417164,0.5894558164866881,14.835236212576614,I-42m,tetragonal,723.1223542251931,wide,wide,non-oxide
ab12c3e3c5,Cs2VFeSe4,8,274.47112198274084,4.1650181529393775,688.4374038000001,12.74615233472668,6.324994613609636,0.2950032021928729,0.4131149769006692,0.2871015018812622,1.6954947678206371,0.4319170456537821,0.0079978573623285,0.4616166808687184,14.94629994753139,C2,monoclinic,1868.788010390302,wide,wide,non-oxide
1f5c00f236,TaAg2Te4Au,8,271.801424643476,6.745069755405345,1104.050849,29.99741847406719,10.761543789582367,0.2394068928460761,0.3599312061180012,0.3397845459857797,2.0493389837214764,0.5306411994691864,0.0142749674479347,0.4757736383982407,15.080149623468683,P-42m,tetragonal,1056.4051847032677,moderate,wide,non-oxide
e0994c37f9,NbAg2Te4Au,8,267.9984661177384,6.295271920180615,1016.009349,33.03028457218941,10.96537192213692,0.1388986466899959,0.3630154020933656,0.3505485919787818,2.1361457950676,0.5162941122674175,0.0156286240382738,0.5136329552284162,15.120510315499684,P-42m,tetragonal,967.4882624644472,moderate,wide,non-oxide
01be320754,K4HgP2Pd,8,231.7932496257628,3.76354964389976,525.350724,22.57892290474265,9.21446338709194,0.1895003000505068,0.3677019193162004,0.3203837066255262,1.9065097896654468,0.6141259002127379,0.0163411144090566,0.5623368031130133,15.525849526279504,C2/m,monoclinic,950.1095909147206,wide,wide,non-oxide
4c752c6bf7,Na4AgSb2Au,8,212.47686112525585,5.004150344756316,640.3138461200001,29.22949993314129,12.7084248103852,0.0634062533359905,0.337745996373089,0.3101272793995989,1.83728267645538,0.8968415942068096,0.0352735359208351,0.8705696307996046,17.62757250187074,C2/m,monoclinic,499.73930998674285,moderate,wide,non-oxide
31090ae2c2,NbAg3Te3Se,8,268.2694759896983,5.436336989172256,878.27098,31.14540463266283,10.856268408147502,0.1103708787140533,0.3795359742744416,0.3438583275406115,2.0815111703416083,0.577724316749183,0.0170944994356467,0.5585814819409387,17.692769684580515,R3m,trigonal,1034.9978220295952,wide,wide,non-oxide
38731d0243,ErMoBr6,8,338.1630510799054,3.646626977845641,742.6229999999999,15.449868574915833,4.1522292618226695,0.5277301717462545,0.5929070782613217,0.3766709388997391,2.3736055518827905,0.1351843340593095,0.0007421984845021,0.1262153672699644,18.569551353609736,P-31m,trigonal,25019.656791761765,wide,wide,non-oxide
d27f5bfdf5,Rb4LiAgBi2,8,334.2210547482966,4.3455547256915406,874.6412,10.960382175376951,7.103839164807171,0.2186854772876613,0.416645130679433,0.2335060007380289,1.4238435039958666,0.7007345000503767,0.0113411559940909,0.7387574992338641,21.72133899644014,C2/m,monoclinic,1915.2667512692256,wide,wide,non-oxide
0bba7c2e92,KMnRhF6,9,151.86960844922035,3.39972676405821,310.9322642,22.72966384149601,11.601178262016468,0.1281022024970951,0.4013479176675593,0.2819058733727874,1.6658478406785993,0.8921094198818538,0.0171563909451509,0.7445168115931257,23.12719241862873,P312,trigonal,1348.0219990653295,wide,wide,non-oxide
aae81fd339,VAg2Te4Au,8,265.97149465598994,6.081249036600505,974.044469,33.65939032929903,10.955299473457076,0.1472204240995605,0.4069267011113411,0.3531900320569511,2.158358682365113,0.5119388500589662,0.0105969518744276,0.4955892952801448,24.705348694954164,P-42m,tetragonal,2331.363677754593,wide,wide,non-oxide
31b857e393,LiCd2InTe4,8,282.7566309108086,5.032774747804271,856.981,33.89615007057969,12.859881172239357,0.0912111223229671,0.3626269430264623,0.3316010235566203,1.9870748477773348,0.8644178026916577,0.026077427306922,0.8647562212877882,25.427116287993503,I-42m,tetragonal,975.062301534786,moderate,wide,non-oxide
b7a4ca6a23,Li2SiHgTe4,8,249.68034756411663,5.007664232224989,752.9575,29.800932402235382,12.704398753125938,0.5824253030519517,0.3773628488338167,0.3133667470685848,1.858713622922256,0.9259517114928626,0.0231674083088363,0.9109362889833744,26.036887811473505,I-42m,tetragonal,1123.858459452396,wide,wide,non-oxide
58b21591dd,Cs5AgSb2,8,383.8657256223661,4.3946807402105605,1015.9154595,5.4651793587031365,4.870059560852182,0.2128566576464969,0.5589711197098415,0.156483233342977,1.1333994381284014,0.5492905488044456,0.0021256841378898,0.4971887963595739,28.8850940785645,R-3m,trigonal,13588.610633016382,wide,wide,non-oxide
a0e05c85e7,MoBr5Cl,7,239.96625930935124,3.673857238242029,530.913,6.875097205268106,1.9457924520576488,0.2447545038090068,0.8084047107819999,0.3706890342833699,2.31552807427742,0.0466373695071553,7.578748590293547e-05,0.0413768135028207,30.768579714720858,Cm,monoclinic,405984.96371983626,wide,wide,non-oxide
e7ec3eb84a,TaCu(AgSe2)2,8,225.69118321461923,5.709992751210883,776.0702799999999,32.789187799639336,14.090184555567728,0.0935833212864413,0.4039818034794847,0.312060287372058,1.850023524650119,0.9876649467039504,0.0216891596681491,0.9154468956443564,31.94733232554688,P-42m,tetragonal,1472.9631214095425,wide,wide,non-oxide
d5c92e6693,KRb(AuSe2)2,8,242.4692519247744,5.713932345787812,834.339238,17.894789522419646,8.879828342146313,0.1588217713342596,0.5030753320352396,0.2871027972674717,1.6955022606667018,0.5885834088743416,0.0043849073227653,0.521422589491157,32.08043672603619,P4/m,tetragonal,7316.103708619421,wide,wide,non-oxide
b7058e307d,Cs3GePPt3,8,276.3023426355211,6.536218911042363,1087.5821177,27.87648896818763,13.182489130205482,0.2251500860160541,0.4219505433338433,0.2957511189195803,1.746692915395266,0.9888919411582664,0.0155402719639314,1.0421595740001988,34.74476361178189,R3m,trigonal,2235.788645940271,wide,wide,non-oxide
52091d3663,GdH6Ir,8,68.67464091884789,8.596272822025158,355.51464,46.57510496110048,16.92394316951565,0.1834774992989085,0.4894541610786923,0.337944238805688,2.0350668609863205,0.5943190593289536,0.005574363398081,0.546970671179548,41.33031352614438,R-3m,trigonal,7414.35578820926,wide,wide,non-oxide
4a690634b6,Cs4LiAgBi2,8,371.82810369440017,4.753444302883655,1064.3918076,8.37369556040277,5.68802414200525,0.3603249343278969,0.5951030035828074,0.2230677554452727,1.3785738924355215,0.5198279815212653,0.0017957797976755,0.5394776428578902,44.64771146481831,C2/m,monoclinic,24862.57586960837,wide,wide,non-oxide
1268bfe16d,Cs4ZnAsP,7,322.8428038788269,3.6154944547724415,702.9261696,13.886974856172422,6.902834869399465,0.2468122400369134,0.5562284783898068,0.2867905527920271,1.6936976369310135,0.6387482657181967,0.0032247395350279,0.5488860917219744,50.35917594811709,R3m,trigonal,15616.509612978876,wide,wide,non-oxide
ea3922259e,HoH6Ir,8,68.47110392796728,8.808086712743918,363.19496,56.33557974050065,21.18295309446568,0.3868901584224714,0.4861936207662338,0.3329329562776161,1.997000774545292,0.8526579570296221,0.0098490210567171,0.9099817764708836,53.0085680936502,R-3m,trigonal,5382.115419227118,wide,wide,non-oxide
de403b5111,CuGeF6,8,101.79926525793626,4.080851832785903,250.1764192,32.02554006141953,13.353621016648232,0.2019201447760349,0.5163415337033372,0.3169570741583419,1.8829295826750765,0.8003923203556341,0.0060587893352159,0.7801096654271542,53.766090959497305,P-1,triclinic,8874.065095313403,wide,wide,non-oxide
e0c1138cc8,VCu(AgTe2)2,8,246.259424664831,5.668367129979939,840.6239,36.62401917025721,14.55128017493585,0.1538341961256661,0.4967264068006852,0.3245753516310708,1.93599675497936,0.9843958627154464,0.0128669555136586,0.94817976792573,65.25224387884582,P-42m,tetragonal,5071.30407108182,wide,wide,non-oxide
3705adfe61,Cs4NaAgAs2,8,325.37038820672865,4.145718505992619,812.32297688,9.332751975524191,5.931882024656624,0.6707427954398193,0.6735199952608927,0.2377604815584727,1.4429268270475522,0.5325535247115722,0.001164005522928,0.4343383877733752,66.06159870017224,C2/m,monoclinic,56753.68148940863,wide,wide,non-oxide
132828b2fc,TaCu(AgS2)2,8,207.06418727564665,4.71936318142158,588.49028,34.06153632320669,13.481428319507987,0.1572489217951604,0.5141963254018634,0.3251678456942975,1.9402231637594989,0.9042975894655808,0.0078975497487284,0.8613359309085726,67.83092221986378,P-42m,tetragonal,8588.856591980968,wide,wide,non-oxide
479896826c,NbCu(AgS2)2,8,204.11125590476743,4.071381303787958,500.44878,32.91380198907199,12.960419600111736,0.1965513849962315,0.5012568287817439,0.3259596089729987,1.945893956451554,0.9082593321722456,0.0079847339664541,0.9248266776025316,69.43034866625564,P-42m,tetragonal,8695.38659120635,wide,wide,non-oxide
3270d33809,VCu(AgS2)2,8,196.7327815842841,3.869870706294272,458.4839,34.36736249186233,12.684592823780704,0.2440939761771269,0.517267364923677,0.3356729013520655,2.0176707861589813,0.8303726703628501,0.0072888092873592,0.8572405917175929,71.484024342929,P-42m,tetragonal,9807.366542968964,wide,wide,non-oxide
0dc1615079,NbCu(AgSe2)2,8,223.099721339552,5.121022396941993,688.02878,33.59135739962216,13.715217525670871,0.0283073166765941,0.4952548950789647,0.3203078529179036,1.905982756188226,0.94442517410776,0.0095776320984789,0.9611512532627462,71.67342046038598,P-42m,tetragonal,7483.417584161411,wide,wide,non-oxide
3a6c6469fa,MoPbF6,8,148.75405075982025,4.656420140349353,417.1304192,27.00154017197116,12.945936816733106,0.5971761918621579,0.5673314546638679,0.2933071843699235,1.7319865246411676,0.9410334825189096,0.0048631317226269,0.905237537179115,75.89300297745886,R-3,trigonal,15605.788061291258,wide,wide,non-oxide
38f8d5a52a,RbMnRhF6,9,164.3652285784101,3.609726606896678,357.3017642,22.907708921139825,10.88267734582283,0.3026841604403752,0.5800795228000135,0.2949393740645727,1.7417867881047784,0.7497643022923833,0.0035933244279402,0.6548262193323383,81.1517032082336,P312,trigonal,22584.017901982705,wide,wide,non-oxide
78a4012a48,Cs4NaAgBi2,8,387.80083413073214,4.626379398015647,1080.44057688,10.291110900698191,7.46911490561937,0.5895963962161872,0.6693594892437084,0.2077997609058468,1.3160676284807096,0.8544932909917896,0.0016021199349693,0.6355926370033644,123.66773096850643,C2/m,monoclinic,77190.05816556975,wide,wide,non-oxide
b3802bf821,RbAlBiH,4,117.3749171568395,4.561625052239459,322.4376786,22.407307766379496,8.745103438534308,0.3049129118734032,0.9151862844172428,0.3273243574070763,1.955730719672357,0.783390587299771,0.0005280840267863,0.6518605835692597,844.8052686256707,P3m1,trigonal,1599755.390759974,wide,wide,non-oxide
a6f22ba0f3,CsNaHgS2,5,146.2889591330565,4.774441023375841,420.61522118,17.756724889523188,8.025979032183999,0.1504461219313525,1.080853747227661,0.303593409677058,1.7952209155883485,0.6784531917903944,0.0001398701062151,0.5509492372324545,1638.1790568286976,I-4m2,tetragonal,11712145.65540778,wide,wide,non-oxide
