material_id,formula,n_sites,provenance,K_VRH_pred,G_VRH_pred,pugh_ratio,K_VRH_dft,G_VRH_dft
mp-1002133,LaGa,8,unseen,56.6768,24.3562,0.4297,,
mp-10037,AlCo3C,5,train,237.5211,116.2505,0.4894,234.0,116.0
mp-1004753,PrB12,52,unseen,202.1764,161.9006,0.8008,,
mp-10055,Co2B4Mo,14,test,304.3677,188.5307,0.6194,303.0,179.0
mp-1005829,Sm2Mn12P7,21,unseen,147.8886,90.3445,0.6109,,
mp-1006056,PaNi2Ge,16,unseen,146.2864,28.0212,0.1916,,
mp-1007692,HfPd,8,unseen,146.1048,46.9949,0.3217,,
mp-1007730,HfAl3,4,train,108.5845,64.9718,0.5984,105.0,51.0
mp-1007881,FeB,8,unseen,254.1456,106.8232,0.4203,,
mp-1008224,CrCo2Si,16,train,213.9917,89.7337,0.4193,203.0,91.0
mp-1008487,BW,8,unseen,324.4718,169.3622,0.522,,
mp-1008625,W2C,3,val,323.6041,176.3649,0.545,303.0,160.0
mp-1008734,ThH2,12,unseen,102.0506,43.1655,0.423,,
mp-1008752,CeTe,2,train,52.3851,19.9754,0.3813,9.0,20.0
mp-1009551,PbS,2,unseen,45.6296,16.4903,0.3614,,
mp-10108,NpP,8,unseen,115.0318,48.9175,0.4253,,
mp-1013530,Sr3BiP,5,unseen,40.3797,23.2903,0.5768,,
mp-1013540,Ca3PN,5,unseen,43.7461,27.0973,0.6194,,
mp-1013584,Ba3BiSb,5,unseen,25.7476,16.5498,0.6428,,
mp-1013711,Ba3AsP,5,unseen,35.4392,18.6192,0.5254,,
mp-1013714,Ba3SbAs,5,unseen,29.7929,19.6257,0.6587,,
mp-10159,K3Sb,16,val,12.8317,8.7488,0.6818,14.0,7.0
mp-1016826,MgIrO3,5,unseen,196.3764,90.1955,0.4593,,
mp-1016841,HfHgO3,5,unseen,202.8585,97.7787,0.482,,
mp-1018015,Ti2MnGe,16,unseen,140.2695,70.4819,0.5025,,
mp-1018031,KInO2,12,test,90.6766,49.9943,0.5513,51.0,40.0
mp-1018042,UBi,2,train,73.3819,20.1388,0.2744,75.0,20.0
mp-1018082,CrCo2Sb,16,train,171.8273,79.2174,0.461,172.0,80.0
mp-1018099,Ba2NCl,12,unseen,35.286,15.8804,0.45,,
mp-1018137,KEuS2,12,unseen,34.4626,23.0835,0.6698,,
mp-1018156,Hf2Cd,6,unseen,82.2636,34.5585,0.4201,,
mp-1018699,EuZnGe,6,train,45.9234,36.0565,0.7851,47.0,37.0
mp-1019517,Ba4Mg(SiN3)2,104,unseen,79.349,34.707,0.4374,,
mp-1019521,Ba3MgGeN4,36,unseen,73.9143,33.2015,0.4492,,
mp-1019531,BaAl2Si3(NO)4,56,unseen,115.3307,71.6915,0.6216,,
mp-1019555,BaNaLi3(BO2)6,138,unseen,62.4738,35.4743,0.5678,,
mp-1019558,BaSr2Mg(SiO4)2,14,unseen,92.6288,53.7561,0.5803,,
mp-1019575,Ca4Al6SO16,108,unseen,84.7872,38.4394,0.4534,,
mp-1019598,CeGaO3,20,unseen,171.4264,86.9944,0.5075,,
mp-1019718,CsBe4(BO3)3,68,unseen,70.9877,66.7146,0.9398,,
mp-1019783,K2S2O3,56,unseen,16.7059,9.0839,0.5438,,
mp-1020058,Mg(NO3)2,324,unseen,37.1061,28.5428,0.7692,,
mp-1020145,Na2Ge(S2O7)3,120,unseen,25.849,12.815,0.4958,,
mp-1020180,Na2SrMg(PO4)2,56,unseen,82.0575,49.4366,0.6025,,
mp-10321,La2ZnRhO6,20,unseen,160.7088,58.8051,0.3659,,
mp-10333,Pr(ZnP)3,14,unseen,74.2482,40.7222,0.5485,,
mp-10341,SrGeTeO6,9,unseen,91.5672,44.1505,0.4822,,
mp-1040,RbCd13,112,unseen,34.1118,11.5353,0.3382,,
mp-10450,PrAlGe,12,unseen,74.1551,42.0836,0.5675,,
mp-10503,MgB4Os3,32,unseen,259.5762,137.1784,0.5285,,
mp-10556,Sr2LiReN4,16,unseen,69.6418,36.5878,0.5254,,
mp-10564,SrN2,6,train,64.9151,34.4297,0.5304,59.0,35.0
mp-10749,SrCuSb,6,train,48.6009,34.1087,0.7018,48.0,34.0
mp-10791,ErBO3,60,unseen,135.9937,71.0537,0.5225,,
mp-10795,TaTlS3,20,unseen,29.1899,15.6049,0.5346,,
mp-10809,AgSnF6,8,unseen,18.6144,13.9907,0.7516,,
mp-10850,SbTePd,12,unseen,79.251,27.9786,0.353,,
mp-10900,U2Al3Os,12,unseen,132.4269,61.7186,0.4661,,
mp-10961,La5Si3,32,unseen,53.6485,23.1948,0.4323,,
mp-11082,CeCdAu,9,unseen,67.0234,27.4581,0.4097,,
mp-11157,SmMgGa,9,train,55.7348,42.63,0.7649,55.0,43.0
mp-11242,DyPbAu,12,unseen,79.9358,35.4841,0.4439,,
mp-11243,ErAu,8,unseen,89.2844,23.9576,0.2683,,
mp-11328,P2W,12,unseen,167.779,115.2864,0.6871,,
mp-11481,MoIr,4,val,313.1227,172.8324,0.552,310.0,174.0
mp-11534,Np,8,train,177.9136,109.0699,0.613,171.0,111.0
mp-11576,YbTl,2,train,35.7215,19.8611,0.556,33.0,20.0
mp-11634,KSmGeSe4,14,unseen,19.6628,12.2308,0.622,,
mp-11673,Sc2(SeO4)3,68,unseen,49.4051,26.6112,0.5386,,
mp-11693,TePt,12,train,45.5095,20.3996,0.4482,48.0,21.0
mp-11752,Lu7(NiTe)2,22,train,58.9303,33.3529,0.566,61.0,34.0
mp-11836,ErSbPd,12,train,88.9826,46.0078,0.517,90.0,45.0
mp-11906,LiPr2IrO6,20,unseen,119.2548,60.3441,0.506,,
mp-11913,NaPr2IrO6,20,unseen,111.0899,50.639,0.4558,,
mp-12058,Er(PRu)2,10,train,156.6618,100.5685,0.6419,158.0,100.0
mp-12110,TaRu,2,test,242.2444,103.8877,0.4289,264.0,65.0
mp-12118,InCu2,6,unseen,93.3931,27.4572,0.294,,
mp-12221,CaTeO4,24,unseen,88.7753,43.7054,0.4923,,
mp-12243,Rb3SiF7,22,unseen,28.5018,15.4599,0.5424,,
mp-12245,Rb3TiF7,22,unseen,28.3352,16.4752,0.5814,,
mp-12274,LaAl4Co,12,unseen,90.2296,50.5595,0.5603,,
mp-1232,Mo3Pt,8,train,268.1447,84.6296,0.3156,266.0,85.0
mp-12323,NaSm2IrO6,20,unseen,116.5334,58.4505,0.5016,,
mp-12360,AgSbTe2,12,unseen,51.7269,18.0801,0.3495,,
mp-12444,SrCuSF,8,val,62.965,34.8789,0.5539,75.0,39.0
mp-12550,AlCuPt2,4,test,206.2406,80.4833,0.3902,196.0,82.0
mp-12599,PrTl,2,train,48.5599,16.2645,0.3349,51.0,16.0
mp-1261,EuZn,2,train,36.3639,23.0146,0.6329,37.0,23.0
mp-1287,KS,12,unseen,15.0607,7.5496,0.5013,,
mp-12894,Y2SO2,5,unseen,118.7174,63.4078,0.5341,,
mp-13067,Tm2O3,5,unseen,164.5622,50.9567,0.3097,,
mp-13121,CeGe3Rh,10,train,96.4217,35.6615,0.3698,96.0,37.0
mp-13164,Ti2Pd,6,train,143.8117,62.5818,0.4352,142.0,62.0
mp-13369,Ba3CaIr2O9,15,unseen,105.8848,58.2445,0.5501,,
mp-1342,BaO,8,test,64.5346,34.6118,0.5363,68.0,38.0
mp-13474,LiErGe,9,val,57.1524,47.9866,0.8396,60.0,49.0
mp-13503,ScZn2,12,train,83.4993,50.005,0.5989,81.0,48.0
mp-13840,Ho3ScO6,60,unseen,153.2651,70.0821,0.4573,,
mp-13920,Ba(ZnSn)2,10,train,44.9998,22.6603,0.5036,44.0,23.0
mp-1399,AlAu,8,train,103.5352,31.4601,0.3039,104.0,31.0
mp-140,Ga,2,train,53.619,14.5387,0.2711,49.0,6.0
mp-14133,Gd3Al5O12,160,unseen,164.5785,97.3747,0.5917,,
mp-14334,K2RbPdF5,18,unseen,29.9058,11.0379,0.3691,,
mp-14380,CsNaSnF6,72,unseen,22.7925,10.9122,0.4788,,
mp-14416,Sm2Be2GeO7,24,unseen,133.5854,74.8464,0.5603,,
mp-14447,Ba2SiSe4,14,unseen,32.3076,14.0457,0.4347,,
mp-14485,LaTa7O19,54,unseen,184.1411,84.7725,0.4604,,
mp-14495,Li6ZnO4,22,unseen,83.5513,49.5669,0.5933,,
mp-14613,Pr10Se19,58,unseen,66.1965,29.5061,0.4457,,
mp-14622,Y(BIr)2,40,unseen,192.7132,89.7865,0.4659,,
mp-14678,Y3Sc2Al3O12,160,unseen,139.6281,77.3646,0.5541,,
mp-1471,Zr3Al,4,val,96.4276,40.8492,0.4236,101.0,55.0
mp-14825,Sr2ErCu3(PbO4)2,16,unseen,86.3071,43.5573,0.5047,,
mp-1490,AlAu4,20,train,126.34,17.6172,0.1394,127.0,16.0
mp-15004,Ca3ZrSi2O9,60,unseen,108.5067,50.4742,0.4652,,
mp-15051,Nd(PdO2)2,28,test,140.3183,53.8384,0.3837,147.0,50.0
mp-15053,Y(PdO2)2,28,train,156.8899,59.0494,0.3764,154.0,58.0
mp-15078,SiO2,108,unseen,96.8986,43.2355,0.4462,,
mp-1513,Co9S8,68,train,132.2613,64.7692,0.4897,130.0,64.0
mp-15148,K4Nb2S11,68,unseen,17.6624,5.9647,0.3377,,
mp-15171,K2MgSiO4,64,unseen,62.0518,31.5042,0.5077,,
mp-1543,Ge2Pt,6,train,117.9117,51.895,0.4401,115.0,52.0
mp-15432,K2Ga2As3,56,unseen,26.0124,15.0721,0.5794,,
mp-15472,Ba4LiCu(CO5)2,36,unseen,64.9837,26.5744,0.4089,,
mp-1550,AlP,8,train,83.4557,46.6454,0.5589,85.0,47.0
mp-15519,NdZn(BO2)5,68,unseen,129.3145,72.7551,0.5626,,
mp-15571,K3AuSe2,36,unseen,18.7082,7.7566,0.4146,,
mp-15600,K2Ca2(SO4)3,76,unseen,48.8829,23.5782,0.4823,,
mp-15695,YAsPt,12,train,108.0402,45.9283,0.4251,110.0,46.0
mp-15746,Zr2Cr30P19,51,unseen,190.7964,120.5353,0.6317,,
mp-15782,KPrS2,12,unseen,41.5079,23.2931,0.5612,,
mp-15846,Lu5SbPd2,32,unseen,71.7853,37.4273,0.5214,,
mp-1618,PPd6,28,unseen,165.3685,46.2507,0.2797,,
mp-16237,La(SiAg)2,10,unseen,85.9833,49.3392,0.5738,,
mp-16264,LiCaSb,12,unseen,28.2761,25.3183,0.8954,,
mp-16456,BaNd2MnS5,36,unseen,55.3436,30.8981,0.5583,,
mp-16498,Sm(Al2Cu)4,26,unseen,101.5977,60.4235,0.5947,,
mp-16648,LiSn4Rh,24,train,64.8532,40.5416,0.6251,64.0,40.0
mp-16733,Sc2GaC,8,train,83.5084,50.7238,0.6074,86.0,51.0
mp-16764,RbYTe2,8,train,26.5858,16.2009,0.6094,27.0,16.0
mp-16834,Zn3(AsO4)2,26,unseen,85.1083,29.6606,0.3485,,
mp-1688,ErAs,8,test,77.8342,52.8424,0.6789,79.0,54.0
mp-16904,Ba2CdTe3,24,unseen,31.0292,13.5944,0.4381,,
mp-1694,Yb2Ge,12,unseen,38.3121,33.4403,0.8728,,
mp-171,VNi3,8,train,214.4806,101.2994,0.4723,213.0,101.0
mp-17100,In2P2O7,44,unseen,77.5556,35.3299,0.4555,,
mp-17229,RbBe3ZnF9,28,unseen,43.4134,16.1637,0.3723,,
mp-17324,ZrSnS3,20,unseen,20.514,14.0812,0.6864,,
mp-17350,La2TeO6,36,unseen,104.8649,43.1441,0.4114,,
mp-17433,NaSr4(SbO4)3,40,unseen,100.2451,50.9749,0.5085,,
mp-17500,GdPtF7,36,unseen,60.0426,30.6078,0.5098,,
mp-17560,Na2UO4,28,unseen,64.0314,29.5596,0.4616,,
mp-17612,Ba2SiO4,28,unseen,67.1721,34.0566,0.507,,
mp-17677,Nb9PO25,70,unseen,138.7383,56.6827,0.4086,,
mp-17973,Cs3GeF7,22,unseen,26.1133,10.1303,0.3879,,
mp-18003,CsCuS4,24,unseen,12.193,6.8759,0.5639,,
mp-18006,Rb2Cu2SnS4,36,unseen,25.7107,11.2151,0.4362,,
mp-18111,Ba2LaC3O9F,32,unseen,69.6764,27.1307,0.3894,,
mp-18193,CsTe7Mo6,84,unseen,34.4545,16.374,0.4752,,
mp-18229,CaTa2O6,36,unseen,135.5567,75.4941,0.5569,,
mp-18377,ZnS,60,unseen,68.6683,33.1304,0.4825,,
mp-18422,RbLiZn2O3,28,unseen,75.2142,35.3855,0.4705,,
mp-18490,Sr2SmNb(CuO4)2,56,unseen,124.2726,63.9764,0.5148,,
mp-1852,UF5,12,train,21.2221,16.5215,0.7785,15.0,11.0
mp-18560,NpPO4F,28,unseen,102.6578,50.1837,0.4888,,
mp-186,Na4Si23,54,unseen,51.2033,28.2628,0.552,,
mp-18649,MnGeRh,36,unseen,150.548,59.8024,0.3972,,
mp-18759,Mn3O4,28,train,129.5626,50.5518,0.3902,127.0,47.0
mp-18805,Sr2CoMoO6,20,unseen,152.0133,74.9227,0.4929,,
mp-18807,V2Zn2O7,22,unseen,95.8798,28.8698,0.3011,,
mp-18809,Li2VGeO5,18,unseen,71.299,48.6551,0.6824,,
mp-18839,Pr2NiO4,14,unseen,134.4873,66.1841,0.4921,,
mp-18897,NaVTeO5,32,unseen,40.6203,22.3148,0.5493,,
mp-18995,Ba2FeMoO6,40,unseen,151.0223,90.1225,0.5967,,
mp-19012,CaMoO3,20,unseen,165.2445,84.1129,0.509,,
mp-19045,Ba2MnZn2(AsO)2,18,unseen,56.3114,34.6693,0.6157,,
mp-19087,Na3Co2SbO6,24,unseen,88.1287,35.6037,0.404,,
mp-19090,MnTeMoO6,18,unseen,33.5514,20.952,0.6245,,
mp-19103,LiCrP2O7,22,unseen,67.6878,41.3123,0.6103,,
mp-1911,CeSn3,4,test,53.6818,11.5682,0.2155,60.0,31.0
mp-19142,Mn2V2O7,22,unseen,101.2651,39.3825,0.3889,,
mp-19145,Ca4Al6WO16,54,unseen,92.5168,38.5428,0.4166,,
mp-19155,CrHgO4,24,unseen,37.9265,15.3484,0.4047,,
mp-19173,UMnO4,24,unseen,149.8025,58.879,0.393,,
mp-19180,VFeMoO7,20,unseen,48.5021,23.3889,0.4822,,
mp-19199,BaSm2NiO5,18,unseen,123.6534,63.3342,0.5122,,
mp-19203,BaCo2Si2O7,96,unseen,45.5653,33.4472,0.734,,
mp-19209,LiAl(MoO4)2,24,unseen,70.0418,28.7822,0.4109,,
mp-19241,BaNiO3,10,val,76.5861,51.981,0.6787,83.0,24.0
mp-19252,K2NiO2,10,train,31.2741,14.7607,0.472,29.0,15.0
mp-1935,BaMg2,12,train,19.7617,13.7236,0.6945,22.0,13.0
mp-1938,Al2O3,20,val,227.0485,139.2768,0.6134,231.0,145.0
mp-19391,NaVO2,12,train,117.426,54.3195,0.4626,114.0,50.0
mp-19462,KP2WO8,48,unseen,42.5443,21.9049,0.5149,,
mp-19469,Na5Tb(MoO4)4,104,unseen,62.8325,25.6066,0.4075,,
mp-19481,Rb2V(PO4)2,52,unseen,30.4354,18.3638,0.6034,,
mp-1953,TiAl,2,test,112.8705,75.625,0.67,115.0,70.0
mp-19782,TbInCu,9,unseen,73.2235,33.9418,0.4635,,
mp-19848,PrCuSb2,8,unseen,64.4965,35.685,0.5533,,
mp-19940,VAs,8,train,140.3979,85.0143,0.6055,140.0,86.0
mp-1995,PrC2,6,train,95.2651,30.7487,0.3228,92.0,29.0
mp-1999,Sb2O3,80,unseen,51.2126,24.0209,0.469,,
mp-20000,Nd(NiSn)2,10,unseen,90.0538,33.2819,0.3696,,
mp-20230,PuOF,6,unseen,122.1211,52.7682,0.4321,,
mp-20238,Th(FeGe)2,10,test,131.8445,58.3207,0.4423,126.0,72.0
mp-20301,La2Pd2Pb,10,unseen,67.1116,18.5127,0.2758,,
mp-20310,LiInSe2,16,test,28.8794,14.6829,0.5084,30.0,14.0
mp-20314,NpSnIr,9,unseen,138.1747,43.4143,0.3142,,
mp-20401,HfCuSi2,8,test,139.3935,89.7258,0.6437,135.0,87.0
mp-20532,PrSb2Pd,8,unseen,71.3384,32.5177,0.4558,,
mp-20601,NdPb3,4,train,48.2274,8.1536,0.1691,47.0,8.0
mp-20618,Y2Co3Si5,40,train,136.9709,60.0781,0.4386,140.0,61.0
mp-20674,Ba2YCu3O7,13,train,109.3728,54.889,0.5019,109.0,55.0
mp-20704,U(MnAl2)4,26,unseen,99.1939,81.843,0.8251,,
mp-20771,Eu(ZnGe)2,10,unseen,63.2372,28.4465,0.4498,,
mp-2078,TiCu,4,val,130.2659,60.5175,0.4646,130.0,62.0
mp-20887,VSn2,48,test,91.4516,51.6766,0.5651,98.0,52.0
mp-20897,Ba4Y2Cu6O13,25,val,93.2145,46.8256,0.5023,94.0,47.0
mp-210,BaLi4,30,unseen,10.135,8.4442,0.8332,,
mp-21081,ScNiB4,24,unseen,210.6035,161.4184,0.7665,,
mp-21090,MnNiGe,6,train,133.6104,54.6952,0.4094,131.0,60.0
mp-2124,Ho4Sb3,28,unseen,63.5707,36.931,0.5809,,
mp-21256,Mn7C3,40,unseen,236.7402,111.4635,0.4708,,
mp-21279,EuSi,8,unseen,41.6232,22.3582,0.5372,,
mp-2130,LuNi2,24,val,142.0313,58.1324,0.4093,109.0,44.0
mp-21340,HfGePt,12,train,180.0977,84.6357,0.4699,177.0,79.0
mp-21385,In3Ni2,5,train,92.4812,48.2512,0.5217,92.0,46.0
mp-21387,CeInPd,9,unseen,76.6514,28.5027,0.3718,,
mp-2143,USe,8,unseen,86.922,31.8059,0.3659,,
mp-21441,CeSiIr,12,unseen,125.5774,29.0195,0.2311,,
mp-21494,UCoSn,9,unseen,117.5746,55.8772,0.4752,,
mp-215,YSb,8,train,53.7247,30.0612,0.5595,46.0,29.0
mp-21542,K2CeTa5O15,46,unseen,126.2841,87.5131,0.693,,
mp-21657,Tl5Se3,32,unseen,24.1759,9.4037,0.389,,
mp-21658,Sm5Ga3,32,unseen,49.1599,27.547,0.5604,,
mp-21707,Er2CrS4,56,unseen,72.7512,32.3447,0.4446,,
mp-21741,K2In2As3,56,unseen,26.5966,14.8621,0.5588,,
mp-21756,Sr(In4Rh)2,44,unseen,60.9649,31.2391,0.5124,,
mp-21838,Ce(SeO4)2,88,unseen,67.6669,35.2004,0.5202,,
mp-22041,HoGeRu,12,unseen,112.4654,44.7521,0.3979,,
mp-22211,V3Sn,8,unseen,157.902,24.1493,0.1529,,
mp-22264,CsSr2Nb3O10,16,unseen,95.8441,54.062,0.5641,,
mp-22266,GdB6,7,val,175.5962,99.8216,0.5685,171.0,91.0
mp-22289,Mn2CoGe,16,train,183.4304,84.185,0.4589,184.0,84.0
mp-22328,K4PbO4,18,unseen,34.458,12.8534,0.373,,
mp-22360,U2Co2Sn,10,unseen,119.7743,50.4937,0.4216,,
mp-22485,TbCuSb2,8,unseen,69.9646,38.4728,0.5499,,
mp-22499,EuSnF7,18,unseen,41.7158,25.4058,0.609,,
mp-2254,Al2O3,40,train,205.8905,110.9237,0.5388,201.0,103.0
mp-22709,TaNiB2,16,unseen,277.0507,162.2635,0.5857,,
mp-22714,LuCoC,6,unseen,137.7837,61.7427,0.4481,,
mp-22717,CaIn2Pd,16,unseen,53.0288,27.2439,0.5138,,
mp-22718,TbInAu,9,unseen,76.6212,39.1593,0.5111,,
mp-22747,Pb(CO2)2,14,train,22.4286,11.0948,0.4947,20.0,11.0
mp-22788,Eu(PRu)2,10,unseen,91.5915,73.6759,0.8044,,
mp-22922,AgCl,8,train,45.3885,7.3451,0.1618,43.0,7.0
mp-22932,KInBr4,24,unseen,9.1299,3.7804,0.4141,,
mp-22939,BiClO,6,test,20.3426,14.5273,0.7141,26.0,18.0
mp-22990,CsICl2,12,unseen,6.8376,4.7829,0.6995,,
mp-230,SbO2,24,train,101.3571,58.9459,0.5816,96.0,55.0
mp-23037,CsPbCl3,5,train,18.8024,9.196,0.4891,21.0,9.0
mp-23070,BaBrF,6,unseen,36.4642,17.1768,0.4711,,
mp-2311,NbO,6,test,223.0625,112.3897,0.5038,243.0,140.0
mp-23131,Sr2BN2Cl,24,unseen,38.805,22.3565,0.5761,,
mp-23181,SrI2,24,unseen,14.43,9.8997,0.686,,
mp-23206,BiPd,16,unseen,82.3597,21.4396,0.2603,,
mp-23219,CuBr2,6,train,9.5227,3.5211,0.3698,7.0,4.0
mp-23313,InBi,4,val,36.2896,17.8575,0.4921,33.0,16.0
mp-23324,BiSBr,12,unseen,10.3488,5.0347,0.4865,,
mp-23384,LiIO3,40,unseen,29.0386,19.0074,0.6546,,
mp-23592,Ag2Hg7(As2I3)2,76,unseen,17.8188,8.5594,0.4804,,
mp-23645,KBiS(ClO2)2,36,unseen,18.6633,8.6679,0.4644,,
mp-23740,Mg2PHO5,36,unseen,90.9906,50.2388,0.5521,,
mp-23755,BaH3C3O7,56,unseen,27.6252,10.8972,0.3945,,
mp-2377,GaMo3,8,unseen,227.8497,108.7352,0.4772,,
mp-23846,KHF2,16,val,30.3154,12.5428,0.4137,26.0,13.0
mp-23989,GdH12(ClO2)3,44,unseen,24.4105,12.7637,0.5229,,
mp-24093,CuH,4,train,107.6266,31.2845,0.2907,108.0,33.0
mp-24095,PrH2,12,train,72.5463,40.2438,0.5547,77.0,39.0
mp-24152,HoH2,12,train,86.7714,45.0021,0.5186,88.0,43.0
mp-2416,YF3,16,unseen,92.734,41.46,0.4471,,
mp-24215,ScH3Br3N,32,unseen,12.8923,5.6794,0.4405,,
mp-24337,MgH2Cl2O,24,unseen,21.8159,11.2762,0.5169,,
mp-24340,K3GeH3S3O2,24,unseen,17.8325,9.1275,0.5118,,
mp-24361,CaP2(HO2)4,30,unseen,52.1748,26.5018,0.5079,,
mp-24362,CuH6CN2O3,52,unseen,23.1913,9.1197,0.3932,,
mp-24606,Rb2MgH8(CO5)2,46,unseen,30.1039,16.0791,0.5341,,
mp-24802,Sr2Al3Si3HO13,88,unseen,108.0488,69.3648,0.642,,
mp-2512,AsPd5,24,unseen,143.6745,39.9652,0.2782,,
mp-25400,Li2TiPCO7,24,unseen,67.3996,34.5061,0.512,,
mp-2579,HoPt2,24,unseen,174.7045,72.1653,0.4131,,
mp-2619,FeSb,4,train,93.7743,53.4361,0.5698,94.0,54.0
mp-26209,LiBiP2O7,22,unseen,43.3888,20.6655,0.4763,,
mp-26477,LiCuPO4,14,unseen,58.0057,29.7164,0.5123,,
mp-2663,Nb3Pt,8,test,199.9353,77.4689,0.3875,207.0,80.0
mp-26721,Li2Nb(PO4)2,26,unseen,91.9297,40.5856,0.4415,,
mp-2677,ScPd3,4,test,145.259,54.426,0.3747,155.0,52.0
mp-2697,SrO2,6,train,75.2002,38.8201,0.5162,71.0,38.0
mp-27063,Li2CuPO4,16,unseen,66.4354,33.0875,0.498,,
mp-27135,Bi(PO3)3,52,unseen,64.1773,32.7907,0.5109,,
mp-27211,KSb4F13,36,unseen,28.288,9.7168,0.3435,,
mp-27228,Tl6Si2O7,30,unseen,25.7803,16.6506,0.6459,,
mp-27314,SbClF8,20,unseen,13.417,6.0134,0.4482,,
mp-27316,Rb5Zr4F21,60,unseen,35.8981,12.975,0.3614,,
mp-27363,BaVSe3,10,unseen,30.6916,12.3222,0.4015,,
mp-27418,KAuO2,4,train,43.7682,15.8841,0.3629,40.0,16.0
mp-2748,CeAs,8,train,60.5977,39.0872,0.645,61.0,43.0
mp-27496,YUO4,6,unseen,179.4521,76.1921,0.4246,,
mp-27522,K2Zr2O5,36,unseen,98.0081,36.5637,0.3731,,
mp-27635,Rb2SnI6,36,unseen,6.2761,5.2949,0.8437,,
mp-27673,TaPS6,128,unseen,11.8092,7.7527,0.6565,,
mp-27691,K2PtBr6,36,train,10.9794,6.3661,0.5798,10.0,6.0
mp-27812,RbTiI3,30,unseen,11.6184,4.1535,0.3575,,
mp-2782,ZnP2,24,train,68.5973,42.9397,0.626,68.0,42.0
mp-27896,BF3,32,unseen,11.2607,14.3077,1.2706,,
mp-27931,Rb2SnO2,20,unseen,20.1785,10.0808,0.4996,,
mp-28014,H5BrO2,32,unseen,8.5083,7.5965,0.8928,,
mp-28029,TcP3,16,unseen,149.261,100.8715,0.6758,,
mp-28112,In5Cl9,84,unseen,6.2343,4.8936,0.7849,,
mp-28123,H7NF4,72,unseen,35.8574,11.2172,0.3128,,
mp-28130,Nb(PS4)2,44,unseen,8.6491,7.26,0.8394,,
mp-28303,Na3SiSe4,64,unseen,22.2506,9.1333,0.4105,,
mp-28336,Li3P7,40,train,25.7257,11.3611,0.4416,24.0,12.0
mp-28347,K3Al2As3,16,unseen,23.5101,14.2293,0.6052,,
mp-28376,CuAuF5,7,train,26.933,16.1085,0.5981,28.0,12.0
mp-28545,RbLiO,12,unseen,32.0508,18.7076,0.5837,,
mp-2857,ScN,8,train,197.0868,155.4231,0.7886,200.0,156.0
mp-28613,LiBPt3,15,unseen,168.0134,68.4499,0.4074,,
mp-28660,Ca2Cu6P5,26,unseen,93.3688,37.0652,0.397,,
mp-28939,U4Te3O4,22,unseen,72.207,40.1911,0.5566,,
mp-29039,P3RuO9,52,unseen,41.0945,33.3506,0.8116,,
mp-29040,Li3Zr4F19,52,unseen,53.15,22.4258,0.4219,,
mp-2911,Ba3(SnP2)2,36,unseen,38.4756,22.5585,0.5863,,
mp-29221,Ca2AlF7,40,unseen,65.8373,32.1628,0.4885,,
mp-29242,Ba3PbO,5,unseen,33.004,21.8606,0.6624,,
mp-29264,SICl7,36,unseen,2.307,1.8805,0.8151,,
mp-29267,Sn5Sb2S9,64,unseen,20.4359,13.2577,0.6487,,
mp-29344,LiGaCl3,40,unseen,13.7558,6.9046,0.5019,,
mp-29565,PrSiPd,24,unseen,97.1313,46.084,0.4745,,
mp-29694,KAuBr4,24,unseen,9.3329,3.5686,0.3824,,
mp-29752,NiGePt2,32,train,202.4678,60.0353,0.2965,196.0,59.0
mp-29785,Zr2(V2Sb3)3,34,unseen,108.8158,55.9449,0.5141,,
mp-29820,Ca3(AlN2)2,72,unseen,100.3845,58.9255,0.587,,
mp-29943,H5NO5,88,unseen,16.0376,7.8926,0.4921,,
mp-29972,Nd2P3Au,24,unseen,78.9267,35.6949,0.4523,,
mp-30009,KrF2,6,unseen,8.0975,7.7915,0.9622,,
mp-30097,Bi2Te7Cl8,34,unseen,8.9705,5.9052,0.6583,,
mp-30140,BeI2,96,unseen,5.8353,4.6787,0.8018,,
mp-30195,HoCuP2,8,unseen,104.8327,55.1778,0.5263,,
mp-30206,CsClO4,24,train,11.6727,4.856,0.416,13.0,5.0
mp-3035,Ce(FeSi)2,10,train,143.3522,77.0912,0.5378,144.0,76.0
mp-30364,BaAu5,6,train,77.1338,18.8693,0.2446,76.0,14.0
mp-30390,HoSnAu,12,unseen,86.1997,39.2554,0.4554,,
mp-30403,Li2PbAu,16,train,60.8743,41.0356,0.6741,58.0,41.0
mp-30494,ScCd3,8,train,60.2024,26.8722,0.4464,61.0,27.0
mp-30497,TbCd2,3,train,57.7205,33.2451,0.576,56.0,32.0
mp-30506,CeHg2,3,train,59.4114,30.3453,0.5108,56.0,29.0
mp-30527,TaS3,24,unseen,25.3708,13.827,0.545,,
mp-3053,DyAlNi,9,train,101.7726,33.1432,0.3257,100.0,33.0
mp-30606,DyInPd2,16,unseen,101.0697,26.4988,0.2622,,
mp-30626,DyZn3,16,unseen,74.1941,38.7536,0.5223,,
mp-30703,Hf11Ga10,84,unseen,121.9812,67.5515,0.5538,,
mp-30815,LaAl3Pd2,6,train,114.3902,51.1344,0.447,117.0,49.0
mp-30819,LiAl2Pt,16,train,125.1125,54.7954,0.438,127.0,54.0
mp-30874,Th5Sn4,18,unseen,82.2439,30.3351,0.3688,,
mp-30905,Ba3(BN2)2,36,unseen,48.4996,19.0268,0.3923,,
mp-3097,Tb(SiRh)2,10,train,157.1566,90.6774,0.577,157.0,90.0
mp-30989,Sn(NO3)4,68,unseen,21.1497,11.8711,0.5613,,
mp-31036,CuTe2Br,16,unseen,12.2828,6.669,0.543,,
mp-31037,CuTe2I,16,unseen,9.5137,6.7925,0.714,,
mp-31094,Tb2FeSi2,20,unseen,80.654,53.5584,0.6641,,
mp-31105,RbBi,32,unseen,19.6238,5.1369,0.2618,,
mp-31117,NdScO3,20,unseen,158.9547,77.9184,0.4902,,
mp-31127,Sr3P4O13,40,unseen,66.4433,33.9964,0.5117,,
mp-31166,DyTlS2,12,unseen,50.8376,27.5308,0.5415,,
mp-31180,DyAl4Ni,24,unseen,94.8889,60.6686,0.6394,,
mp-3120,Tm2Cu2O5,36,unseen,131.0243,56.9586,0.4347,,
mp-31202,Pr(SiAu)2,10,unseen,106.9004,47.9861,0.4489,,
mp-31214,Ti3P,32,unseen,146.739,88.093,0.6003,,
mp-31268,AlBiBr6,16,unseen,5.857,2.4761,0.4228,,
mp-31387,ErGaPd,12,unseen,96.2737,39.722,0.4126,,
mp-31427,ErInNi,9,unseen,87.6038,31.8561,0.3636,,
mp-31449,HoAgPb,6,unseen,67.6076,36.7809,0.544,,
mp-31481,Ca3Ga3Ir2,32,unseen,72.4985,32.0663,0.4423,,
mp-3155,Sc3FeC4,16,train,172.7291,120.4533,0.6974,178.0,120.0
mp-3216,Li2ZrN2,5,test,134.9588,99.3934,0.7365,132.0,113.0
mp-3250,Ni2SbTe2,10,unseen,48.642,29.2127,0.6006,,
mp-32606,Ba3P2,80,unseen,29.0422,17.0717,0.5878,,
mp-32697,Y10H21,31,unseen,76.2,56.777,0.7451,,
mp-333,HfFe2,24,train,162.5686,82.7487,0.509,162.0,82.0
mp-3359,Ba2SnO4,14,val,96.6601,52.1608,0.5396,96.0,52.0
mp-33708,Mn(FeO2)2,28,train,166.6286,62.168,0.3731,162.0,63.0
mp-34034,Ba8P5Br,28,unseen,30.3843,16.0465,0.5281,,
mp-34175,Ce2CdSe4,28,unseen,54.1159,26.3701,0.4873,,
mp-3433,YMgNi4,24,val,128.0657,56.5867,0.4419,123.0,56.0
mp-34580,Er3Pb4F17,48,unseen,88.9986,33.5707,0.3772,,
mp-3470,MgSiO3,40,train,92.5022,69.2372,0.7485,96.0,67.0
mp-34982,Ag3AuS2,6,unseen,42.3496,9.8846,0.2334,,
mp-35071,InAgSe2,16,unseen,64.4214,21.2908,0.3305,,
mp-35205,LiErSe2,16,unseen,46.4883,28.0893,0.6042,,
mp-3536,MgAl2O4,56,train,181.7466,97.7573,0.5379,180.0,96.0
mp-3538,Hg3TeO6,160,unseen,41.8421,22.8983,0.5473,,
mp-35555,LaOF,12,unseen,110.8256,55.2793,0.4988,,
mp-35909,AgBiI4,24,unseen,3.3158,2.5157,0.7587,,
mp-36383,Ag3(PO4)2,39,unseen,59.8972,23.2439,0.3881,,
mp-36508,SnHgF6,24,train,21.5326,13.5824,0.6308,3.0,13.0
mp-3689,NdCo4B,12,train,148.8743,65.3351,0.4389,150.0,64.0
mp-37091,Sr(AlTe2)2,14,train,22.509,14.081,0.6256,23.0,14.0
mp-3710,HoBRh3,5,train,183.8646,86.6119,0.4711,183.0,85.0
mp-38011,KHS,9,unseen,14.3397,8.063,0.5623,,
mp-38212,Ta2TlO6,36,unseen,163.5856,91.7914,0.5611,,
mp-38220,RbNO3,30,unseen,12.2742,5.6784,0.4626,,
mp-38322,Mg(IO3)2,18,unseen,24.0934,24.3189,1.0094,,
mp-38327,Ca(TbS2)2,28,unseen,72.7375,34.1334,0.4693,,
mp-38725,NaBH4,12,train,15.2762,12.0882,0.7913,19.0,10.0
mp-38856,Mn2FeO4,28,unseen,152.944,56.9589,0.3724,,
mp-3915,BaHgO2,12,unseen,53.3141,16.6011,0.3114,,
mp-3927,CaAsAu,6,test,62.9278,30.1276,0.4788,57.0,26.0
mp-399,Te2Pt,3,test,48.5733,29.3083,0.6034,49.0,28.0
mp-39995,SrNbFeO6,18,unseen,176.5556,90.0374,0.51,,
mp-4008,ZnGeAs2,16,train,61.8132,37.9616,0.6141,61.0,37.0
mp-4172,Na5GeP3,36,unseen,29.0172,17.0356,0.5871,,
mp-4180,Ca2SiO4,28,train,97.1918,47.6553,0.4903,96.0,48.0
mp-4192,Ca3AsN,20,test,59.0136,44.0866,0.7471,60.0,45.0
mp-4284,Ho2CdSe4,56,unseen,59.6386,20.6297,0.3459,,
mp-429,ZnNi,2,train,148.7075,62.5072,0.4203,146.0,63.0
mp-4309,BaGa4S7,24,unseen,31.3915,16.4153,0.5229,,
mp-4342,KNbO3,5,val,111.4673,71.0465,0.6374,103.0,41.0
mp-4366,Na2PtC2,5,train,52.5416,24.0983,0.4587,52.0,24.0
mp-4481,Ca2SiO4,28,train,90.3812,49.8606,0.5517,90.0,49.0
mp-4591,SrNb2O6,36,unseen,109.0793,51.4053,0.4713,,
mp-4609,HfSiO4,24,unseen,195.9931,87.5044,0.4465,,
mp-4624,TaBO4,24,unseen,222.271,109.8236,0.4941,,
mp-4636,ScCuO2,12,val,136.4614,47.8526,0.3507,135.0,46.0
mp-4638,TlCrTe2,4,unseen,33.8796,15.9607,0.4711,,
mp-4652,MnRh2Pb,16,train,104.8134,46.9326,0.4478,107.0,47.0
mp-466,Nb2F5,42,unseen,73.979,46.0724,0.6228,,
mp-4721,RbSb3Se5,36,unseen,13.8784,5.6314,0.4058,,
mp-4771,TiAlCu2,16,train,133.7148,61.6727,0.4612,134.0,62.0
mp-4992,ScCrC2,8,test,187.5736,131.7996,0.7027,209.0,133.0
mp-504151,LiBi2(PO4)3,36,unseen,48.3483,26.948,0.5574,,
mp-504828,NdH12(NO5)3,62,unseen,33.6644,14.9859,0.4452,,
mp-505110,FeCuO2,8,train,148.1002,51.1777,0.3456,144.0,50.0
mp-505132,Ta3Te14Pd3,40,unseen,19.0661,13.7037,0.7187,,
mp-505391,Li6CoCl8,60,unseen,29.535,15.7867,0.5345,,
mp-5054,Pr(CoP)2,10,unseen,97.3315,82.09,0.8434,,
mp-505443,Na3(FeSe2)2,36,unseen,31.8412,11.4502,0.3596,,
mp-505540,TiAsRh,12,train,178.0331,75.9804,0.4268,178.0,76.0
mp-5076,SrZrO3,20,train,147.5708,87.7798,0.5948,144.0,87.0
mp-510283,CsGaSe3,20,unseen,10.5557,6.668,0.6317,,
mp-510341,Cs3Ge4Au,16,unseen,17.7976,11.8562,0.6662,,
mp-510404,GdSe,8,train,76.9616,36.5306,0.4747,90.0,37.0
mp-510430,Li13In3,128,val,20.4369,13.3749,0.6544,23.0,17.0
mp-510521,Y5Ga3,16,unseen,56.3309,32.4616,0.5763,,
mp-5112,Pr(CoSi)2,10,train,113.6305,84.9362,0.7475,118.0,85.0
mp-5122,Na3AlP2,24,train,29.1818,16.8639,0.5779,28.0,16.0
mp-530379,Tb2TiO5,64,unseen,139.833,62.1592,0.4445,,
mp-531265,Ca3(BN2)2,54,unseen,83.024,36.1115,0.435,,
mp-532091,Na26In4O19,196,unseen,46.9068,22.7087,0.4841,,
mp-5396,MnCo2Sb,16,train,150.0916,73.3158,0.4885,150.0,73.0
mp-5400,Th(CrSi)2,10,train,143.8872,39.4585,0.2742,146.0,40.0
mp-540118,MnPO4,24,unseen,17.4627,9.9795,0.5715,,
mp-540267,CrP2O7,20,unseen,65.6978,45.904,0.6987,,
mp-540634,TaTl(GeO3)3,28,unseen,53.3871,30.9449,0.5796,,
mp-540795,Ba3SrTa2O9,30,unseen,91.8651,43.215,0.4704,,
mp-540877,La3InS6,40,unseen,65.4515,33.4351,0.5108,,
mp-541090,Ce(SeO3)2,36,unseen,42.4803,28.2836,0.6658,,
mp-541282,KZr2(AsO4)3,108,unseen,87.6203,34.1712,0.39,,
mp-541324,Sr2ErGaCu2O7,52,unseen,98.701,48.2771,0.4891,,
mp-541482,BaCeC2O6F,66,unseen,72.6694,29.8588,0.4109,,
mp-541513,NaGdTiO4,28,unseen,107.729,51.2252,0.4755,,
mp-541568,Sr2Li3NbN4,40,unseen,75.2455,44.2353,0.5879,,
mp-541593,ZrPb2F8,44,unseen,56.6881,23.1143,0.4077,,
mp-541640,Nd4Os6O19,58,unseen,180.9345,84.038,0.4645,,
mp-541654,ReSbOF9,48,unseen,5.095,2.8013,0.5498,,
mp-541811,Cs6K3GaSb4,28,unseen,12.3244,8.9122,0.7231,,
mp-542021,Sc2CrB2Rh5,20,unseen,187.8127,88.771,0.4727,,
mp-542031,CrPbO4,24,unseen,37.4667,17.5711,0.469,,
mp-542199,Ag4HgGe2S7,56,unseen,32.6802,11.3656,0.3478,,
mp-542429,Mg3Rh,24,train,64.8738,27.7235,0.4273,66.0,27.0
mp-542458,Ce2Zn17,57,unseen,77.7391,43.4491,0.5589,,
mp-542583,EuTe,8,val,37.2368,22.0048,0.5909,33.0,23.0
mp-542739,Co21(SnB3)2,116,unseen,209.0054,85.6301,0.4097,,
mp-542748,Ho3Ge5,64,unseen,77.1759,43.282,0.5608,,
mp-542992,DyGa3Ni2,18,unseen,109.965,50.8693,0.4626,,
mp-546546,SiO2,27,train,76.6531,36.6196,0.4777,83.0,38.0
mp-546633,KClO4,24,train,40.5939,10.1803,0.2508,46.0,8.0
mp-5501,Tl(CoS)2,10,train,56.7685,23.9431,0.4218,56.0,24.0
mp-551918,AlBiO3,30,train,123.3372,71.8757,0.5828,128.0,71.0
mp-553981,RbMnF4,24,unseen,32.9456,21.0695,0.6395,,
mp-554053,SrGaBO4,56,unseen,68.0558,23.1801,0.3406,,
mp-554058,K3NdH6(C2O5)3,62,unseen,35.6821,11.3827,0.319,,
mp-554310,TlBiS2,12,unseen,39.555,14.9622,0.3783,,
mp-554311,RbCrF6,24,unseen,27.479,12.0129,0.4372,,
mp-554352,Ba2CuF6,18,train,56.0021,25.5913,0.457,58.0,24.0
mp-554442,LiAuF4,24,unseen,28.8773,14.3304,0.4963,,
mp-554445,Bi5IO7,104,unseen,37.4271,22.3628,0.5975,,
mp-554572,K3NbP2O9,60,unseen,52.3505,23.2831,0.4448,,
mp-5546,Cu8GeS6,30,unseen,73.8173,29.121,0.3945,,
mp-554601,RbCuF3,5,test,67.6708,32.658,0.4826,64.0,30.0
mp-554769,MoSBr,48,val,38.257,27.1343,0.7093,56.0,29.0
mp-554858,Cs2NaMnF6,60,unseen,26.2022,18.2954,0.6982,,
mp-554923,Sr(GaO2)2,56,unseen,79.4554,41.1181,0.5175,,
mp-554929,CsNdNb2O7,22,unseen,82.3119,42.6221,0.5178,,
mp-555002,LiEr2S2O8F3,64,unseen,86.5146,41.0182,0.4741,,
mp-555073,La3As2ClO7,52,unseen,71.1675,27.1583,0.3816,,
mp-555144,BaAlF5,56,unseen,47.8975,22.9345,0.4788,,
mp-555160,CsYSeCl2O3,32,unseen,27.2495,11.6222,0.4265,,
mp-555237,PrSClO4,28,unseen,64.8773,21.4606,0.3308,,
mp-555390,TcO3F,20,unseen,6.7414,7.4826,1.11,,
mp-555526,RbAg(NO3)2,40,unseen,24.72,6.6812,0.2703,,
mp-555543,ZnS,48,unseen,70.5963,33.7345,0.4779,,
mp-555792,Na(OsO3)2,72,unseen,131.9417,75.1415,0.5695,,
mp-555797,Zn4As2O9,120,unseen,101.3709,29.7417,0.2934,,
mp-555800,La2Si2O7,132,unseen,105.8908,48.4663,0.4577,,
mp-555812,NaSr3BiO6,66,unseen,85.0049,46.261,0.5442,,
mp-555914,K2CaP2O7,48,unseen,56.4236,28.7467,0.5095,,
mp-555935,Ta2S,36,unseen,131.4092,48.7967,0.3713,,
mp-555976,Na2TiSiO5,36,unseen,64.9491,42.3194,0.6516,,
mp-556079,Eu(IO3)3,52,unseen,25.0797,16.4411,0.6556,,
mp-556151,H9C3N3O2,68,unseen,18.2585,8.9427,0.4898,,
mp-556171,CdP2Xe5F22,120,unseen,10.7479,6.8864,0.6407,,
mp-556194,SrSbSe2F,10,train,44.9203,15.6137,0.3476,44.0,16.0
mp-556234,Rb3Sb5O14,88,unseen,82.1605,44.4978,0.5416,,
mp-556258,Na3BeAl(SiO4)2,30,unseen,81.7212,38.4053,0.47,,
mp-556374,K2U3(IO5)4,29,unseen,35.4849,19.6508,0.5538,,
mp-556393,RbBe4(BO3)3,68,unseen,70.0033,71.645,1.0235,,
mp-556407,Ba3Bi2TeO9,30,unseen,104.9019,37.4147,0.3567,,
mp-556414,CsTmSeCl2O3,32,unseen,26.2429,11.5644,0.4407,,
mp-556522,K3Cu2(BiS2)5,40,unseen,33.2726,16.9416,0.5092,,
mp-5566,KCuF3,5,train,69.9737,30.7455,0.4394,57.0,25.0
mp-556754,Ti3O5,32,unseen,194.4719,67.4022,0.3466,,
mp-556814,LiNdGeO4,28,unseen,110.1508,59.6725,0.5417,,
mp-556850,BaMnF4,24,unseen,46.7997,24.1165,0.5153,,
mp-556894,Rb2SbAuS4,32,unseen,9.8798,4.7725,0.4831,,
mp-556934,KNaSiF6,36,unseen,32.1319,12.7684,0.3974,,
mp-556961,SiO2,24,train,22.7063,35.1183,1.5466,25.0,31.0
mp-557025,K2SeO4,84,unseen,32.873,12.4043,0.3773,,
mp-557071,KBi6ClO9,272,unseen,39.7801,19.6159,0.4931,,
mp-557134,SiO2,24,unseen,55.8756,40.0634,0.717,,
mp-557183,KNaZnO2,20,unseen,50.2278,12.2606,0.2441,,
mp-557269,Ba2Hg3(PdO2)7,52,unseen,84.4352,24.8218,0.294,,
mp-557308,ZnS,20,unseen,70.6872,33.6574,0.4761,,
mp-557560,LiH4SNO4,44,unseen,23.0332,13.2294,0.5744,,
mp-557635,Sb2TeSeF10,112,unseen,10.0944,5.4864,0.5435,,
mp-557692,Ba3Tl2Cl2O5,24,unseen,43.747,18.8707,0.4314,,
mp-557722,LaSO,24,unseen,74.1139,33.8073,0.4562,,
mp-557737,Al2BiS4,28,unseen,17.8428,15.0599,0.844,,
mp-557840,NaLa(SO4)2,24,unseen,65.0105,27.5941,0.4245,,
mp-558025,SiO2,108,unseen,64.2087,36.7547,0.5724,,
mp-558087,Na2Ca3(Si3O8)2,54,unseen,67.0457,35.3084,0.5266,,
mp-558105,LiB6O9F,68,unseen,36.3577,23.4733,0.6456,,
mp-558108,U3Tl2(IO5)4,29,unseen,24.3506,18.2378,0.749,,
mp-558114,Sr4NbAlO8,56,unseen,93.2579,43.0384,0.4615,,
mp-558131,Sm2Tc2O7,88,unseen,170.077,74.9827,0.4409,,
mp-558169,NaCaAlF6,72,unseen,54.3461,28.4778,0.524,,
mp-558200,SiO2,24,unseen,72.6798,39.2713,0.5403,,
mp-558257,DySeClO3,24,unseen,54.1795,16.8145,0.3103,,
mp-558373,PrNb3O9,52,unseen,117.9984,57.806,0.4899,,
mp-558518,K(NiS)2,10,train,30.2199,20.8044,0.6884,30.0,21.0
mp-558543,Ca(CO2)2,28,unseen,52.2134,18.6166,0.3565,,
mp-558624,Ba3LaRu2O9,30,unseen,120.7374,46.1884,0.3826,,
mp-558781,ScTaO4,12,train,176.6921,73.8638,0.418,177.0,72.0
mp-558807,ZnAgPS4,28,unseen,37.0337,14.3953,0.3887,,
mp-559,YPd3,4,val,127.9183,51.7815,0.4048,126.0,56.0
mp-559139,H8C3N2O,56,unseen,18.0981,9.5042,0.5252,,
mp-559145,AlPO4,144,unseen,64.9588,25.937,0.3993,,
mp-559212,RbReSO3,24,unseen,12.8055,6.6077,0.516,,
mp-559304,Er2Te5O13,40,unseen,51.4678,27.6616,0.5375,,
mp-559347,SiO2,48,unseen,70.5322,32.7004,0.4636,,
mp-559756,PrScO3,20,unseen,152.7554,75.9163,0.497,,
mp-559998,Cs(OsO3)2,72,train,133.2701,82.1339,0.6163,133.0,83.0
mp-560132,Nd2SiO5,32,unseen,114.0355,53.1227,0.4658,,
mp-5602,Cr2HgSe4,56,unseen,63.7368,25.0693,0.3933,,
mp-560247,Li2Ca2Si5O13,44,unseen,79.4232,46.8256,0.5896,,
mp-560293,LiLa5Ti8O24,38,unseen,166.6514,79.4282,0.4766,,
mp-560329,Ce2Zr2O7,88,unseen,157.3849,79.0648,0.5024,,
mp-560407,KNbSi2O7,44,unseen,69.1084,36.913,0.5341,,
mp-560449,K3Ni2F7,24,unseen,51.8213,34.1505,0.659,,
mp-560549,AuSeClO3,24,unseen,6.8968,6.9126,1.0023,,
mp-560731,Ba2Ti9O20,124,unseen,141.8781,68.2253,0.4809,,
mp-560799,NaNdH2S2O9,45,unseen,53.1504,27.704,0.5212,,
mp-561200,Na3MnF6,20,unseen,41.7071,23.4852,0.5631,,
mp-561313,Si2Ag6O7,30,unseen,70.8598,17.8784,0.2523,,
mp-561462,Ba2Nd2Si4O13,42,unseen,86.4414,40.6016,0.4697,,
mp-561531,Y2Si2O7,22,unseen,124.9942,57.6152,0.4609,,
mp-561751,CsErS2,12,train,42.2729,26.3916,0.6243,41.0,26.0
mp-561974,Zr7(NO2)4,19,unseen,185.6301,77.2891,0.4164,,
mp-565428,Mn4Bi3NO15,23,unseen,49.371,27.9879,0.5669,,
mp-567220,Hf2SbP,8,train,122.9695,69.2712,0.5633,124.0,70.0
mp-567329,CrHg6As4Br7,72,unseen,18.1294,10.3215,0.5693,,
mp-567412,Y5Sn3,16,test,61.7892,33.6393,0.5444,62.0,44.0
mp-567515,Rb2Hg2PdBr8,26,unseen,10.0692,4.978,0.4944,,
mp-567629,CsPbBr3,20,train,17.0392,7.566,0.444,18.0,7.0
mp-567680,BaCl2,9,unseen,29.2358,13.713,0.469,,
mp-5677,Tb(MnSi)2,10,unseen,122.5867,76.9375,0.6276,,
mp-567716,AlTlCl4,24,unseen,7.9196,4.2831,0.5408,,
mp-568020,Tl3SiTe3,28,unseen,19.5474,8.4409,0.4318,,
mp-568158,Nd2Fe23B3,224,unseen,131.9895,73.476,0.5567,,
mp-568337,ThRh2,6,val,161.7849,40.6023,0.251,170.0,35.0
mp-568371,Tm(SiRu)2,10,train,155.116,76.5296,0.4934,154.0,77.0
mp-568469,Ca4TiN4,18,test,89.0984,45.8157,0.5142,90.0,43.0
mp-568488,Mo15Se19,204,unseen,35.7714,16.3666,0.4575,,
mp-568493,In3SnI5,36,unseen,8.5005,5.6914,0.6695,,
mp-568703,Pr(NiSb)2,10,unseen,87.5123,29.444,0.3365,,
mp-568769,LaCo2,24,unseen,106.8365,16.0928,0.1506,,
mp-568841,Np3Te4,28,unseen,71.6919,29.6052,0.413,,
mp-568924,PrB2Rh2C,12,unseen,197.5132,51.4077,0.2603,,
mp-569026,Nb10Se40I3,106,unseen,12.3764,9.2324,0.746,,
mp-569257,Ca3(B3Rh4)2,68,unseen,156.3604,88.1807,0.564,,
mp-569275,Nd2WC2,20,unseen,117.1727,59.7854,0.5102,,
mp-569298,Ca(CoAs)2,10,val,75.3672,52.9603,0.7027,83.0,47.0
mp-569364,Be22Re,184,train,139.9877,152.7524,1.0912,137.0,152.0
mp-569775,ZrAl3,4,val,102.3569,77.39,0.7561,100.0,64.0
mp-569812,BaN3Cl,10,unseen,43.4643,14.2761,0.3285,,
mp-570005,SbBr3,16,unseen,2.5149,1.3716,0.5454,,
mp-570058,Eu(GeIr)2,10,unseen,112.2479,62.468,0.5565,,
mp-570163,Tm4Mn4Sn7,60,unseen,79.5819,48.8482,0.6138,,
mp-570166,Zr6Si7Ni16,116,unseen,181.2352,92.1051,0.5082,,
mp-570167,Rb3SnP3Se11,72,unseen,10.5904,6.1389,0.5797,,
mp-570198,Ba(ZnAs)2,10,train,49.5863,23.8678,0.4813,48.0,23.0
mp-570236,Pr(PRu)2,10,unseen,107.9263,81.1565,0.752,,
mp-570292,La7Os4C9,40,unseen,107.3296,41.2274,0.3841,,
mp-570537,Ce2Br3N,96,unseen,21.6372,13.2983,0.6146,,
mp-570608,ZrCr2,24,unseen,182.7106,56.8175,0.311,,
mp-570765,YMg4Cu,48,unseen,46.498,23.3779,0.5028,,
mp-570784,Hf2Al3C4,18,test,196.1871,146.8749,0.7486,197.0,156.0
mp-570801,Y3(Ge3Pt2)2,26,unseen,115.0522,45.8924,0.3989,,
mp-570811,PrRe2,24,train,175.2946,9.7614,0.0557,178.0,10.0
mp-570844,Ga3Os,16,unseen,126.4259,75.6322,0.5982,,
mp-571059,YCd3,16,train,56.4045,17.9815,0.3188,55.0,19.0
mp-571164,Rb3AgSn3Se8,30,unseen,20.948,8.7736,0.4188,,
mp-571228,Rb5Sn(PSe5)3,48,unseen,10.9535,6.0319,0.5507,,
mp-571230,Dy4InRh,96,unseen,58.4362,22.1477,0.379,,
mp-571310,ZrInPt2,16,train,160.0025,18.3881,0.1149,161.0,18.0
mp-571381,Tb2AlGe3,24,unseen,73.8538,45.6182,0.6177,,
mp-571467,Cs2NaYBr6,40,train,25.1847,12.1125,0.4809,38.0,12.0
mp-571647,La2PI2,5,unseen,25.3026,22.7259,0.8982,,
mp-572,SmCd,2,train,48.6654,18.1201,0.3723,52.0,18.0
mp-572149,Cs2Al(NO3)5,69,unseen,15.2074,9.7441,0.6407,,
mp-573316,CsPt2Se3,36,val,21.2989,9.5485,0.4483,23.0,12.0
mp-573471,Li17Sn4,420,unseen,25.8719,22.9424,0.8868,,
mp-580,PuB2,3,train,151.3674,145.3049,0.9599,139.0,144.0
mp-581173,Cs10Si7O9,104,unseen,25.8562,12.6147,0.4879,,
mp-600002,SiO2,24,unseen,63.5535,29.6335,0.4663,,
mp-601420,Ce(SiAu2)2,28,unseen,139.384,37.3473,0.2679,,
mp-601842,Fe9Co7,16,train,185.9128,96.1934,0.5174,190.0,97.0
mp-603414,Rb2TeH6SeO10,80,unseen,30.4559,12.442,0.4085,,
mp-604996,CuH12N2(Cl2O)2,42,unseen,11.8554,7.2487,0.6114,,
mp-605809,Ba11In6O3,80,unseen,27.9528,18.877,0.6753,,
mp-607138,Sc5Bi3,32,unseen,60.7742,36.2543,0.5965,,
mp-607437,Na2In5Au6,39,unseen,62.0667,19.5424,0.3149,,
mp-6081,Ba2Ti(SiO4)2,26,unseen,69.6799,40.6446,0.5833,,
mp-6090,Na2Cu(CO3)2,22,unseen,40.5382,15.5703,0.3841,,
mp-6097,Li3Al(BO3)2,24,unseen,72.0571,38.5593,0.5351,,
mp-6101,Ba3Nb6(Si2O13)2,39,unseen,124.5758,63.159,0.507,,
mp-615760,Ba5(InSb3)2,26,unseen,29.7975,17.5218,0.588,,
mp-6160,Rb2PO3F,28,unseen,26.2919,13.1349,0.4996,,
mp-616461,Na2ZnCl4,28,unseen,18.5401,7.4101,0.3997,,
mp-618177,K2ZnCl4,28,unseen,12.2525,6.8128,0.556,,
mp-6183,Ba2PrRuO6,20,unseen,104.5693,39.383,0.3766,,
mp-619,UB4,20,unseen,198.9639,188.7981,0.9489,,
mp-619126,Ba2TlCuHgO5,20,unseen,66.9499,30.1879,0.4509,,
mp-619128,V6PbO11,36,unseen,149.2009,65.004,0.4357,,
mp-619545,CuMoO4,36,unseen,67.4983,23.3398,0.3458,,
mp-620290,Sr2TlCuO5,9,train,83.3497,53.3247,0.6398,81.0,54.0
mp-621112,Cs5Nb2S4Cl9,40,unseen,14.2592,7.1005,0.498,,
mp-622213,GeS2,96,unseen,10.5365,7.7827,0.7386,,
mp-622262,Te6MoBr3,40,unseen,11.9869,5.7487,0.4796,,
mp-6224,LiScSiO4,28,unseen,106.3128,67.4531,0.6345,,
mp-622521,BaNd2(MoO4)4,92,unseen,65.8791,25.9806,0.3944,,
mp-622848,Sm2Ga9Ru5,32,unseen,129.6161,71.8737,0.5545,,
mp-624399,CdI2,27,unseen,4.7089,3.018,0.6409,,
mp-624928,KEu(CuTe2)2,8,unseen,35.6401,16.0486,0.4503,,
mp-625054,AlHO2,16,unseen,111.3825,51.316,0.4607,,
mp-625391,NaH3O2,48,unseen,34.8419,12.7339,0.3655,,
mp-625487,Zn(HO)2,5,train,47.7995,27.1588,0.5682,46.0,27.0
mp-626448,H4SO5,40,unseen,19.9955,11.9776,0.599,,
mp-626529,H7NO6,56,unseen,14.4685,6.2245,0.4302,,
mp-626558,Ti3H2O7,48,unseen,91.5323,33.3863,0.3647,,
mp-628185,K3NaSn3Se8,30,unseen,20.152,8.6744,0.4304,,
mp-631280,MnTcOs,12,unseen,286.5748,118.2418,0.4126,,
mp-631395,CaTaTc,12,unseen,119.9897,34.9334,0.2911,,
mp-631399,OsPtCl2,16,unseen,139.5323,14.0168,0.1005,,
mp-631421,CrGaTe,12,unseen,56.2915,25.6431,0.4555,,
mp-631427,CuIrBr,12,unseen,107.847,26.8316,0.2488,,
mp-631536,KBIr2,16,unseen,198.5332,91.9239,0.463,,
mp-631543,AlInB,12,unseen,80.4243,43.9333,0.5463,,
mp-631637,Mg2PbW,16,unseen,62.2949,24.1261,0.3873,,
mp-631674,LaRe2Ag,16,unseen,145.9593,21.7404,0.1489,,
mp-6330,RbUN3O11,96,unseen,21.3131,13.8123,0.6481,,
mp-636334,SnRh2,12,test,173.6934,54.8499,0.3158,177.0,55.0
mp-636383,Ba4Sm2Cu2O9,34,unseen,80.5805,37.71,0.468,,
mp-636519,Ni(RhO2)2,28,unseen,186.5953,63.3678,0.3396,,
mp-6392,NaBePO4,84,unseen,55.5018,39.3992,0.7099,,
mp-639480,SiO2,54,unseen,71.483,40.6225,0.5683,,
mp-642725,CaHClO,8,unseen,36.7697,18.243,0.4961,,
mp-642845,Rb3H5Pt,18,unseen,14.3528,10.5845,0.7375,,
mp-643264,BaMg2FeH8,12,val,49.7874,36.9179,0.7415,54.0,39.0
mp-643907,Zr2FeH5,32,unseen,132.1403,49.9571,0.3781,,
mp-644334,K2CoH4(SeO5)2,19,unseen,35.9395,15.3169,0.4262,,
mp-6450,K2LiAlP2,24,unseen,24.8809,18.3433,0.7372,,
mp-646192,NaCrF6,32,unseen,33.0992,20.6997,0.6254,,
mp-646670,Ba2Co4ClO7,84,unseen,90.5758,37.7046,0.4163,,
mp-647557,ZrPbO3,40,val,118.1004,44.0045,0.3726,113.0,62.0
mp-647575,K2ZnCl4,84,unseen,12.9436,6.7329,0.5202,,
mp-648469,SbP2SN3Cl10,68,unseen,9.5056,3.8079,0.4006,,
mp-650031,La4(GeS4)3,114,unseen,49.1763,16.5239,0.336,,
mp-650336,PCN2Cl3,84,unseen,13.71,7.1079,0.5184,,
mp-6521,LiLaTiO4,14,train,119.3551,56.7047,0.4751,120.0,56.0
mp-652776,Rb2V(PO4)2,52,unseen,25.2235,13.7539,0.5453,,
mp-6565,Li3Sc2(PO4)3,80,unseen,91.477,44.3575,0.4849,,
mp-6568,BaCa(CO3)2,20,unseen,64.6916,26.6048,0.4113,,
mp-662810,Na5Lu(SiO3)4,396,unseen,72.2202,36.1082,0.5,,
mp-6652,KZn4(BO3)3,34,unseen,65.5922,17.5454,0.2675,,
mp-6663,NaLiGe4O9,60,unseen,80.4794,47.3333,0.5881,,
mp-6680,RbCa2Ta3O10,16,unseen,98.6908,63.6574,0.645,,
mp-669361,Cu2BiAsO6,40,unseen,78.5927,31.5331,0.4012,,
mp-669554,Mn3SiNi2,96,unseen,170.3303,80.5922,0.4732,,
mp-6711,Na3Li3Al2F12,160,unseen,51.8468,24.4506,0.4716,,
mp-671913,MoSe2Cl4O,64,unseen,3.6726,1.6169,0.4403,,
mp-672195,CeAgAs2,32,train,80.0707,44.0194,0.5498,83.0,44.0
mp-672228,TiAs2,24,unseen,99.4844,66.6005,0.6695,,
mp-672240,TbNi,24,unseen,70.9723,25.3708,0.3575,,
mp-672334,Sr4GaCN5,44,unseen,67.3802,30.3542,0.4505,,
mp-672976,LiSn(PO3)3,56,unseen,42.4481,17.817,0.4197,,
mp-673070,LiNb(PO4)2,24,unseen,81.0403,35.3537,0.4362,,
mp-674373,Rb2U2O7,22,unseen,76.1091,29.299,0.385,,
mp-674456,Zr10HN8,19,unseen,220.1748,142.62,0.6478,,
mp-674514,In5CuS8,56,unseen,66.2399,24.7534,0.3737,,
mp-675146,Pr2PbSe4,28,unseen,51.6954,23.7511,0.4594,,
mp-675287,CsCuCl3,10,unseen,12.4503,5.1254,0.4117,,
mp-675590,Cu6BiS6,13,unseen,66.1523,19.7773,0.299,,
mp-675691,Ni2RhS4,28,unseen,118.1271,46.5385,0.394,,
mp-675750,Ca(Ga3Te5)2,68,unseen,23.2361,12.9669,0.558,,
mp-675881,RbBiF4,18,unseen,34.8117,15.2497,0.4381,,
mp-676,CaN6,56,train,51.7762,26.0822,0.5037,45.0,22.0
mp-676106,NdZr9O20,30,unseen,208.8656,90.7697,0.4346,,
mp-676230,U2Bi2O7,22,unseen,136.3957,58.7977,0.4311,,
mp-676300,Sc3NbO7,22,unseen,173.9924,76.6321,0.4404,,
mp-676348,NbAg7S6,14,unseen,47.9072,10.7655,0.2247,,
mp-676804,Ho3TaO7,22,unseen,143.6226,60.038,0.418,,
mp-677073,K2I2O3,14,unseen,17.0825,9.4668,0.5542,,
mp-677371,Sr4LaCl11,32,unseen,32.3641,12.9403,0.3998,,
mp-6803,Sr3Pr2(BO3)4,84,unseen,91.0702,37.7042,0.414,,
mp-6815,Ti2Cu(PO5)2,30,unseen,82.3201,37.0308,0.4498,,
mp-682548,Cs5Te3H4NCl18,31,unseen,5.8044,4.0706,0.7013,,
mp-684539,Li3Sb2(PO4)3,80,unseen,56.0605,26.4101,0.4711,,
mp-684621,Cu13I15,56,unseen,30.5593,11.0065,0.3602,,
mp-685048,Ag2Te,21,unseen,46.8118,13.075,0.2793,,
mp-685195,SrLaTl(AsO4)2,39,unseen,71.5634,27.3539,0.3822,,
mp-686015,Ca3(PO4)2,273,unseen,76.201,36.1897,0.4749,,
mp-686949,ThCr(IO5)2,56,unseen,38.1592,22.1901,0.5815,,
mp-690460,BaLa2Mn3O9,30,unseen,146.9747,73.2169,0.4982,,
mp-690525,MnCO3,20,unseen,77.2411,38.7218,0.5013,,
mp-690530,Li2Co4O5,66,unseen,125.5714,47.8968,0.3814,,
mp-690560,TiTlWO5F,36,unseen,82.0438,47.2861,0.5764,,
mp-691,SnSe,8,val,14.776,15.0622,1.0194,24.0,15.0
mp-6950,BaSb3,16,unseen,25.2717,15.6361,0.6187,,
mp-695982,BaNaP3(HO2)6,46,unseen,36.1347,18.8705,0.5222,,
mp-696114,CoCl2,3,train,10.1251,3.9876,0.3938,10.0,4.0
mp-696216,HS3N,40,unseen,0.444,7.0278,15.8293,,
mp-696387,CaMg2H24(ClO2)6,135,unseen,23.5087,10.5179,0.4474,,
mp-696851,ZnH12C2S2(N3O4)2,124,unseen,21.9382,12.139,0.5533,,
mp-697278,NaCaAlH2OF6,48,unseen,62.5481,29.6197,0.4736,,
mp-697701,LaP3H8O7,38,unseen,46.5496,25.3313,0.5442,,
mp-697774,Li2Cr(PO4)2,52,unseen,79.2929,52.1731,0.658,,
mp-697878,KCo2H3(SeO5)2,36,unseen,25.7509,10.4167,0.4045,,
mp-698160,Al3P2H14(O5F)3,74,unseen,57.7862,32.5599,0.5635,,
mp-6984,K2SiAs2,20,unseen,25.4177,11.4619,0.4509,,
mp-698610,Rb(WO3)6,50,unseen,122.8759,90.721,0.7383,,
mp-698644,Tm2PbS4,56,unseen,47.1523,22.7261,0.482,,
mp-699552,KMoCl4O,56,unseen,12.091,5.2132,0.4312,,
mp-7003,CePPd,6,test,104.4662,43.0373,0.412,105.0,52.0
mp-7006,SrNbO3,5,train,178.6042,81.5967,0.4569,173.0,81.0
mp-702,CeHg,2,unseen,50.2991,12.31,0.2447,,
mp-7027,InBO3,30,train,137.3503,66.709,0.4857,139.0,62.0
mp-703305,Na2PHO4,32,unseen,51.2234,21.7881,0.4254,,
mp-703516,K2TiH2O3F4,48,unseen,38.535,17.7179,0.4598,,
mp-704114,VBi(PbO3)2,80,unseen,36.5053,18.3256,0.502,,
mp-704306,K2U2MoO10,60,unseen,46.7547,23.495,0.5025,,
mp-704600,LiTi4Mn(PO4)6,108,unseen,108.8264,53.812,0.4945,,
mp-705514,SbHC3(NCl3)3,68,unseen,8.4794,4.5127,0.5322,,
mp-706622,PH6(NO)2,44,unseen,22.427,7.3687,0.3286,,
mp-706630,B5H7,96,unseen,14.2415,8.9353,0.6274,,
mp-706653,H8S2N2O5,68,unseen,14.2474,8.0851,0.5675,,
mp-706657,Al13Si5H18ClO38,300,unseen,103.1472,71.6271,0.6944,,
mp-706658,Mg3P2(H22O15)2,79,unseen,34.3554,13.4537,0.3916,,
mp-707368,KP2H8SN7O2,168,unseen,31.7594,15.0023,0.4724,,
mp-711,CeGa6,14,unseen,66.9054,42.997,0.6427,,
mp-7116,Nb3CoS6,20,unseen,94.6927,54.6637,0.5773,,
mp-7140,SiC,4,test,213.0871,188.4089,0.8842,212.0,185.0
mp-7188,Al2Os,6,train,192.7354,141.515,0.7342,191.0,142.0
mp-720287,Na3AsH22S2O13,164,unseen,20.7017,10.3971,0.5022,,
mp-720739,ZnP2H6O5,56,unseen,41.2864,25.7693,0.6242,,
mp-722243,Na2CuH4(C2O5)2,21,unseen,23.9881,10.3418,0.4311,,
mp-722381,CdH4S2O5,48,unseen,39.2545,15.8215,0.403,,
mp-722866,SbH6CN3F4,60,unseen,26.2789,10.5247,0.4005,,
mp-722900,CaH3NO5,160,unseen,39.0575,16.2776,0.4168,,
mp-723,Cr23C6,116,train,297.4077,137.755,0.4632,291.0,138.0
mp-723021,Ba(HO)2,100,unseen,37.1888,18.6508,0.5015,,
mp-7275,BaSi2,12,train,50.3778,33.4904,0.6648,51.0,34.0
mp-733,GeO2,9,test,41.2438,35.0472,0.8498,38.0,28.0
mp-735523,Fe3PH6PbSO14,78,unseen,64.7086,45.69,0.7061,,
mp-738629,CsGaH24(SO10)2,192,unseen,23.4391,10.8313,0.4621,,
mp-7473,LiCu2Si,16,train,102.4309,46.2026,0.4511,104.0,46.0
mp-749,SmN,8,unseen,138.7112,81.9703,0.5909,,
mp-75,Nb,2,train,171.1644,21.2869,0.1244,174.0,20.0
mp-752396,Ca2HfO4,28,unseen,126.0775,55.1143,0.4371,,
mp-752439,BaSr2I6,27,unseen,15.6306,8.5017,0.5439,,
mp-752561,SbO2F,16,unseen,63.2536,24.3547,0.385,,
mp-752715,Ba3(ClO)2,28,unseen,33.6311,14.8786,0.4424,,
mp-753181,SrCu2O3,12,train,87.3952,41.4168,0.4739,92.0,43.0
mp-753273,LiCuF4,24,unseen,60.5931,30.5736,0.5046,,
mp-753378,TaGaO4,12,unseen,183.8709,79.5128,0.4324,,
mp-753397,Ga2CuO4,56,unseen,168.8943,59.8946,0.3546,,
mp-753456,Ce4ThO9,28,unseen,139.6276,59.0779,0.4231,,
mp-753520,Li3BiS3,28,unseen,28.0557,17.7069,0.6311,,
mp-753555,Ce3Th2O9,28,unseen,145.6699,62.3924,0.4283,,
mp-753747,Ta3O7F,22,unseen,185.6291,58.8181,0.3169,,
mp-753946,LiCoS2,4,test,86.4582,30.6297,0.3543,74.0,47.0
mp-753975,Dy2(BiO2)7,46,unseen,65.2756,26.922,0.4124,,
mp-753983,In2HgO4,56,unseen,129.4675,36.1768,0.2794,,
mp-754071,Pb2O3,10,unseen,68.9279,24.4566,0.3548,,
mp-754118,Sr(AsO3)2,9,unseen,102.6096,50.3699,0.4909,,
mp-754145,TbLuO3,20,unseen,147.9902,68.9856,0.4661,,
mp-754282,SrO,4,unseen,89.318,50.9843,0.5708,,
mp-754349,GdOF,6,train,111.3694,50.2216,0.4509,110.0,50.0
mp-754382,He,1,unseen,24.6163,13.6274,0.5536,,
mp-754384,ScTlO2,8,unseen,111.2361,57.7428,0.5191,,
mp-754388,BaSrI4,24,unseen,14.3274,8.7857,0.6132,,
mp-754466,Li2AgF3,6,unseen,75.2887,30.5159,0.4053,,
mp-754537,LiLuO2,12,train,104.3093,51.0244,0.4892,105.0,51.0
mp-754545,NdO,8,unseen,124.4808,77.4363,0.6221,,
mp-754632,Pr(ReO4)2,11,unseen,35.9246,16.1993,0.4509,,
mp-754658,TeO3,16,unseen,77.9119,66.5594,0.8543,,
mp-754808,La2MgO4,14,train,129.8901,73.5749,0.5664,133.0,75.0
mp-754818,NaTaO3,80,unseen,105.8774,74.5248,0.7039,,
mp-754848,Na2SnO3,96,unseen,79.8354,46.7819,0.586,,
mp-755082,Sr3(AsO4)2,39,unseen,85.7907,42.0588,0.4902,,
mp-755132,Zr3N2O3,32,unseen,164.1456,66.6955,0.4063,,
mp-755399,Li2CuSnO4,8,unseen,99.3478,49.5873,0.4991,,
mp-755405,SrNd2O4,28,unseen,99.4492,49.5384,0.4981,,
mp-755416,HoGaO3,20,unseen,181.3866,89.6435,0.4942,,
mp-7557,Nb5SiSn2,32,val,159.6665,73.0798,0.4577,162.0,83.0
mp-755802,K2MgO2,20,unseen,41.9823,14.1148,0.3362,,
mp-755820,NdO2,12,unseen,125.318,55.786,0.4452,,
mp-755892,SrLa2Cl8,44,unseen,25.0275,12.7722,0.5103,,
mp-755902,Lu(HO)3,14,unseen,98.17,29.2682,0.2981,,
mp-755969,Sr3La4O9,48,unseen,92.1377,38.2647,0.4153,,
mp-7561,SrPd3O4,16,unseen,129.8859,47.0979,0.3626,,
mp-756270,Lu4(B2O5)3,75,unseen,92.1047,38.3643,0.4165,,
mp-756490,Li6MnS4,22,train,44.9856,27.262,0.606,44.0,27.0
mp-756762,TbTmO3,20,unseen,143.3299,68.5233,0.4781,,
mp-757433,NaTi4O8,52,unseen,101.8871,52.4586,0.5149,,
mp-7576,CrSi,8,train,188.4596,114.7174,0.6087,187.0,116.0
mp-758033,Y13Ho19O48,80,unseen,143.9832,64.4011,0.4473,,
mp-758103,YH2(CO3)2,88,unseen,68.1204,21.4777,0.3153,,
mp-758382,Li7(CuO2)6,25,unseen,56.6893,26.83,0.4733,,
mp-758492,LiSb3(PO5)2,16,unseen,54.3582,37.0592,0.6818,,
mp-758624,LiCuPO4,56,unseen,57.4907,26.0121,0.4525,,
mp-759031,Bi19(O9F)3,98,unseen,67.4996,31.3595,0.4646,,
mp-759099,Li3Sb(PO4)2,42,unseen,72.0294,40.1836,0.5579,,
mp-759449,Li3Ag2F5,40,unseen,49.2046,10.5321,0.214,,
mp-7596,NbNO,12,val,233.3171,105.2198,0.451,237.0,109.0
mp-759673,LiBiP2O7,44,unseen,51.8238,22.4393,0.433,,
mp-759678,Li4Ti15O32,153,unseen,99.228,50.4839,0.5088,,
mp-759713,Li8Ti15O32,165,unseen,115.4031,59.6422,0.5168,,
mp-759792,Ag2B8O13,92,unseen,74.5315,27.0745,0.3633,,
mp-760054,Sn9(O2F5)2,46,unseen,31.3433,16.7275,0.5337,,
mp-760151,LiAgF3,30,unseen,52.6472,18.6084,0.3535,,
mp-760360,Hf3N2O3,32,unseen,183.9118,67.4728,0.3669,,
mp-760467,ThU8O18,27,unseen,189.9157,81.568,0.4295,,
mp-760594,LiTi2O4,28,unseen,119.3416,67.1768,0.5629,,
mp-7608,Li2PdO2,10,val,89.08,46.0419,0.5169,91.0,44.0
mp-761922,LiNb(TeO4)3,34,unseen,80.5601,64.0948,0.7956,,
mp-762319,Li4TiO4,72,unseen,64.5207,30.5989,0.4742,,
mp-762371,NbOF3,20,unseen,16.9829,17.6935,1.0418,,
mp-762834,LiTi2Co3O10,16,unseen,85.6715,48.4658,0.5657,,
mp-763065,FeOF,18,unseen,108.4162,53.7462,0.4957,,
mp-763104,Li2MnF4,14,unseen,44.994,11.979,0.2662,,
mp-763178,Li4Ti3Ni3(TeO8)2,56,unseen,88.6193,35.7912,0.4039,,
mp-763203,Li2VO2F,24,unseen,98.263,50.8556,0.5175,,
mp-763216,Mn3(O2F)2,18,unseen,134.6235,63.4098,0.471,,
mp-763313,LiCoSiO4,14,unseen,60.1066,27.9364,0.4648,,
mp-763434,Li5MnO3F,20,unseen,67.2317,39.5985,0.589,,
mp-763785,LiMn2OF3,28,unseen,74.5921,38.7868,0.52,,
mp-763908,V3O5F,18,unseen,185.5983,91.3247,0.4921,,
mp-764103,Mn6O7F5,36,unseen,105.1386,48.5192,0.4615,,
mp-764566,LiFe8(BO3)8,41,unseen,110.8102,23.7149,0.214,,
mp-764968,InPH5NO5,104,unseen,74.7782,33.016,0.4415,,
mp-765294,SrP2(H2O3)2,26,unseen,42.3157,26.8915,0.6355,,
mp-765747,Li4TiCr3O8,48,unseen,124.9282,72.653,0.5816,,
mp-765901,Li4V4(OF3)3,20,unseen,80.4454,45.6698,0.5677,,
mp-765943,Li3V2(O2F)2,22,unseen,84.4271,46.5281,0.5511,,
mp-766447,Li2Cu4S3,36,unseen,54.5722,20.2738,0.3715,,
mp-767384,Ba2LiTi11O24,38,unseen,133.5478,69.5392,0.5207,,
mp-767415,KNbPCO7,22,unseen,40.3342,19.0094,0.4713,,
mp-767609,LiVF5,28,unseen,41.9908,13.7888,0.3284,,
mp-767631,Li3VF6,20,unseen,56.46,24.7029,0.4375,,
mp-767717,NaPrPCO7,22,unseen,38.8728,17.2983,0.445,,
mp-767754,Na5Bi2P(CO4)4,224,unseen,35.5918,14.8159,0.4163,,
mp-767775,Li6MnCr3(PO4)6,40,unseen,85.2175,48.3072,0.5669,,
mp-767972,Li2Fe3NiO8,14,unseen,86.9801,39.1348,0.4499,,
mp-768141,Na2DyPCO7,24,unseen,58.7204,28.7391,0.4894,,
mp-768145,DyHoO3,30,unseen,129.5247,53.4633,0.4128,,
mp-768199,Li3SbS3,28,unseen,27.8653,11.6909,0.4196,,
mp-768411,Dy2SiO5,32,unseen,133.6008,59.6524,0.4465,,
mp-768483,Lu3Sb5O12,80,unseen,100.5532,44.3131,0.4407,,
mp-768636,LiBi2BO5,36,unseen,69.3138,32.214,0.4648,,
mp-768989,Bi2B2O7,22,unseen,41.5163,20.6308,0.4969,,
mp-769108,NiP4,30,unseen,120.3599,73.8989,0.614,,
mp-769173,PrOF,18,unseen,106.7403,54.5641,0.5112,,
mp-769222,Dy2Pb2O7,88,unseen,146.6782,62.4058,0.4255,,
mp-769493,Na3Ni2P2(CO7)2,46,unseen,42.9144,20.654,0.4813,,
mp-769524,Li11Nb4(Ni3O8)3,48,unseen,132.99,75.8339,0.5702,,
mp-769525,TiV2Fe3(PO4)6,108,unseen,102.033,43.0652,0.4221,,
mp-769580,V3(PO4)2,26,unseen,91.5363,58.1018,0.6347,,
mp-769602,Li2VSO4F3,44,unseen,45.1258,27.6967,0.6138,,
mp-769606,LiZn4Fe13O24,84,unseen,121.7754,48.636,0.3994,,
mp-770328,Li4Cr3FeO8,32,unseen,129.3355,68.9716,0.5333,,
mp-770509,LiAlVO4,126,unseen,67.2517,35.5997,0.5294,,
mp-770518,Li4Ti3Mn3(CoO8)2,28,unseen,124.2974,59.0086,0.4747,,
mp-770530,Li14Mn2O9,25,unseen,76.7484,49.2994,0.6424,,
mp-770553,Li2AlCoO4,32,unseen,82.5726,37.6406,0.4558,,
mp-770565,TiCr(PO4)2,36,unseen,101.0264,49.8555,0.4935,,
mp-770620,Li6V(NiO2)3,64,unseen,61.3485,31.3788,0.5115,,
mp-770747,Na6Cr2As(CO4)4,232,unseen,66.3576,28.3317,0.427,,
mp-770874,Na6Co2P(CO4)4,232,unseen,68.9865,25.4266,0.3686,,
mp-770927,Sm3TaO7,44,unseen,137.7996,65.6573,0.4765,,
mp-771054,V3(PO4)2,52,unseen,109.9456,62.5017,0.5685,,
mp-771168,Na2SiBiCO7,24,unseen,43.4616,21.9406,0.5048,,
mp-771733,Li3MgV8O16,56,unseen,117.8041,60.0231,0.5095,,
mp-772034,Ba3LaI9,52,unseen,14.0613,8.1258,0.5779,,
mp-772109,LiSiBiO4,28,unseen,87.0336,51.2324,0.5887,,
mp-772125,NbPO5,28,unseen,62.3685,43.7143,0.7009,,
mp-772180,LuScO3,30,unseen,147.2403,68.641,0.4662,,
mp-772232,Tm2P4O13,76,unseen,82.7072,40.806,0.4934,,
mp-772256,LiVPO5,64,unseen,82.139,49.0759,0.5975,,
mp-772295,TmClO,18,unseen,23.9374,14.7791,0.6174,,
mp-772395,LiV(OF)2,12,unseen,50.7579,27.4745,0.5413,,
mp-772400,Li2W(OF2)2,36,unseen,52.3482,29.8528,0.5703,,
mp-772565,Li2Fe5B3O13,46,unseen,134.2354,53.3408,0.3974,,
mp-772769,Na2Ge2O5,36,unseen,45.6114,26.5078,0.5812,,
mp-772838,Er(ReO4)3,96,unseen,19.8767,14.3533,0.7221,,
mp-772997,Li8Ti7Nb6O30,51,unseen,144.1144,74.9227,0.5199,,
mp-773138,NaCrAsCO7,22,unseen,40.4196,21.1535,0.5233,,
mp-773431,K2NiPCO7,24,unseen,41.6646,16.7314,0.4016,,
mp-773438,Li5Cu(PO4)2,32,unseen,69.4216,37.055,0.5338,,
mp-773517,ScMn2O5,32,unseen,169.2672,77.0261,0.4551,,
mp-774092,Na3CoO3,28,test,47.5918,22.9074,0.4813,52.0,17.0
mp-774173,Li8MnFe7(BO3)8,48,unseen,104.8081,37.4032,0.3569,,
mp-774224,InH12S2NO12,112,unseen,35.1794,17.4222,0.4952,,
mp-774362,Li6Mn5Fe(BO3)6,36,unseen,87.0418,36.5577,0.42,,
mp-774366,Li3MnFe2(BO3)3,36,unseen,90.5854,35.6744,0.3938,,
mp-774385,Fe5(OF4)2,30,unseen,108.4318,39.2631,0.3621,,
mp-7744,LiSO3F,24,unseen,17.2045,12.538,0.7288,,
mp-774415,Li2Cr3FeO8,42,unseen,129.2175,65.3229,0.5055,,
mp-774444,Li2Mn3(SiO3)4,84,unseen,78.6152,42.0382,0.5347,,
mp-774483,Zr2(PO4)3,68,unseen,84.9872,35.1541,0.4136,,
mp-774908,LiTiNbO4,28,unseen,145.3486,63.524,0.437,,
mp-775004,Fe3P6WO24,102,unseen,77.6655,48.8247,0.6287,,
mp-775157,Li6MnV3(PO4)6,240,unseen,96.1936,68.96,0.7169,,
mp-775166,Li2TiMn3O8,56,unseen,110.5534,58.5553,0.5297,,
mp-775213,VNi3Sn2(PO4)6,108,unseen,90.7313,44.251,0.4877,,
mp-775264,Li4Ti2Co3O10,38,unseen,113.666,57.658,0.5073,,
mp-775721,Li2FeCo3O8,42,unseen,132.345,51.2721,0.3874,,
mp-775799,Hf2N2O,40,unseen,215.2639,94.0955,0.4371,,
mp-775802,Zr2N2O,40,unseen,192.7562,84.9042,0.4405,,
mp-775865,Li2Ti3MnO8,56,unseen,124.1368,63.2169,0.5093,,
mp-775907,Y2O3,30,train,130.4426,64.3114,0.493,128.0,63.0
mp-775984,TiFe3Ni2(PO4)6,108,unseen,96.2682,41.7742,0.4339,,
mp-776002,Ti3Nb2Cr(PO4)6,108,unseen,106.696,47.406,0.4443,,
mp-776007,Ti3Mn2Sn(PO4)6,108,unseen,88.9339,46.0608,0.5179,,
mp-776058,Cr2Fe3Co(PO4)6,108,unseen,97.3116,42.1016,0.4326,,
mp-776140,Li2MnV5O12,40,unseen,75.1362,29.8259,0.397,,
mp-776319,LiNbCuO4,28,unseen,100.3789,41.6793,0.4152,,
mp-776334,Ti2N2O,40,unseen,217.3311,90.2391,0.4152,,
mp-776370,Ag3IrO4,32,unseen,101.7934,27.932,0.2744,,
mp-776490,Al2O3,40,train,227.7379,143.9783,0.6322,228.0,144.0
mp-776561,Na5Bi2As(CO4)4,112,unseen,34.364,13.9062,0.4047,,
mp-776566,Li4Mn3NbCr2(PO4)6,40,unseen,86.8522,39.6719,0.4568,,
mp-776646,Na3CoO3,28,unseen,47.5239,23.2796,0.4898,,
mp-776757,Li4Co2Ni3Sn(PO4)6,40,unseen,86.8156,41.6071,0.4793,,
mp-776767,Li2VF4,126,unseen,57.4706,18.7462,0.3262,,
mp-777452,LiNbCoO4,28,unseen,112.6643,51.185,0.4543,,
mp-777460,MnPO4,24,unseen,105.3809,58.8833,0.5588,,
mp-777584,Na7NbO6,42,unseen,62.7823,34.0136,0.5418,,
mp-777669,Li2FeF4,56,unseen,49.8067,24.5908,0.4937,,
mp-777673,Li2FeF4,28,unseen,50.91,22.8204,0.4482,,
mp-778001,Tm(ClO4)3,32,unseen,34.5838,18.0639,0.5223,,
mp-778397,Li2Sn(BO3)2,44,unseen,73.6994,38.1078,0.5171,,
mp-778664,Tm5Ti5O17,54,unseen,163.8654,75.9288,0.4634,,
mp-778865,V4(OF3)3,32,unseen,34.0774,42.4493,1.2457,,
mp-779058,LiV2OF5,36,unseen,73.0418,41.6422,0.5701,,
mp-779294,Na3Sb5O14,88,unseen,69.3311,34.8322,0.5024,,
mp-779369,Fe5(OF4)2,30,unseen,107.3804,43.4641,0.4048,,
mp-779453,BaNa6O4,88,unseen,44.8989,28.1968,0.628,,
mp-779502,Na3CuO2,48,unseen,39.9317,21.4336,0.5368,,
mp-779756,Na5Co2As(CO4)4,224,unseen,66.1458,26.793,0.4051,,
mp-779765,Li8Mn5Fe3(BO3)8,48,unseen,106.1463,38.3865,0.3616,,
mp-779880,Ba2GeO4,56,unseen,60.8742,24.8936,0.4089,,
mp-780089,Li3MnSi2O7,52,unseen,97.5069,61.6405,0.6322,,
mp-780095,LiMnP3(HO5)2,68,unseen,43.2292,23.4759,0.5431,,
mp-780127,Li9Mn2P4HO18,136,unseen,73.8676,45.3233,0.6136,,
mp-780240,Gd2P4O13,76,unseen,75.0287,32.4161,0.432,,
mp-780259,Li5LaO4,80,unseen,83.1621,45.3343,0.5451,,
mp-780330,Li2MnP4H3O14,48,unseen,40.7922,21.5048,0.5272,,
mp-780448,Ho2Sb2O7,66,unseen,138.9404,61.113,0.4399,,
mp-780482,LiVP2HO8,52,unseen,93.8746,48.5667,0.5174,,
mp-780489,Fe6O7F5,18,unseen,111.9557,54.4842,0.4867,,
mp-780630,LiVP2HO8,52,unseen,88.3215,47.9378,0.5428,,
mp-781595,CoTe2O5,64,unseen,39.5736,23.1435,0.5848,,
mp-781828,NiH18(I5N3)2,70,unseen,12.5968,8.9091,0.7073,,
mp-7819,Pd4S,10,test,147.0183,37.8932,0.2577,147.0,37.0
mp-782660,LiMnP3H8O13,52,unseen,40.2846,20.8864,0.5185,,
mp-783919,Li4MnFe3(PO4)4,56,unseen,87.1503,49.0803,0.5632,,
mp-7879,Sr(AgGe)2,10,train,48.5465,30.178,0.6216,47.0,30.0
mp-7948,ReSi,8,val,231.4666,106.0661,0.4582,246.0,93.0
mp-8018,K2RhF6,9,unseen,33.3145,18.783,0.5638,,
mp-8044,V2PC,8,train,228.3068,147.4267,0.6457,227.0,149.0
mp-8125,LuCuSi,6,train,69.3031,61.5068,0.8875,69.0,61.0
mp-8147,K2As2Pd,20,unseen,25.6994,9.2678,0.3606,,
mp-820,HgSe,8,val,43.4244,11.8814,0.2736,41.0,13.0
mp-8202,CsRb2PdF5,18,unseen,28.4473,11.5479,0.4059,,
mp-8249,TlPS3,20,train,9.2534,6.8717,0.7426,12.0,7.0
mp-8269,Lu2CdS4,56,unseen,65.5132,23.384,0.3569,,
mp-8271,Ba2Ca(BO2)6,63,unseen,68.4259,31.1291,0.4549,,
mp-8282,Ti2N,6,train,200.3074,116.8928,0.5836,204.0,117.0
mp-8393,Tl3SbS3,21,unseen,18.3378,8.0995,0.4417,,
mp-8452,NaLiS,6,train,30.6174,24.4813,0.7996,30.0,24.0
mp-8481,LiPrGe,9,train,41.332,36.9677,0.8944,41.0,37.0
mp-849219,V3(O2F)2,36,unseen,144.8314,66.485,0.4591,,
mp-849376,LiV2(PO4)3,36,unseen,91.1111,50.5223,0.5545,,
mp-849465,Mn6OF11,36,unseen,70.8691,30.1799,0.4259,,
mp-849517,Mn6O5F7,36,unseen,97.763,45.962,0.4701,,
mp-849720,LiFe4(BO3)4,42,unseen,100.7432,31.5576,0.3132,,
mp-849796,NaZn4H18SClO16,82,unseen,51.7983,16.4219,0.317,,
mp-850135,Li3V2Cr2O8,15,unseen,124.8662,63.9934,0.5125,,
mp-850371,Na6V2B4AsO16,232,unseen,79.2044,34.6668,0.4377,,
mp-850742,LiV3OF11,32,unseen,20.9964,16.8717,0.8036,,
mp-850919,Li2MnCr2O6,66,unseen,109.2221,58.1032,0.532,,
mp-850923,TiV(PO4)2,108,unseen,107.8007,49.3529,0.4578,,
mp-850939,Li2MnV(P2O7)2,22,unseen,70.135,38.2749,0.5457,,
mp-850943,Li6TiNi3(PO4)6,40,unseen,78.3924,39.675,0.5061,,
mp-850955,LiFeP3(H7O8)2,70,unseen,37.0235,16.1263,0.4356,,
mp-850995,Na4V2C4SO16,216,unseen,62.6345,26.123,0.4171,,
mp-8514,BaNd2PdO5,18,unseen,110.7818,49.7553,0.4491,,
mp-861886,LiDyHg2,16,unseen,56.7907,13.7733,0.2425,,
mp-862364,Sc2OsPt,16,test,154.5159,68.2463,0.4417,155.0,70.0
mp-862620,IrRu3,8,test,321.7814,176.2016,0.5476,314.0,180.0
mp-862686,LiAc2Ru,16,unseen,43.0214,12.3597,0.2873,,
mp-862745,Sr2LiPt,16,test,33.7241,15.5999,0.4626,13.0,12.0
mp-862752,SmBiPd2,16,unseen,82.838,15.1347,0.1827,,
mp-862790,FeSiTc2,16,train,244.0138,101.819,0.4173,245.0,101.0
mp-862869,Pa2S3,30,unseen,77.6228,33.9042,0.4368,,
mp-862922,PmInNi2,16,unseen,111.0503,33.5227,0.3019,,
mp-862933,PmMgAu2,16,unseen,80.2241,19.5977,0.2443,,
mp-863292,Na3VP2O9,30,unseen,58.2416,32.1145,0.5514,,
mp-863676,Pm2CuSn,16,train,64.4153,20.6172,0.3201,65.0,20.0
mp-863717,Pm2NiRu,16,test,97.8053,31.648,0.3236,29.0,27.0
mp-864617,NdI3,8,unseen,4.7294,7.4615,1.5777,,
mp-864627,Nd2Ga12Ni,30,unseen,73.6455,48.5828,0.6597,,
mp-864892,NdAgAu2,16,train,79.2671,9.7488,0.123,79.0,9.0
mp-864896,Zr2CoTc,16,train,159.3436,69.4923,0.4361,164.0,69.0
mp-864920,MgZrAu2,16,val,112.3204,28.6543,0.2551,117.0,32.0
mp-864952,Mg3Ag,8,train,46.9588,24.0464,0.5121,48.0,23.0
mp-864963,Dy2CuIr,16,unseen,105.188,39.3747,0.3743,,
mp-864971,MnSnRu2,16,val,194.1865,84.9483,0.4375,265.0,113.0
mp-864986,DyBr2,6,unseen,34.9442,14.025,0.4014,,
mp-865138,Hf2MnIr,16,train,197.4217,87.4832,0.4431,196.0,87.0
mp-865535,Ac2ZnGa,16,unseen,44.6482,25.1467,0.5632,,
mp-865565,CsSn3,8,unseen,29.1399,14.1993,0.4873,,
mp-865783,YbHoRh2,16,unseen,104.5431,38.367,0.367,,
mp-865854,Yb2CuRh,16,test,58.4561,27.228,0.4658,59.0,22.0
mp-865868,LiZrRh2,16,train,142.1666,49.9995,0.3517,138.0,46.0
mp-865906,YbPmPd2,16,unseen,73.3707,24.9786,0.3404,,
mp-865922,FeH4Br3N,18,unseen,11.2177,7.5374,0.6719,,
mp-865925,LiZrIr2,16,test,199.2389,75.6103,0.3795,158.0,49.0
mp-866069,MgScRh2,16,train,128.2479,60.1551,0.4691,128.0,58.0
mp-866152,TiBeCo2,16,val,185.143,96.9106,0.5234,193.0,102.0
mp-866161,VRh3,8,test,252.2825,154.9955,0.6144,251.0,127.0
mp-866216,CaDyRh2,16,unseen,96.5706,35.1632,0.3641,,
mp-866468,CrH9(BrN)3,32,unseen,12.4417,8.676,0.6973,,
mp-866475,Ca3Sn2S7,24,unseen,42.3225,25.2773,0.5973,,
mp-866639,KSr2Cd2Sb3,32,unseen,33.5238,16.5405,0.4934,,
mp-867142,Sm2IrPd,16,unseen,102.8257,30.8889,0.3004,,
mp-867149,Sr2CdSn,16,train,44.0995,21.7438,0.4931,45.0,22.0
mp-867202,Sr,4,unseen,12.8934,6.7555,0.524,,
mp-867373,Ti2Co12P7,21,unseen,222.4291,104.5684,0.4701,,
mp-867806,LiLa2Ir,16,unseen,66.3471,15.2728,0.2302,,
mp-867840,BeFeRh2,16,val,203.5085,86.428,0.4247,210.0,89.0
mp-870,TlN3,16,unseen,33.025,15.8031,0.4785,,
mp-8710,Ca2Pt3O8,39,unseen,110.4934,49.3335,0.4465,,
mp-8732,Ta2Se,6,train,38.1849,27.3125,0.7153,40.0,26.0
mp-877,Er2In,6,test,53.775,29.946,0.5569,59.0,27.0
mp-8778,Sm2Au5F21,112,unseen,36.8636,19.8224,0.5377,,
mp-8850,Dy2S3,20,unseen,79.6132,37.6526,0.4729,,
mp-8919,ErPPd,12,unseen,118.1638,61.3739,0.5194,,
mp-8949,NdAsPd,6,unseen,84.4523,38.0911,0.451,,
mp-8952,HoAsPd,12,unseen,100.4715,48.073,0.4785,,
mp-900,RhSe,4,train,136.4052,28.5635,0.2094,136.0,29.0
mp-9066,NaLi2AsO4,16,unseen,62.688,33.8006,0.5392,,
mp-9077,Nd2Be2SiO7,24,unseen,125.6063,75.7831,0.6033,,
mp-9219,LaB2Pt2C,12,unseen,192.381,53.1714,0.2764,,
mp-924129,ZrNiSn,12,train,117.5584,71.2447,0.606,152.0,73.0
mp-9488,SmOF,18,unseen,113.5112,58.4397,0.5148,,
mp-9510,Tl2PAuS4,16,unseen,12.2937,7.5011,0.6102,,
mp-9549,ScFeGe,9,train,97.8993,53.6805,0.5483,101.0,53.0
mp-9552,LaCo5P3,36,unseen,159.3537,81.0948,0.5089,,
mp-9577,Ca3(AlSi)2,14,train,48.6196,35.0508,0.7209,50.0,35.0
mp-961649,ZrFeTe,12,train,115.0639,76.5356,0.6652,113.0,76.0
mp-961676,HfGePt,12,unseen,149.2778,43.381,0.2906,,
mp-9650,MgTa2O6,18,unseen,194.1961,97.6727,0.503,,
mp-971752,ZnCr3,16,unseen,174.1848,65.2848,0.3748,,
mp-971832,ZnIn3,8,unseen,46.0774,21.9986,0.4774,,
mp-971835,Tl3H,8,unseen,22.0767,13.928,0.6309,,
mp-972066,ZrAlO3,5,unseen,211.3088,123.4528,0.5842,,
mp-972175,Zn3In,16,unseen,53.9695,22.2241,0.4118,,
mp-972442,SnBO3,5,unseen,175.8201,116.8835,0.6648,,
mp-972530,Sm2AgRh,16,train,75.2853,21.2214,0.2819,76.0,21.0
mp-972539,Sm3Er,4,unseen,37.3946,20.0866,0.5372,,
mp-972884,Sc2AlCu,16,train,77.6947,34.2653,0.441,57.0,34.0
mp-973126,ScBiPd2,16,unseen,93.8497,25.8961,0.2759,,
mp-973254,LaNdHg2,16,unseen,53.4109,15.8011,0.2958,,
mp-973295,Mg5Hg,18,unseen,23.9989,10.9887,0.4579,,
mp-973314,Ho2PdRh,16,unseen,108.6763,39.0809,0.3596,,
mp-973410,NdAl2Cu9,48,unseen,108.0742,56.5964,0.5237,,
mp-973430,LuScZn2,16,unseen,68.8321,39.0711,0.5676,,
mp-973561,LiCe2Ru,16,train,65.3073,13.807,0.2114,68.0,5.0
mp-973564,La2TlZn,16,unseen,57.5445,22.8072,0.3963,,
mp-973622,K3Sr,16,train,4.4362,2.8541,0.6434,5.0,5.0
mp-973633,LuSi2Ni,16,unseen,107.0501,62.576,0.5845,,
mp-973653,Lu2ZnAg,16,val,67.2656,28.6826,0.4264,87.0,30.0
mp-973983,NiPd3,8,train,173.2634,39.9261,0.2304,173.0,40.0
mp-974058,LiCu3,16,unseen,89.1004,27.8514,0.3126,,
mp-974309,In3Ga,16,unseen,41.9603,12.5581,0.2993,,
mp-974463,LaAg2Sn,16,unseen,68.3585,24.5372,0.3589,,
mp-974469,ReTe,4,unseen,143.8961,59.7095,0.4149,,
mp-974517,NdErMg2,16,test,37.3339,18.9757,0.5083,37.0,20.0
mp-974611,RePb3,16,unseen,71.6258,21.4487,0.2995,,
mp-974754,NdPa3,4,unseen,66.3658,32.8117,0.4944,,
mp-974788,Nd,9,unseen,34.0445,19.0957,0.5609,,
mp-974850,Rb3Nd,16,unseen,12.5858,7.0419,0.5595,,
mp-975044,Li(SiRh)2,10,val,156.6678,81.1774,0.5181,157.0,70.0
mp-975129,Rb,2,unseen,17.6836,24.8749,1.4067,,
mp-975190,RbTeO3,5,train,103.751,67.9698,0.6551,104.0,68.0
mp-975640,Pr3(CuSn)4,22,train,72.8788,48.8889,0.6708,74.0,48.0
mp-975653,PrS3,8,unseen,67.4331,36.4351,0.5403,,
mp-975657,PrH,4,unseen,54.8767,23.6371,0.4307,,
mp-975795,PrTm3,8,unseen,41.3041,24.2824,0.5879,,
mp-975868,Li3Al,8,train,24.0825,18.223,0.7567,26.0,18.0
mp-976111,Ge3Sb,4,unseen,52.787,18.4097,0.3488,,
mp-976190,K3TlAu5,36,unseen,37.222,10.3649,0.2785,,
mp-976252,Nd2IrRu,16,unseen,115.5714,28.8685,0.2498,,
mp-976286,HoErRh2,16,unseen,124.8118,46.5864,0.3733,,
mp-976349,LuH2ClO2,24,unseen,49.7349,24.4555,0.4917,,
mp-976419,Hf3Bi,8,train,102.6489,27.2024,0.265,101.0,28.0
mp-976722,MgPbO3,5,unseen,144.3854,88.4713,0.6127,,
mp-977115,NaSrHg2,16,unseen,30.0729,10.2472,0.3407,,
mp-977145,Ho3P,8,unseen,66.8226,47.7597,0.7147,,
mp-977165,Li3Co,8,unseen,33.0637,18.7449,0.5669,,
mp-977239,Li3Th,16,unseen,30.535,16.9919,0.5565,,
mp-977242,Hg3Sb,8,unseen,35.6141,12.1886,0.3422,,
mp-977361,ZnFeRh2,16,unseen,195.2973,65.6547,0.3362,,
mp-977378,ErCdAg2,16,unseen,73.644,13.2168,0.1795,,
mp-977388,HoMgSn,12,unseen,58.9078,37.5527,0.6375,,
mp-977404,Nd2AgIr,16,train,85.4743,21.1315,0.2472,90.0,21.0
mp-977433,ErMgZn2,16,unseen,60.2565,34.2619,0.5686,,
mp-977549,Zr2OsRu,16,train,188.4315,88.0976,0.4675,193.0,86.0
mp-977586,MgSc2In,16,train,56.1471,38.535,0.6863,43.0,38.0
mp-9780,RbHfAgTe3,12,unseen,24.8242,13.0998,0.5277,,
mp-978256,Mg2TlPb,16,val,39.6637,14.2623,0.3596,114.0,33.0
mp-978508,Si3Os,8,unseen,212.7616,87.4359,0.411,,
mp-978545,Sm2AgHg,16,train,57.4438,18.8585,0.3283,58.0,19.0
mp-978918,TbZr,2,train,62.8636,31.8862,0.5072,64.0,32.0
mp-979026,SmTm3,8,train,43.0899,25.7294,0.5971,42.0,26.0
mp-979271,TbAgSe2,16,unseen,65.9155,23.5636,0.3575,,
mp-979288,Ta2NbRh,16,unseen,211.5216,87.0522,0.4116,,
mp-979715,YHoAl2,16,val,65.8861,35.056,0.5321,65.0,37.0
mp-980001,YbPr3,4,train,27.1395,14.2275,0.5242,27.0,14.0
mp-980058,RbTbO3,5,unseen,108.7017,51.6649,0.4753,,
mp-980071,TmLuTl2,16,unseen,58.1491,15.0306,0.2585,,
mp-981207,Yb3In3Ge2Au,9,train,52.0456,38.4436,0.7387,52.0,38.0
mp-981390,HgBi3,4,unseen,37.4029,12.8409,0.3433,,
mp-982245,PbAuO3,5,unseen,126.7842,48.0097,0.3787,,
mp-9827,RbHg2,12,train,12.8443,7.1464,0.5564,11.0,5.0
mp-982870,HfAlIr2,16,unseen,220.2547,96.1953,0.4367,,
mp-984049,CeYZn2,16,train,55.234,25.5916,0.4633,30.0,26.0
mp-984682,Ce2MgAl,16,unseen,49.0396,25.7106,0.5243,,
mp-984716,CaSn4(PO4)6,105,unseen,72.5236,33.8791,0.4671,,
mp-985571,LiAg(CO2)2,16,unseen,41.8277,11.8608,0.2836,,
mp-988940,AlAs,8,unseen,77.1705,43.4891,0.5635,,
mp-989401,CaMoN3,10,unseen,123.9077,52.2223,0.4215,,
mp-989533,NaTl2InF6,40,train,82.2176,38.384,0.4669,129.0,40.0
mp-989555,Tl2InGaF6,40,unseen,44.5529,20.8603,0.4682,,
mp-989610,Cs2NaInH6,40,unseen,19.2176,17.6168,0.9167,,
mp-989629,CsRb2GaF6,40,unseen,26.4336,14.082,0.5327,,
mp-9902,Sc2CoSi2,20,unseen,102.8027,65.2327,0.6345,,
mp-990424,C,4,unseen,116.4352,93.8579,0.8061,,
mp-996984,AgClO2,4,unseen,23.8703,2.9431,0.1233,,
mp-997039,AgPdO2,4,unseen,121.8108,22.5746,0.1853,,
mp-998154,TlAgBr3,10,unseen,16.8799,4.8506,0.2874,,
mp-998609,CsNaF3,20,unseen,27.3551,12.2492,0.4478,,
mp-998710,TlHgF3,5,unseen,45.4779,10.8979,0.2396,,
mp-9988,Nb2CS,8,val,201.3658,115.2743,0.5725,193.0,97.0
mp-998947,TiRu3,4,unseen,244.5883,123.1262,0.5034,,
mp-998987,Ti3Ge,16,unseen,121.4063,56.8694,0.4684,,
mp-999123,TbH3,16,unseen,85.7385,44.5463,0.5196,,
mp-999198,BMo,8,unseen,292.8982,160.3939,0.5476,,
mp-999296,Pd3N,16,unseen,178.7128,51.9806,0.2909,,
mp-999338,NdAu,8,unseen,70.9337,20.1511,0.2841,,
mp-999485,ZnN,8,unseen,153.8184,62.095,0.4037,,
