material_id,formula,Number of Atoms,Volume (A3),Density (g cm-3),Atomic mass (amu),K_VRH_pred,G_VRH_pred,K_VRH_spread_log10,G_VRH_spread_log10,Poisson ratio,Gruneisen parameter,Kappa_cal (W m-1 K-1),Kappa_cal_p05,Kappa_cal_p50,Kappa_cal_p95,is_low_kappa_candidate,ALIGNN_K_VRH_pred,ALIGNN_G_VRH_pred,ALIGNN_Kappa_cal,ALIGNN_is_low_kappa_candidate,alignn_prediction_reliable,family
4a158b834a,Br2NClO,5,169.33276987343618,2.2090515661669885,225.2671,7.131832113817825,7.042634448154167,0.2456375856727646,0.2213387614307548,0.1285286205909243,1.0485493720621315,1.781476008827925,0.1812710371647301,1.654749165993501,10.368232095417412,False,5.180510997772217,5.0040130615234375,1.048699818844606,False,True,other oxide (mixed-anion / molecular-ion)
08b033031d,LaEuClO2,5,103.0260165392084,5.77530305496759,358.32127,63.50362391969456,28.14363045970333,0.0214582118816392,0.0070393387397447,0.3069308188892722,1.8165145716837272,3.5293873540090406,3.16967647403492,3.5381617835517862,3.943273080103967,False,68.479248046875,31.29393196105957,4.274793411297537,False,True,other oxide (mixed-anion / molecular-ion)
288c1e4121,Ce2AsNO,5,93.57960863410668,6.8345309299616295,385.1597,101.72450527301112,49.29735842623344,0.0172148011340046,0.0289898912129824,0.2913903707976156,1.7205861188315414,8.001714088473772,5.972068630739509,8.007745251750332,10.65840384541231,False,96.999267578125,50.126708984375,8.76669208494099,False,True,other oxide (mixed-anion / molecular-ion)
15d59004a8,Ce2PNO,5,89.74036724684879,6.313720848404878,341.21186200000005,112.00616824534208,59.4098190105433,0.0298357517946657,0.0188819583113874,0.2746374673632921,1.6256920015502532,11.917788449794962,9.58794958840222,11.86946775728824,14.80981291950014,False,108.297607421875,56.705177307128906,10.968185364786205,False,True,other oxide (mixed-anion / molecular-ion)
8175bee583,Rb2H2SeO,6,143.95019406423845,3.090488943906595,267.91088,17.626313923562982,8.256158994690571,0.0396464267219687,0.0378418868351876,0.2974283457949416,1.7568982855461444,0.7571416248071919,0.510341167358621,0.7504959716912157,1.1028229490105488,True,13.959616661071776,6.92937707901001,0.618445218616117,True,True,other oxide (mixed-anion / molecular-ion)
b6e1161414,K2H2SeO,6,128.50230311515637,2.263615075097107,175.17188,17.56360282948672,8.976859414871155,0.0200793568531573,0.0352590837536716,0.281647505408919,1.664394443671508,1.0572904435997303,0.7409958311538151,1.0592360916926509,1.4792065897351403,False,18.245826721191406,8.05957317352295,0.7722678976868058,True,True,other oxide (mixed-anion / molecular-ion)
c6650f6db0,Ca2AuBrO2,6,123.2670355070184,5.240588624269615,389.025369,40.59887793403243,17.32679636187861,0.0325529603770421,0.0108610821575315,0.3131860714461617,1.8575080063829,1.5210209727920438,1.2739913580785471,1.5193274094174605,1.8064044093405047,False,55.41992568969727,24.80138397216797,2.739747873882473,False,True,other oxide (mixed-anion / molecular-ion)
7869efb433,NaSb(OF)2,6,83.76256518157585,4.25718918007752,214.74537568,42.44134899683683,21.560215249836048,0.0452385212930334,0.051704019127528,0.2827821262764057,1.6707915939677025,2.4726121733259925,1.441271942315013,2.4544919528414204,4.074975723233425,False,56.413177490234375,34.69551086425781,6.10916676555594,False,True,other oxide (mixed-anion / molecular-ion)
a16ec9d877,Ca2AgClO2,6,117.22278040717458,3.618988371525105,255.476,55.641908562682346,23.34315385836377,0.0167662332311978,0.0441480429324761,0.3159723709362319,1.8762386314201265,2.763357469358065,1.7827715901004004,2.7557532729726,4.281750045358675,False,57.69422149658203,24.12723731994629,2.893846842057641,False,True,other oxide (mixed-anion / molecular-ion)
8fd5f2cf60,PrBi(OF)2,6,95.59470114162409,7.293638742802557,419.88365640000006,91.23468507313866,36.86884140947618,0.0316372197394635,0.0213696534623416,0.3219314604896226,1.917314270203555,3.4672090205319823,2.732687060834955,3.4713922200383447,4.421618799216955,False,88.35664367675781,40.76771545410156,4.644038355733749,False,True,other oxide (mixed-anion / molecular-ion)
218d64ce77,TbBi(OF)2,6,88.9591676026548,8.174000839162085,437.90135640000005,92.70430556478962,41.58877763679602,0.0342700118936722,0.0407551785453551,0.3048707042804282,1.803324027822348,4.283950004221946,2.8398618710157364,4.307166156677575,6.359122683867853,False,98.77439880371094,43.06634521484375,4.379604567413244,False,True,other oxide (mixed-anion / molecular-ion)
c15fc3b290,DyBi(OF)2,6,88.57975410470338,8.276023838940084,441.4760064000001,93.14245532944292,41.94067772470067,0.0347671850171652,0.0326678105811383,0.304239974017988,1.7993155588049692,4.322420142235201,3.086278431315942,4.3258165340679415,6.247975455879358,False,95.54501342773438,44.15925598144531,4.8001749964898455,False,True,other oxide (mixed-anion / molecular-ion)
f2dd1524e5,HoBi(OF)2,6,87.77871467413708,8.397523256798587,443.9063264,93.6555368028007,44.57253781986224,0.027363119782555,0.0269746328875867,0.2946213010211823,1.739870215524744,4.968016843342822,3.762086929430925,4.952105600708579,6.522821956800169,False,99.55711364746094,45.85029602050781,5.007637600864539,False,True,other oxide (mixed-anion / molecular-ion)
1ab6495a3c,LiSb(OF)2,6,70.54044653019731,4.677365880407005,198.6966064,75.55420247441441,54.12083180844935,0.1051953073597284,0.0705593140140175,0.2108759407790921,1.328324461210919,12.3739816303453,5.7167242572405215,12.276395838202635,24.84916423336164,False,76.50773620605469,62.56696319580078,17.292661894563814,False,True,other oxide (mixed-anion / molecular-ion)
76149ff4ec,FePb2(BrO)2,7,160.96815805876523,6.829691616073913,662.0518,48.63300814836816,15.51726477266477,0.0432797006048257,0.0478722643658094,0.3558020552213583,2.1806953980991977,0.7700989574657394,0.4647791518167485,0.7779392724239534,1.2522006641001813,True,29.805828094482425,14.906896591186523,1.176943516394365,False,True,other oxide (mixed-anion / molecular-ion)
0e29714ed6,La2Mn(TeO)2,7,174.3929430732203,5.903034260111626,619.947785,56.43325979955792,19.678468120230374,0.0238981343360349,0.0588165776656315,0.3438037045645012,2.0810744221247552,1.3400877931528965,0.7170104024905651,1.31538321780327,2.425060003969019,False,52.53646469116211,26.47566795349121,3.101744458407164,False,True,other oxide (mixed-anion / molecular-ion)
03af0ea28e,MnSn2(ClO)2,7,151.41085151931742,4.334890069165428,395.262845,33.62561355572042,15.465232244162044,0.0815299555474488,0.0330525574923245,0.3006065408175715,1.7764930526108906,1.4015290650045238,0.8962962686665225,1.3905424262917383,2.1888792428141417,False,19.781784057617188,14.747174263000488,2.0956440566148404,False,True,other oxide (mixed-anion / molecular-ion)
1f9f1806d2,LaPrMn(TeO)2,7,173.6184188775787,5.9485175736115385,621.9499649999999,60.01078065253423,20.719989021547587,0.021637232653146,0.0767800792860007,0.3451824525238051,2.092143864840019,1.424597962434302,0.663045289553139,1.4092003227880383,3.075318468706468,False,54.40096282958984,25.396955490112305,2.677073755934353,False,True,other oxide (mixed-anion / molecular-ion)
d715efd8f5,Nd2Mn(TeO)2,7,169.4908316800822,6.178331538158957,630.6208449999999,59.90380595952939,20.98818835347169,0.0202405774982605,0.0756707740631075,0.343137297968557,2.075757918629421,1.436658118361556,0.669524695428444,1.4811828177760726,3.1285873977191696,False,52.06504440307617,23.93253898620605,2.3451848861993283,False,True,other oxide (mixed-anion / molecular-ion)
13f96d1b07,PrNdMn(TeO)2,7,170.63881447378137,6.104318853630085,627.286495,61.376827726902405,21.297152287956123,0.0177559744448117,0.0879475290980449,0.3444915731077123,2.0865852140455505,1.4650215281404997,0.593241423475435,1.4441088348453823,3.454275162701572,False,54.4356575012207,23.99260711669922,2.270352309867013,False,True,other oxide (mixed-anion / molecular-ion)
9c6b0347d3,ZnSn2(ClO)2,7,144.59020144146055,4.659629904133895,405.7338,41.91599115863081,17.64521576044818,0.059324608656957,0.0288672106290185,0.3154178466799562,1.8724872111025528,1.476668378984808,1.013172910029564,1.483937756087142,2.0705828282145813,False,27.07860565185547,17.826383590698242,2.3596635706548774,False,True,other oxide (mixed-anion / molecular-ion)
3dcd36d0f5,NdSmMn(TeO)2,7,167.24968497265797,6.321863798992198,636.738845,61.11093165865023,21.793098597347782,0.016788033479195,0.0673866610155636,0.3406361706629662,2.055998115353832,1.525429022936413,0.7695539212102193,1.5146608135339206,2.900982784138566,False,55.14290237426758,25.369726181030277,2.5214927937803298,False,True,other oxide (mixed-anion / molecular-ion)
02c977c62e,Pr2Mn(TeO)2,7,172.03122205798454,6.022726000049638,623.9521449999999,63.32736766904019,21.9046398767305,0.0240662576700329,0.0985477742755773,0.3449314979884948,2.0901219837328617,1.5372836646276162,0.587696531059414,1.5351051007826273,4.074092474977165,False,55.49690628051758,23.95329093933105,2.235800662443291,False,True,other oxide (mixed-anion / molecular-ion)
a857982103,Sm2Mn(TeO)2,7,164.63927614427803,6.483804665842176,642.8568449999999,62.620196356237294,22.67718751044868,0.0172224916418025,0.0590475401869019,0.3384338344483117,2.038848194134837,1.617514892518257,0.8974014594697266,1.625356210251396,2.872670997757802,False,57.25887298583984,26.22571563720703,2.590952907958622,False,True,other oxide (mixed-anion / molecular-ion)
86de4f66a6,Dy2Mn(TeO)2,7,157.78424717843805,7.021022790606646,667.1368449999999,63.35705268678565,24.199008165210145,0.0118802331872833,0.0612842330661813,0.3305946511956175,1.9796272672846829,1.7905528665409531,0.9876953510629992,1.8050462145447337,3.310007237163305,False,66.11869812011719,27.334325790405277,2.341942612590393,False,True,other oxide (mixed-anion / molecular-ion)
af06b96a62,Ba2Hg(IO)2,7,215.6948120959967,5.8590011296938425,761.05174,27.59457274878816,15.981496851685137,0.0769745876121607,0.1067701098624669,0.2572804832781546,1.5355678016189689,1.8035265751160063,0.6099871691320449,1.828440155202483,5.015633751495464,False,28.274497985839844,13.817922592163086,1.2206891091742489,False,True,other oxide (mixed-anion / molecular-ion)
d890b52180,Nd2Mn(SeO)2,7,149.80021046067014,5.9120965681542055,533.340845,68.62681597808262,24.949359498996497,0.0178022389020692,0.0233363319516039,0.3378717217475575,2.034507741712245,1.9022897996641333,1.4977047288390146,1.8798875401634807,2.412627488141003,False,61.24102783203125,26.75540542602539,2.5770207133348446,False,True,other oxide (mixed-anion / molecular-ion)
4685f33ad1,Ho2Mn(TeO)2,7,156.02462341263757,7.15193572432041,671.997485,66.20568364494333,25.69766549738255,0.020691073181805,0.0688731777653432,0.3281588526193622,1.961784628749752,1.968365721543607,1.0015037448538533,2.0116584094752783,3.91547259360874,False,66.34539031982422,27.563051223754883,2.3532209503739265,False,True,other oxide (mixed-anion / molecular-ion)
5503eef436,Tb2Mn(TeO)2,7,159.07179356823931,6.889562749557842,659.987545,61.181234063575566,24.98429676530969,0.0025640978844736,0.0716666776329233,0.3202809918304274,1.9057961800161287,2.044323151651638,1.013479802278735,2.05589091788643,4.092374946824164,False,60.996803283691406,26.845117568969727,2.4669505716446327,False,True,other oxide (mixed-anion / molecular-ion)
d7a4292447,Pr2Mn(SeO)2,7,152.39269235025213,5.738855714120152,526.6721449999999,73.03959760084796,26.92242586777012,0.0043524697789546,0.0254822142558258,0.3358663681642393,2.0191432326570844,2.2098249332176,1.7186506050818997,2.2493459520050143,2.856778500384612,False,67.42626190185547,26.07841682434082,2.220220627492045,False,True,other oxide (mixed-anion / molecular-ion)
c58512f97b,Sm2Mn(SeO)2,7,145.5911141995174,6.22257526636618,545.5768449999999,73.9289381438717,27.6655883299078,0.0112991143686942,0.0134313056651477,0.3336420814734173,2.002317757860916,2.213570805003556,1.912759307405541,2.2034883992925542,2.560372549833491,False,65.57818603515625,28.52987098693848,2.727483625823861,False,True,other oxide (mixed-anion / molecular-ion)
3799952409,Y2Mn(TeO)2,7,158.36979805482417,5.451764688755365,519.948545,66.26628725644386,27.03661999766256,0.0439245857486545,0.0562764830401702,0.320422682568825,1.906780685315387,2.5807438808261454,1.4153728153038396,2.562740765704107,4.619146935345142,False,62.92539978027344,26.48851585388184,2.5881963973543543,False,True,other oxide (mixed-anion / molecular-ion)
543092864c,La2Mn(SO)2,7,143.19831771507444,4.973300867971035,428.877785,76.80720547487442,31.66753691417098,0.0257409793720745,0.0583197039886387,0.3187589804227683,1.8952714075685315,3.3497327107893047,1.880962714295489,3.3343243607639783,5.855377253342648,False,73.9056625366211,36.67516326904297,5.077777971526831,False,True,other oxide (mixed-anion / molecular-ion)
f361d7516d,Li2Mn2Se2O,7,110.75645513519676,4.462991357746694,297.67749000000003,65.36836450499344,38.67551627129468,0.0321997019307355,0.0215717958206171,0.2529043200809787,1.514038590533647,6.361869703805224,5.013822531843002,6.363803704817926,7.946769544979006,False,71.93496704101562,28.90829086303711,2.7538290576191486,False,True,other oxide (mixed-anion / molecular-ion)
f4b3cdc686,Ca3C3O,7,102.74021410770467,2.7842417446897896,172.2655,62.20546872223891,39.049453621547,0.0344766001834232,0.0285825604849859,0.240438449629558,1.4551341277360363,8.440889213281153,6.337531456528262,8.428615448168369,11.162897171368758,False,74.13926696777344,37.1744270324707,6.266619532689055,False,True,other oxide (mixed-anion / molecular-ion)
dc89ac5634,Sr3CaP2O,7,176.76924652432788,3.5779656784223515,380.884924,52.072559116027946,36.489397358774376,0.0474620796545228,0.0338563975637028,0.2159725655042927,1.348999867502379,8.937212413051068,6.262362980620501,8.958374021015274,12.647173802104897,False,53.6724739074707,38.823822021484375,10.09693500362563,False,True,other oxide (mixed-anion / molecular-ion)
44cc9d9400,NbIClO,8,209.27518949753195,4.304793374395921,542.5265,15.057897490349257,9.630557738917794,0.0515846904033893,0.0950813481441355,0.2364102865556606,1.4368296947004795,0.9387921906087464,0.3587700659685537,0.9330270216094524,2.2138291928234173,True,11.780754089355469,7.249369621276855,0.5908151380592804,True,True,other oxide (mixed-anion / molecular-ion)
0d392955a3,Nb2I3BrO2,8,232.30843707796257,4.849405490141894,678.4289699999999,13.017284324000943,9.276549031788944,0.0216257165428547,0.0484083908325905,0.2120777230210989,1.333157944076756,0.957768116596644,0.6077168291248723,0.9500104928011152,1.47569090021917,True,11.798924446105955,7.893750667572021,0.7091589277169904,True,True,other oxide (mixed-anion / molecular-ion)
3a65500650,Nb2I3ClO2,8,229.53738921950549,4.5863778079869,633.9779699999999,14.010361055717311,9.674469825063817,0.0269464647106784,0.0444706312092724,0.2193395312921136,1.3629170185161517,1.014886137053704,0.6769746359045742,1.0184329353007384,1.5397298205147043,False,11.452990531921388,7.647311210632324,0.6912835226431484,True,True,other oxide (mixed-anion / molecular-ion)
bf0010345d,NaTeOF5,8,151.46468064673357,2.867769409984944,261.58118528,14.622595931425808,9.616402144667958,0.103636380306498,0.0554106474807437,0.2303015482992586,1.409715736333646,1.0580027342597114,0.546133688639545,1.0394249173575512,1.862578121574527,False,16.14007568359375,11.821505546569824,1.592732464415192,False,True,other oxide (mixed-anion / molecular-ion)
a58b69d9b3,TaCrOF5,8,132.77319260198323,4.301456875820733,343.935396,68.20533654413899,24.3890247714686,0.0232641784285826,0.0798904097550638,0.3402500746220182,2.052974798595247,1.7790999783445962,0.8052029538533476,1.776188760788747,3.8814996891809503,False,35.566646575927734,29.40239715576172,5.429375119770414,False,True,other oxide (mixed-anion / molecular-ion)
23524fc2d0,TaVOF5,8,128.71887448674215,4.423336981547583,342.880796,77.84524560102177,30.86573061822095,0.0519776169213054,0.0465920174313539,0.3248928178089073,1.9382594985497352,2.766975277303253,1.6511936304859725,2.754587264647844,4.554847994332478,False,47.89176559448242,31.25141716003418,4.692685733570567,False,True,other oxide (mixed-anion / molecular-ion)
5a7f25391b,NdHSeO,8,150.7829683641715,5.2907433527388665,480.41868,65.82715894287315,30.831690675986387,0.0314296163191048,0.0658192023429479,0.2974381568989153,1.7569582556274133,3.1806099411086253,1.6750280196437364,3.1686326261331565,5.936596373397227,False,62.07950973510742,38.00724792480469,5.70723426832961,False,True,other oxide (mixed-anion / molecular-ion)
81e6896777,GdHSO,8,130.4928232409378,5.250960134848461,412.64468,75.80473422650225,36.276079138379394,0.0134021654834649,0.0550206690165714,0.2936438220914435,1.734000800359252,3.971228824818631,2.387203786241012,4.001687860011189,6.824038503697775,False,,,,False,True,other oxide (mixed-anion / molecular-ion)
7bc6eb256e,ErHSeO,8,132.69508347682785,6.588000249687445,526.4526799999999,75.83752716887868,37.96883588776487,0.0037613095841566,0.0334975221320494,0.2854717878538474,1.6861084176383458,4.000896591683818,2.92257415169068,4.045092767245375,5.507439246951961,False,80.67372131347656,34.22515869140625,2.876384222313765,False,True,other oxide (mixed-anion / molecular-ion)
d4633fc2a7,NbCrOF5,8,132.7850930283851,3.200071650477489,255.893896,59.91503207726686,30.74089558936095,0.0359877395457527,0.0349876258069707,0.2809291583488382,1.6603637586799267,4.289664882128311,2.967960589651007,4.265727514431316,6.030217019118815,False,40.33242416381836,26.484525680541992,4.375029559926819,False,True,other oxide (mixed-anion / molecular-ion)
63b345f98c,Gd2Zn2AsPO2,8,141.9735562201307,6.82131663285745,583.2121619999999,93.361750914349,42.60606847128837,0.0208515753020379,0.0837052477105471,0.3019497318166689,1.7848769928275197,4.339643436219067,1.9342725781104195,4.337423160777153,9.49158367821852,False,84.82665252685547,42.38160705566406,4.7324150759659735,False,True,other oxide (mixed-anion / molecular-ion)
287bf14768,NbFeOF5,8,130.27678687298942,3.3107437708685348,259.742796,75.9459203045546,34.62806896923038,0.0685250117106528,0.0489393417448438,0.3020995591044333,1.785816015892436,4.431127367189834,2.494320685135123,4.438694749155047,7.467585196044677,False,45.42339706420898,23.24049568176269,2.7468030780643757,False,True,other oxide (mixed-anion / molecular-ion)
50426db9ff,MnNbOF5,8,133.7278139781779,3.2140436131514294,258.835841,46.86614346557282,28.721419390649302,0.2059375254574308,0.0358741697257657,0.2455577173020375,1.478901979144993,4.625999315190171,1.8218313617297293,4.560848673068126,9.187809393336105,False,43.63588333129883,21.15562438964844,2.3102894951650352,False,True,other oxide (mixed-anion / molecular-ion)
e733552a77,Rh2OF5,8,99.80160030854466,5.271085706740983,316.802416,61.998151851778246,38.591172055446215,0.0476534589467183,0.00515864247721,0.2422508345748189,1.4634831462955222,5.180516417261563,4.305420684910255,5.192843455679998,6.107891919070409,False,64.05072021484375,40.24058151245117,5.5656028906699015,False,True,other oxide (mixed-anion / molecular-ion)
7cf1812d31,DyErZn2(PO)2,8,132.5524355304221,6.946742550935994,554.523324,108.1505392121355,52.77762694049533,0.0224405570911236,0.0500762834580797,0.290137054459986,1.7131946766404893,6.215990243382135,3.8783501138666487,6.271753039636378,10.14502853374206,False,97.35616302490234,49.52873992919922,5.899123065035532,False,True,other oxide (mixed-anion / molecular-ion)
387c9e89d1,DyTmZn2(PO)2,8,131.80896860326288,7.007029988702647,556.198534,110.34225496222732,53.788619706891936,0.0211793346191402,0.0504224447599955,0.2903334097581575,1.7143494310839662,6.348770724531171,3.801685727052016,6.358539569234511,10.464331884631688,False,97.99400329589844,51.52034759521485,6.432574596151806,False,True,other oxide (mixed-anion / molecular-ion)
a6edd3a28d,NbSb(O2F)2,8,118.265010718344,4.446180693835342,316.6607864,42.86975168177269,41.88979748578853,0.0830384372597492,0.1019558842108632,0.1314660093655418,1.0570484115912948,10.018369206269124,3.6367355411033584,9.697588138448468,23.430881049110138,False,51.09851837158203,38.42584609985352,7.067981102826183,False,True,other oxide (mixed-anion / molecular-ion)
ddfd779509,NbAg2OF5,9,145.04003876690055,4.804321503476135,419.634196,47.624110959537,8.342847384274924,0.0806009583204509,0.1817361022009627,0.4172419656898437,2.841021679367547,0.1416843815485321,0.0262012212467625,0.1343960914587737,0.8700388402702852,True,40.55490493774414,14.680231094360352,0.7294016701091176,True,True,other oxide (mixed-anion / molecular-ion)
198468c59e,V(OF3)2,9,128.5474611956122,2.5438942944543816,196.9307192,6.24544631054811,3.820818604056623,0.1325945574515759,0.1215771096923182,0.2459241973633341,1.4806256656552186,0.2209559334425295,0.0623068694557536,0.2257354879529509,0.6949024509376537,True,8.888897895812988,5.357105255126953,0.3615272691140203,True,True,other oxide (mixed-anion / molecular-ion)
28362a88b3,Cs2RuOF5,9,197.78041007368003,4.012154978785394,477.8723198,26.53454920792516,8.559582052870217,0.163187870506225,0.0586529219317951,0.3543681631628513,2.16838721282298,0.347092655709403,0.1458713376076358,0.3465101838732158,0.8152837935675749,True,17.312646865844727,7.415807723999023,0.38137465473323,True,True,other oxide (mixed-anion / molecular-ion)
2c8d4b19df,Rb2IrOF5,9,173.81992324805017,4.529599646290612,474.144016,18.659174292854544,8.689897887988083,0.0895519869455482,0.0629786863740483,0.2984325541753442,1.7630530552841466,0.4765432878384605,0.2302435442583534,0.4685960466902926,0.9078474735634392,True,14.67652988433838,9.177075386047363,0.6961178209184612,True,True,other oxide (mixed-anion / molecular-ion)
3d26d1d90b,Rb2Os(OF2)2,9,174.23923408493758,4.4711813263108,469.1580128,23.35490380882296,10.143146003151823,0.0794826064286583,0.1218592322999118,0.3103088713212659,1.8384737031657263,0.562224369633318,0.1547375593376704,0.5741265786796494,1.7164352792592203,True,15.537732124328612,9.440876960754396,0.7116654771552492,True,True,other oxide (mixed-anion / molecular-ion)
4212cc1a82,Zn2InBCl2O3,9,197.26837301062093,3.1595806395810184,375.3512,38.31014738170515,11.596109271031244,0.0530531114188737,0.0270115339434036,0.3625255828767723,2.239956479898038,0.5742912765375695,0.4039779806592783,0.572963746140573,0.8126275953490244,True,32.63093948364258,13.470681190490724,1.0104127402197198,False,True,other oxide (mixed-anion / molecular-ion)
b52c3705f5,Cs2Te(OF2)2,9,189.0866464945939,4.403271261803082,501.4033166,23.98186377479653,10.815774330108134,0.0765609610805967,0.0551235233236908,0.3039705922339317,1.7976078101663655,0.6672588542316138,0.3619427425309266,0.6577134949939079,1.2026028153717463,True,22.718795776367188,7.906653881072998,0.3150778718291801,True,True,other oxide (mixed-anion / molecular-ion)
7b2a583a1e,Rb2Te(OF2)2,9,164.83534285889078,4.095333174043256,406.5280128,24.035291917083857,12.181411411310409,0.0264704695820391,0.0630506256679849,0.2832162152552755,1.6732490606440258,0.8922868960159436,0.4990617428157888,0.8885584864924305,1.614254341338151,True,35.073970794677734,9.59460163116455,0.3196480147649813,True,True,other oxide (mixed-anion / molecular-ion)
1924ce28d2,Ba2Sb2Se3O2,9,246.41794760643063,5.303720513857459,787.0528,36.17668135380301,15.447017588501598,0.0114731963851014,0.0128910590665091,0.3131063434284167,1.856976387228224,1.069386647291361,0.929161960124072,1.0700738729584578,1.22129116776517,False,31.75380516052246,13.045465469360352,0.7962998013681052,True,True,other oxide (mixed-anion / molecular-ion)
d248fda41d,K2Te(OF2)2,9,148.21719527238116,3.515509210619452,313.7890128,31.63322340604877,14.737088513784435,0.1171327767785625,0.0750185607436655,0.2983738936981308,1.7626926035405182,1.133235076573216,0.4817057609653704,1.1260511514359623,2.5765770769192464,False,41.176753997802734,16.75920867919922,1.1901286178061876,False,True,other oxide (mixed-anion / molecular-ion)
d53be0a61f,Ba2Sb2Se2SO2,9,237.5228448713508,5.174495719481509,740.1578,38.56588103520157,16.35088070986246,0.0159569067727034,0.0186558479124261,0.314262815243067,1.8647111970170904,1.155897106336091,0.9611131284454112,1.1516137824932358,1.3930595439347473,False,36.4271354675293,13.734956741333008,0.783905747546904,True,True,other oxide (mixed-anion / molecular-ion)
76bfc0ee60,Sr2Bi2Te3O2,9,263.4406522464029,6.353699411927366,1007.9996,30.5232283341894,17.58747829602933,0.0365309041804772,0.0582522971131729,0.2583189536367976,1.540744460523961,1.6538979057826066,0.9343725666002136,1.63415291818125,2.793727655769988,False,39.241790771484375,18.925413131713867,1.5407442839066303,False,True,other oxide (mixed-anion / molecular-ion)
e39b32b82f,Ba2Bi2S3O2,9,230.4888919412629,5.913450912649046,820.8086000000001,37.14595086656616,19.407693303941848,0.0210408557611146,0.0124799092804357,0.2775121823607842,1.6413946567253694,1.7226849904392447,1.4912672750207274,1.7208284200053958,1.9834197550916028,False,41.29896926879883,15.21639347076416,0.8254611915579818,True,True,other oxide (mixed-anion / molecular-ion)
227d88029e,Ba2Bi2Te3O2,9,283.4171960632256,6.488327362617461,1107.4136,27.739271308348737,17.134143508653786,0.0472599810233663,0.0279365381383912,0.2438892481996596,1.4710923453646223,1.7259958420546426,1.2639695328457332,1.7354842714280108,2.3611415138105047,False,34.681182861328125,14.776358604431152,0.9455532624652728,True,True,other oxide (mixed-anion / molecular-ion)
dba15e3146,Ca2Bi2S3O2,9,202.08562139808828,5.146398904501995,626.3106,39.932372581963264,19.84760163368268,0.0156455228718184,0.0377810937530973,0.2868060992009193,1.6937874175594083,1.7365268343526046,1.2025113745002385,1.7546556816236871,2.527038215127104,False,47.88446807861328,22.91551399230957,2.0712455204131244,False,True,other oxide (mixed-anion / molecular-ion)
e4f4889e2f,Sr2Bi2S3O2,9,210.66617561192223,5.686266026942213,721.3946000000001,43.33405959191855,21.10655301462406,0.0336308364401092,0.0443155323026931,0.2904831233323096,1.7152306981505971,1.7988276988246297,1.1608787025627578,1.766079685844724,2.77783056109673,False,51.85252380371094,21.27635383605957,1.5182364266923332,False,True,other oxide (mixed-anion / molecular-ion)
5142165b59,SnTePbO6,9,137.92638545324976,6.615680116774071,549.5064,65.04131419778408,28.65203454338004,0.0868125103052965,0.0149203905546829,0.3079416192703765,1.823041949208344,2.060842789776201,1.3842213850788854,2.069553440731104,2.999463268405899,False,79.74811553955078,31.962934494018555,2.1941389993596383,False,True,other oxide (mixed-anion / molecular-ion)
94f3d61989,RbTeAuO6,9,158.34267001189983,5.306743039870314,506.030769,47.9802668047508,24.42470815913168,0.0806305222380399,0.0508562038782888,0.2823956786093818,1.668608506060585,2.205904375556736,1.2144727118642211,2.212682422967508,3.835675839176405,False,40.68527603149414,20.60186195373535,1.699578439671905,False,True,other oxide (mixed-anion / molecular-ion)
213e7d2a4a,KTeAuO6,9,151.56469774809443,5.036037461127336,459.661269,45.88086782783224,24.68568409051454,0.0949044268319676,0.0566845935138344,0.2718911060471259,1.610904059069772,2.3991043554279394,1.2949055107230814,2.3969947051763096,4.347017143080801,False,39.6528434753418,23.510665893554688,2.4562093987495097,False,True,other oxide (mixed-anion / molecular-ion)
a75b8d65f2,Ca2Sb2S3O2,9,184.9939696275586,4.056064413752042,451.86980000000005,43.01502923560948,22.748963187710608,0.0143192294959859,0.001954950957523,0.2751990635965461,1.6287415019731908,2.483688351520927,2.3386633094535223,2.4821842849190072,2.625806989157582,False,49.97408676147461,23.067901611328125,2.203089877817894,False,True,other oxide (mixed-anion / molecular-ion)
7fcefe5a32,InPbIO6,9,139.94716404736477,6.465719253306848,544.91887,67.08171047539994,32.172910939700266,0.0585760045012475,0.0955210105418157,0.2932492025020917,1.7316399560949869,2.7259505713953747,0.9692349200920136,2.6111751521780646,6.744347840397856,False,71.9825439453125,26.933290481567383,1.600874377105097,False,True,other oxide (mixed-anion / molecular-ion)
6afdfe434a,CdSnTeO6,9,121.9236396599931,6.193023847741044,454.7174,104.359874394296,40.70475342179476,0.0335866472335409,0.0311669181298628,0.3274171100525529,1.956402129601676,3.036983445464919,2.1814777996917583,3.052616820125481,4.263082813724983,False,106.4626235961914,48.250335693359375,4.603846133409732,False,True,other oxide (mixed-anion / molecular-ion)
1b747d2f10,TiHgTeO6,9,119.42842189848945,6.563455338820271,472.0534,84.91641979709829,39.71324050907008,0.1222850325328387,0.0131303373296276,0.2976996704715834,1.758557925036543,3.4279017010094104,2.0181552959352542,3.414951966757047,5.456968269259836,False,131.0159149169922,44.28357696533203,2.8419788000584014,False,True,other oxide (mixed-anion / molecular-ion)
b32c8db571,LaCoTeO6,9,119.42525960144977,5.859810502240217,421.435065,97.12681309416332,41.249253147905335,0.0630238707340249,0.0311390936383562,0.3139856990223281,1.8628531443004008,3.4671993289197114,2.2984097892470463,3.469199952848638,5.126454139741577,False,117.43635559082033,50.71992492675781,4.81310025300496,False,True,other oxide (mixed-anion / molecular-ion)
833013cde6,BaCoTeO6,9,133.52524375748283,5.22139679151232,419.856595,67.98261379232805,35.80541898070517,0.0488718544888219,0.0744968785683044,0.2759858264662167,1.633028414973634,3.861168543722986,1.8212874838645663,3.789897091141194,7.770461914563107,False,71.18685913085938,34.298973083496094,3.302923247570773,False,True,other oxide (mixed-anion / molecular-ion)
2518ad54d1,LaNiIO6,9,123.67722262348664,5.645795013253322,420.49974,68.41451539330417,36.84167892193743,0.0338700882182859,0.025118164931522,0.2717228783389977,1.610004911995097,3.8638294785834617,2.940354206821385,3.837642864260172,5.115624388429132,False,104.46026611328124,45.60957336425781,4.279826212310876,False,True,other oxide (mixed-anion / molecular-ion)
ba4004d944,FePbIO6,9,131.47986057873388,6.13730573612911,485.94587,47.28447578755031,33.30087557942905,0.01506532324615,0.0957801500441625,0.2148153797531227,1.344264600916764,4.211843185448159,1.7222356915880703,4.259296866282902,9.801858758037426,False,72.14804077148438,32.468788146972656,2.598471863153412,False,True,other oxide (mixed-anion / molecular-ion)
b2782e63a5,ZnBiIO6,9,121.96999210742636,6.770271176220703,497.29027,54.62358833769501,36.4122193343193,0.0904482397030768,0.1357772271913213,0.2272942123393778,1.396644464453802,4.249440259917692,1.0592647904521082,4.174820297208782,15.271042392904848,False,71.71726989746094,30.4477596282959,2.059316408105295,False,True,other oxide (mixed-anion / molecular-ion)
4861950793,BaLaIO6,9,166.56263765368612,4.976088415421339,499.13334,45.0531320713982,30.489100242459745,0.0111933561063573,0.0591067193172256,0.223911467100718,1.3821536915891324,4.273399270020559,2.4832803044073426,4.272245810311556,7.395745781329485,False,69.52108001708984,33.03047180175781,3.3919943885416863,False,True,other oxide (mixed-anion / molecular-ion)
d32c6cde99,HgGeTeO6,9,117.32473137788088,7.031762510614296,496.8264,99.0081066968359,46.87479333843937,0.0978904656970698,0.060877784074259,0.2955441370389393,1.7454398933129962,4.276366917247969,2.008153177053301,4.25200169245362,8.623441963469816,False,129.37876892089844,37.33675765991211,1.7740321736377165,False,True,other oxide (mixed-anion / molecular-ion)
a07d17d112,BaHfTeO6,9,149.14805094254223,6.005556353827495,539.4134,55.50314737868997,34.97140277199238,0.077590798937473,0.0153923056155962,0.2396422266249416,1.4514886156209403,4.3049705718393785,3.042225798977693,4.292032355496706,5.816444816997096,False,88.15779113769531,43.5228385925293,4.684578854257334,False,True,other oxide (mixed-anion / molecular-ion)
8c28fad4eb,CsTeAsO6,9,156.6468595455402,4.5733154128124,431.4234519,54.618580703759314,32.826431129484,0.1531944709496395,0.0323082751114166,0.2496486545633654,1.4983149627764878,4.356785033910515,2.2410212818490662,4.319060216452767,7.728157056754491,False,35.844120025634766,16.082521438598633,1.108908470493377,False,True,other oxide (mixed-anion / molecular-ion)
e2836c8f84,PrNiIO6,9,122.09066752697048,5.746392898529521,422.50192,72.9865615738148,40.37892935447989,0.0433983926856127,0.0458371762249537,0.2664505370804992,1.5822082663060557,4.496060991097918,2.863087702983035,4.58185072076253,7.1205660874150665,False,99.30118560791016,47.45711135864258,4.931493492652392,False,True,other oxide (mixed-anion / molecular-ion)
e666291839,SrSmIO6,9,147.7700669837057,5.179064382756412,460.88087,52.58179980073153,34.49890248747038,0.0288434236305723,0.0566450686491965,0.230819830691754,1.41198665345204,4.705805664123535,2.800538884830109,4.76602230881044,7.961616039027685,False,79.05030059814453,36.0560188293457,3.490773183705552,False,True,other oxide (mixed-anion / molecular-ion)
48138c6250,BaNdIO6,9,163.55872163435907,5.121658569212109,504.46987,44.90227344000033,32.08138604472924,0.0103809863827144,0.0639539477768997,0.211477926911324,1.3307424163902604,4.750838112748462,2.6099550777382925,4.674363364453228,8.269620317678609,False,70.40043640136719,33.21076965332031,3.3255829951393148,False,True,other oxide (mixed-anion / molecular-ion)
b55bce1af6,CaCoTeO6,9,114.26295342029717,4.688330726559537,322.607595,80.13356695226199,41.60768249998415,0.0567853707701186,0.0709638125286466,0.2786891190712613,1.6478906150578547,4.776135236747761,2.2810053385378914,4.796672779322769,9.647229660546286,False,95.4277801513672,46.90763473510742,5.40382402414589,False,True,other oxide (mixed-anion / molecular-ion)
e218c1b1ea,VAgTeO6,9,120.9994116285506,5.24796162805056,382.4061,98.50720719727428,47.465403511693545,0.0643805547441992,0.1294938616414465,0.2924174967083605,1.726680511879752,5.190504881714294,1.4373089756581896,5.200053052543952,17.8547721145075,False,103.01966094970705,37.41786956787109,2.6833786759222904,False,True,other oxide (mixed-anion / molecular-ion)
1a3e76164e,GaPbIO6,9,129.7689745699744,6.395805056363825,499.82387,56.64538977872476,39.67255388736061,0.1017985030475121,0.0973104770979204,0.2160956380256253,1.3495049178965948,5.314404022931873,1.9760094076174683,5.443102398315091,13.735297941376238,False,74.6451416015625,30.922016143798828,2.1561294556681787,False,True,other oxide (mixed-anion / molecular-ion)
7ccc07ffbf,BaCrIO6,9,140.44656818404343,4.87383932680582,412.22397,53.83478321766831,36.52035645529596,0.0418931136602934,0.0628429298092751,0.2233651509474571,1.3798341620405667,5.359934858205234,2.861208461157582,5.302629331995543,9.568024442500642,False,71.5545425415039,36.694786071777344,4.103444821035676,False,True,other oxide (mixed-anion / molecular-ion)
363a62540b,SmNiIO6,9,118.05483439313744,6.075794735632729,431.95427,84.72537962171954,46.7953149361712,0.0382223096418611,0.0419775473416591,0.2667786379149734,1.58391668021346,5.3852841753934175,3.466517440263135,5.321581997856338,8.221273144407716,False,114.77297973632812,56.094852447509766,6.2384414417448655,False,True,other oxide (mixed-anion / molecular-ion)
9be7ff0d16,NiBiIO6,9,119.53631829470288,6.814819273161729,490.57467,52.36222610662866,40.03413258175832,0.0283771486742511,0.0970281197740731,0.1953584017945182,1.2681279863814634,5.496174151566614,2.172904653562971,5.39179088507614,12.71315713147414,False,72.66891479492188,39.47947692871094,3.891687899285841,False,True,other oxide (mixed-anion / molecular-ion)
603b92f5f5,CaTePdO6,9,120.82878306047476,5.086173963044226,370.0944,71.0384566457513,42.5587225753354,0.0824788002431917,0.0276187668996567,0.2503146164101091,1.5015112999199367,5.575648799571326,3.6274717227116815,5.543957220163351,8.142330172635413,False,99.4254913330078,44.44659423828125,4.41334832602637,False,True,other oxide (mixed-anion / molecular-ion)
d0cecb26ba,NdNiIO6,9,120.80656309101371,5.853305856946154,425.83627,75.15966361072898,45.27489831092647,0.0395808224132304,0.0462538976054424,0.2491731414041,1.4960389393086757,5.733050309986562,3.677995130126948,5.752602080915247,8.813419013420756,False,104.87532043457033,51.89375305175781,5.77236983542466,False,True,other oxide (mixed-anion / molecular-ion)
0b3b975fa9,CrCdIO6,9,114.48742404753618,5.617560367347053,387.30797,89.65839132741016,48.51917900759638,0.0337603986888579,0.0977441912723737,0.2707714552210427,1.6049341069077097,5.733799482933241,2.166311408176962,5.72196354589906,13.658274817602232,False,103.94964599609376,48.76372528076172,4.987026113173023,False,True,other oxide (mixed-anion / molecular-ion)
d6e338ab84,BaTiTeO6,9,141.33489884998846,4.8028649379791135,408.7904,55.86812426718735,37.9428660814579,0.0726131957253325,0.0286903545955699,0.2231084230006239,1.378746129134631,5.736017142694918,3.9612199290961225,5.777832006130554,8.224600912609953,False,82.16778564453125,43.155757904052734,5.413654626111338,False,True,other oxide (mixed-anion / molecular-ion)
e0642b0baf,SrCrIO6,9,128.69635962367607,4.677471791678832,362.51697,63.0033803590561,41.02587869074459,0.0148647519806344,0.048944489544712,0.2324818169858598,1.4193054155297278,6.088770552477746,3.736927681072207,6.000193215230871,9.455068099900624,False,83.87864685058594,42.12015151977539,4.896392116143937,False,True,other oxide (mixed-anion / molecular-ion)
9cf2c4f9bf,MnCoIO6,9,103.19675965951296,5.419000052159805,336.77211,97.35691473370882,51.930263263191534,0.0430739945107045,0.0564294270873535,0.2735605617292644,1.6198687144938448,6.153863588255595,3.554629523381462,6.10815222459755,10.344526201716851,False,112.39494323730467,52.92860794067383,5.568853100602147,False,True,other oxide (mixed-anion / molecular-ion)
d69803c09d,VHgTeO6,9,118.94847945098326,6.632858564695109,475.1279,111.82520885977682,56.13531275126771,0.0941660870965887,0.1132664613988982,0.2849831026915788,1.683309453135698,6.160299595743678,1.8359931716141624,6.204403857473721,18.076576362607547,False,131.22195434570312,41.38423538208008,2.362620147312388,False,True,other oxide (mixed-anion / molecular-ion)
650ec2b092,KTeAsO6,9,138.4586677588902,4.049042689262901,337.6163,56.86716180638275,38.59584732648641,0.1550678228066432,0.0353455857403558,0.2232576045311088,1.3793782186584382,6.361454524506802,3.241219448850547,6.35888102269573,11.320602554084951,False,43.56203842163086,27.44169044494629,3.554369709063943,False,True,other oxide (mixed-anion / molecular-ion)
9d241c96d6,CaTePtO6,9,122.5147649106096,6.217913791460568,458.7584,67.11185356123939,45.93631830597544,0.0976907129826429,0.0434401111466632,0.2213412307922198,1.371290670152243,6.449745706307507,3.8183639640790688,6.444068769268228,10.491765112278763,False,99.55462646484376,47.54216003417969,4.75530417613634,False,True,other oxide (mixed-anion / molecular-ion)
18570ba7b6,GaCoIO6,9,102.04527052407737,5.720737848890384,351.557065,128.4534854373223,61.87516691344914,0.0993037263744743,0.034097519733151,0.2924746027590156,1.7270203291617543,6.98843262409801,4.174594384223045,6.992318325832356,11.524905450440412,False,127.47312927246094,68.32694244384766,9.05025115802462,False,True,other oxide (mixed-anion / molecular-ion)
182ae9669f,CaTiTeO6,9,119.69957769781004,4.321875450488727,311.54139999999995,63.248146358241726,45.05732867091231,0.0598301927527167,0.066007912377961,0.2121572224294968,1.33347858641742,7.736743808394173,4.02652101787551,7.755131959538835,14.65654594620357,False,110.76368713378906,52.95803451538086,6.662210554945864,False,True,other oxide (mixed-anion / molecular-ion)
e12d613d8f,YNiIO6,9,114.1319822093133,5.390512916627015,370.50012,67.31253596262654,50.890782763098834,0.0440113811575676,0.04441701575159,0.198071193871467,1.2783640297727394,8.635119885571902,5.590303431844019,8.60850735911134,13.056460579910915,False,113.43870544433594,58.92972183227539,7.508696996180727,False,True,other oxide (mixed-anion / molecular-ion)
3f02609b0b,MnZnTeO6,9,101.3294675456942,5.636381417516945,343.943445,116.16653622837951,67.1954347917883,0.0159352561128973,0.0198891461923008,0.2575310223941195,1.5368143059620722,9.57363170664896,7.787032916762694,9.513967053653582,11.619927790150568,False,131.61512756347656,68.02447509765625,8.707421887046836,False,True,other oxide (mixed-anion / molecular-ion)
a70166f2b2,BaVTeO6,9,140.34456477737592,4.873133196513206,411.8649,75.15828825391503,53.98042578811715,0.0672621836502557,0.1024748466283546,0.2102554812154167,1.3258389800622952,10.14981847902267,3.5921673069887485,10.121443326821858,26.545915536865504,False,82.7408218383789,39.17423248291016,4.166223542699065,False,True,other oxide (mixed-anion / molecular-ion)
50a6e31335,CaVTeO6,9,119.15416979625672,4.384504499899089,314.6159,91.45266024867814,59.773068290204655,0.0794259805095966,0.0963164396776816,0.2316633617440842,1.4156942577290117,10.817378967326263,4.132955848534123,11.06864016169248,26.60807761944869,False,109.25025177001952,48.28397750854492,5.292573918826308,False,True,other oxide (mixed-anion / molecular-ion)
b4912334c6,KVTeO6,9,142.18802830275325,3.6627919364539214,313.6362,54.55881941621323,49.57029047744409,0.0970809883587662,0.1209044548422557,0.151317376886829,1.1170262574521868,12.672288443208656,3.99384086820624,12.652781569571324,36.22041783198931,False,52.55316162109375,26.854143142700195,2.964683429349584,False,True,other oxide (mixed-anion / molecular-ion)
d65aab5db5,MgMnTeO6,9,101.66566627392842,4.946377164121426,302.839445,116.81598093247707,75.84318949747268,0.0395324216785733,0.0046374678876498,0.2331288980050662,1.4221700935214132,13.719453208928082,11.744377760843587,13.741831437266798,15.934715556396636,False,126.14788818359376,70.31816864013672,10.55678301330087,False,True,other oxide (mixed-anion / molecular-ion)
d29e01978c,LiTaTeO6,9,106.00797928740724,6.445622191070794,411.48528,115.20456120437206,83.29821600294414,0.0771907887223705,0.0275515092829526,0.2086876719525324,1.3195885465303738,15.50066433474815,10.522018434279282,15.38204177965522,21.9032297499982,False,81.36991119384766,72.88304901123047,15.264099037587131,False,True,other oxide (mixed-anion / molecular-ion)
