material_id,formula,Number of Atoms,Volume (A3),Density (g cm-3),Atomic mass (amu),K_r9_pred,G_r9_pred,gamma_r9_pred,K_r9_spread_log10,G_r9_spread_log10,Kappa_r9_gamma,Kappa_r9_p05,Kappa_r9_p50,Kappa_r9_p95,Kappa_cal_derived_matbench,id_unverifiable,has_oxygen,stoichiometry_pattern,family
56ad730aa1,Cs4AsC3O11,38,804.8804562062872,3.377559092637706,1637.1378152000002,20.188166349166,9.442787560751308,2.0524119834931085,0.0961681043478631,0.073568867362815,0.1847478086377047,0.1008512492257734,0.1895457547945118,0.3473536715185967,0.1189012073170264,False,True,complex oxide (4 elements),other oxide (mixed-anion / molecular-ion)
7c2a47b04a,Cs12Ge4S13O,30,1118.2409522577143,3.4425296312797307,2318.2698228,23.488485416878387,12.238597147610417,2.084833287911337,0.064915261525176,0.0488532492953058,0.3685641252924409,0.3278334326357521,0.3692699267042174,0.4135797327599762,0.3952176192294501,False,True,complex oxide (4 elements),other oxide (mixed-anion / molecular-ion)
551aae45a2,CsRb(CO3)2,20,440.4701843925604,2.551417018283774,676.7821038,16.536381876585313,7.702558501038164,2.003141961487731,0.0991355944781855,0.0873789404472655,0.2556869873398764,0.1452668103384528,0.2572837773350729,0.4441581214806859,0.0935614252892194,False,True,complex oxide (4 elements),other oxide (mixed-anion / molecular-ion)
4377d56262,Cs2BO3,24,567.884185314223,3.796861253450827,1298.4804152,18.738187866498528,8.4328082126786,2.030874721916705,0.1209002661391524,0.0902881758506277,0.2119695399933573,0.0983510289918573,0.2089353831410937,0.4529799837129322,0.1691597561005645,False,True,"ternary oxide (A-B-O, other ratio)",other oxide (mixed-anion / molecular-ion)
660939cd61,IrOF8,20,346.77335352302646,3.44970100498633,720.4072512,61.18597844188522,14.838524979288373,2.1788256076111234,0.1286938980686675,0.0148554528813371,0.4606975615960619,0.4502290765400749,0.460580329699064,0.4719251354204087,0.0725167611346402,False,True,"ternary oxide (A-B-O, other ratio)",other oxide (mixed-anion / molecular-ion)
c0e87fb53a,Ba12TaNb3(P3O)4,32,990.1586681602666,4.265180504785175,2543.273764,37.024406128429895,16.025695911119648,2.1794716362188056,0.0391152444369419,0.0330402858101619,0.4079713501005054,0.3251145965052928,0.4099823282584365,0.5100118798518292,0.9759552685808373,False,True,complex oxide (5 elements),other oxide (mixed-anion / molecular-ion)
583f4c1916,Ba6TaNb(P3O)2,32,989.125116073555,4.417440956167791,2631.315264,36.9318574725605,16.06173832843773,2.171903644005482,0.0370951729747351,0.0351418060033318,0.4051153542206544,0.3220755987144261,0.4040724554729382,0.511563809985602,1.0024619007657103,False,True,complex oxide (5 elements),other oxide (mixed-anion / molecular-ion)
fd46afb628,Ba3TaP3O,32,987.170247122799,4.722381486858446,2807.398264,35.358876861747234,15.962694596832584,2.142242212831222,0.0271267768228529,0.0407042759014196,0.3993219282342349,0.3095870530386333,0.4003830366998142,0.5226126116658186,1.0779404130346972,False,True,complex oxide (4 elements),other oxide (mixed-anion / molecular-ion)
fc1b5f7275,Ba3NbP3O,32,989.1644748933804,4.121669551551934,2455.232264,38.99170488912822,16.351553945563765,2.1845761767876626,0.0636692696353228,0.0292282483080686,0.4256676849309845,0.3475541842038136,0.4267644492583396,0.5232539772664518,0.9339059030963844,False,True,complex oxide (4 elements),other oxide (mixed-anion / molecular-ion)
35c2a0315d,Cs2Li(NO3)3,30,525.6648744000574,2.898424095751447,917.5332076,20.25312626956766,9.655471291826332,1.9140683421771885,0.0792877334172853,0.1211787027919261,0.2601253902672311,0.1227754462859904,0.2607677407665411,0.5363803575939396,0.2381591999688905,False,True,complex oxide (4 elements),other oxide (mixed-anion / molecular-ion)
14c794ef32,Cs7Nb(SeO4)6,38,892.1461018105936,3.501060661324508,1880.9901433,28.620646101323327,13.037528010154135,2.1057680172007505,0.1134802296961938,0.0994618026723148,0.2890080342117938,0.149173288588651,0.2852090309463708,0.5631826198578106,0.1274978405039093,False,True,complex oxide (4 elements),other oxide (mixed-anion / molecular-ion)
abbd9e4b22,COF14,32,562.9635055646781,1.7343153906021582,587.9754896000001,37.13412433728801,13.288071667050517,2.090621554790101,0.1611967923056937,0.0682646466095836,0.4389657722322618,0.3262875576702539,0.4430154526802118,0.5937695961218091,0.0436744203135016,False,True,"ternary oxide (A-B-O, other ratio)",other oxide (mixed-anion / molecular-ion)
e9b19e4287,Ba3BiBO3,16,418.2524088075764,5.397628874015667,1359.5412,36.17672190181727,14.875134923938298,2.139478111872452,0.1683051499275069,0.044691930194398,0.50688379266915,0.4368282820744495,0.5085011674383052,0.5951843180697487,0.9402537069088852,False,True,complex oxide (4 elements),other oxide (mixed-anion / molecular-ion)
2d261f65ce,Rb6I4O,22,1027.22932360864,3.350805194624979,2072.84816,20.039749593784546,9.795070954340687,2.1249366586065346,0.0898634901879912,0.0974540359819814,0.3411323996688897,0.1719996526142839,0.3396473199644317,0.6327196314436037,0.6183998305141248,False,True,"ternary oxide (A-B-O, other ratio)",other oxide (mixed-anion / molecular-ion)
ee5a883006,Cs7Nb(SO4)6,38,814.0904442553178,3.262821424971796,1599.6201433,39.1750546482056,15.855755056697417,2.095681616207965,0.0890855778896992,0.0773919593394888,0.3943131821178334,0.2422946912582805,0.3952455705762813,0.65051331103185,0.1599557210638061,False,True,complex oxide (4 elements),other oxide (mixed-anion / molecular-ion)
51bfd70f1b,Ba3BSbO3,16,409.3061382179499,4.807906188166757,1185.1004,35.037925805292794,14.411536335492746,2.11212890203068,0.1734816385505378,0.0546321327936266,0.5225837536262604,0.4038163268441876,0.5191943267662077,0.6735458030786121,1.0902371760924243,False,True,complex oxide (4 elements),other oxide (mixed-anion / molecular-ion)
b52c3705f5,Cs2Te(OF2)2,9,189.0866464945939,4.403271261803082,501.4033166,32.567646728121964,10.463837593189734,2.124147715941708,0.2567196984731924,0.0844299786222978,0.460657330901485,0.3158237828797678,0.4578909868952334,0.676577324690093,0.6672588542316138,False,True,complex oxide (4 elements),other oxide (mixed-anion / molecular-ion)
1f21f7a1c6,Se4I2O11,34,669.0549189417086,3.701245449235851,1491.2846800000002,42.22744980474789,18.684911738364544,2.1280556515002464,0.0582709437875318,0.0533284909773872,0.4791788669978378,0.3418884469501054,0.4838797296575588,0.6799018509437593,0.260951285181883,False,True,"ternary oxide (A-B-O, other ratio)",other oxide (mixed-anion / molecular-ion)
d514ba2f7c,Rb6Si2Se6O,30,1023.0267437083204,3.4370059143247955,2117.4744,27.445825906705767,14.11850582339147,2.07248441136352,0.0680220282856457,0.0855715425859652,0.4493164149384171,0.2626255621128969,0.4473647111410203,0.7387192419338,0.4127758614251182,False,True,complex oxide (4 elements),other oxide (mixed-anion / molecular-ion)
6b5a97c315,KRb(CO3)2,20,381.8363059138817,2.12730489630508,489.1678,19.03525409643276,9.366246522076269,2.010235926401723,0.146291325877276,0.1298145055828924,0.3550547087414716,0.176775242724544,0.3567545388481771,0.7452240021519688,0.1034224367931577,False,True,complex oxide (4 elements),other oxide (mixed-anion / molecular-ion)
ccd3662a08,Rb6Ge2Se6O,30,1064.7928147492814,3.580120815635219,2295.6923999999995,22.920356907354908,11.71551939678526,2.097162656583262,0.1024028533808502,0.1240197717680534,0.3290755951285959,0.1474853099336047,0.3333816216892114,0.7524174135370744,0.2799810274253416,False,True,complex oxide (4 elements),other oxide (mixed-anion / molecular-ion)
aa6c5c6c86,Ba3MoI2O5,22,560.2295284646169,4.989813632505656,1683.4538799999998,44.15154440528804,17.943757962483623,2.22324866880154,0.1111979731414287,0.0684296453127371,0.5152806946675613,0.3448121693613996,0.5177056041869558,0.7581525710795911,1.3603785065416425,False,True,complex oxide (4 elements),other oxide (mixed-anion / molecular-ion)
17b77551b6,CsTeOF5,16,360.08787966949814,3.42630284415883,742.9937358,29.51390681177288,10.854226353463622,2.2175670938918177,0.2780133176895646,0.1567542828284762,0.3496826325859821,0.1688841587742024,0.3568681671983019,0.7607255705406043,0.2139532684328162,False,True,complex oxide (4 elements),other oxide (mixed-anion / molecular-ion)
dae6a75e32,Ba8Sb3PO2,14,511.1863364926739,4.959883939196477,1526.868562,22.22351471160143,11.01665894405688,2.158624425432968,0.0955901631173703,0.1066489196876443,0.4025511958138025,0.2153406690544924,0.3977477546852686,0.7725713079568729,1.6784634886349692,False,True,complex oxide (4 elements),other oxide (mixed-anion / molecular-ion)
873d0bb629,K2HNO6,20,344.8460613027252,1.8221851058483736,378.41528,22.6304973340124,11.824147551167671,2.012385122364208,0.0884876384027891,0.0785126252665154,0.5241236058269627,0.3526326334204359,0.5268099191607983,0.7863881656888901,0.1915259519923938,False,True,complex oxide (4 elements),other oxide (mixed-anion / molecular-ion)
be479fdd7f,Rb6Se2O9,17,400.0525677471349,3.381747360362712,814.7213999999999,43.92146628643832,15.76792152999297,2.175953561451624,0.0916389278015422,0.0425068104506049,0.6267230321159273,0.4984757551014025,0.6262630796013808,0.7867055333069956,0.4204121496877417,False,True,"ternary oxide (A-B-O, other ratio)",other oxide (mixed-anion / molecular-ion)
598433b870,CsK(CO3)2,20,404.1895127877263,2.399434822304594,584.0431037999999,19.17893847519572,9.436991588269947,1.993788516159815,0.1702809344519828,0.1556462470038692,0.3502976885707644,0.1435410884476441,0.3519369160852608,0.8529978796782186,0.0948244691042325,False,True,complex oxide (4 elements),other oxide (mixed-anion / molecular-ion)
9beef70c51,Rb6Ge2S6O,30,946.5781067078397,3.0400398492069263,1732.9524,34.83958169176154,16.488141609066545,2.1012349188976818,0.1241102856937345,0.0886470447991545,0.571926200129819,0.3557044113349929,0.571281029742852,0.8833724904325521,0.3775655044097686,False,True,complex oxide (4 elements),other oxide (mixed-anion / molecular-ion)
202c5cdf03,Ba2SeO5,16,324.8918392221779,4.432416695582663,867.222,26.772621206880626,12.550606143354374,2.176284596623883,0.130159563290325,0.1359378861004705,0.3831958035350876,0.158295668996477,0.3786423269333339,0.8945714269392443,0.7312435061578819,False,True,"ternary oxide (A-B-O, other ratio)",other oxide (mixed-anion / molecular-ion)
9031620592,Rb2Na(CO3)3,30,509.0487992031999,2.439695455189731,747.90413856,27.772147056164624,12.953007891187903,2.0251376520700477,0.2123128499323452,0.168761282130627,0.3901992585215952,0.1523806767072728,0.3803956891610891,0.9183348061151512,0.1234225994388831,False,True,complex oxide (4 elements),other oxide (mixed-anion / molecular-ion)
3b19c19f7a,CsRbBO3,12,252.4453574949005,3.646510240207419,554.3649038000001,23.75701095965732,10.214668005709315,2.0404448258251127,0.1827849374452988,0.1188150687856098,0.4363328536363892,0.2088402191616333,0.4441339671269875,0.9196448555932072,0.218500980865588,False,True,complex oxide (4 elements),other oxide (mixed-anion / molecular-ion)
74ed084e87,CsOs(OF2)2,16,318.3910821963132,4.497014540080579,862.2557294000001,49.82649218309386,15.341626394463445,2.227573608296598,0.2549911880363114,0.1020181313499376,0.488765527130535,0.2593335204055579,0.4849751406273615,0.9205114157216566,0.2487525291606602,False,True,complex oxide (4 elements),other oxide (mixed-anion / molecular-ion)
1a930c59e5,Cs3K(TeO4)2,14,330.8385734642044,4.120798028727227,821.0098557,28.453202596628863,12.101404382221505,2.1923369016025425,0.1275666662013501,0.1115953888051181,0.4266301450537965,0.1992667598511417,0.4277965614740863,0.924353381935938,0.1853403392511274,False,True,complex oxide (4 elements),other oxide (mixed-anion / molecular-ion)
57f5a4b304,Rb2BO3,24,483.6308158954538,3.1553011408080347,918.9792,25.06785831453461,11.121922151821773,2.0188443804049183,0.2395774261721785,0.1832973840483893,0.3379543168920168,0.1118417438159145,0.3340497980202236,0.9618728561676912,0.2358400673911579,False,True,"ternary oxide (A-B-O, other ratio)",other oxide (mixed-anion / molecular-ion)
40bfba50d6,Cs2Na(CO3)3,30,570.2297456241159,2.7305000328469298,937.65474616,22.42693924677277,10.945183700966837,2.011011557754749,0.2064504965913655,0.1877292810563902,0.3014976042127492,0.0942875288942693,0.3057838459273253,0.9627444457754276,0.1000950401833347,False,True,complex oxide (4 elements),other oxide (mixed-anion / molecular-ion)
05ea6f143a,K7Nb(SeO4)6,38,719.6867239544702,2.824929887984506,1224.34008,45.98652549403389,20.45996003339782,2.152619783543297,0.1154685488749497,0.0882432560563925,0.5621348738877703,0.3187594934658235,0.5639938256864937,0.993909114694404,0.3444487413816443,False,True,complex oxide (4 elements),other oxide (mixed-anion / molecular-ion)
c558a8d7d8,Cs6Si2S6O,30,1021.9879043392108,3.4510800860090955,2123.9862228,31.030544804577268,15.539427664327595,2.0621770328253595,0.1560472308725653,0.1335728052389934,0.5232752694455821,0.2689973065923575,0.5183299298758881,0.9976844490612256,0.3962478712384433,False,True,complex oxide (4 elements),other oxide (mixed-anion / molecular-ion)
d9e6c7df60,LuW(SeO3)4,36,642.2886756863801,4.481129127936549,1733.2795999999998,75.25892934179687,30.46805404914976,2.090467633351716,0.0875922579400159,0.044603875064579,0.8788335708555977,0.7654356265293047,0.8771532276641256,1.0133556541139372,1.0766089108562942,False,True,complex oxide (4 elements),other oxide (mixed-anion / molecular-ion)
2a82346bd5,K6Si2Se6O,30,928.4281584294044,2.791996934633695,1561.0404,29.104565122592103,14.663643184048643,2.0741823710943077,0.1227507498337318,0.1181665190919121,0.5102580272785573,0.2535597860725766,0.5114160714559046,1.017661657213539,0.3963299035993949,False,True,complex oxide (4 elements),other oxide (mixed-anion / molecular-ion)
23267212d3,LuNb(SeO3)4,36,650.7513854752007,3.95877887206366,1551.4123599999998,77.19971562557495,30.873003549605325,2.0851765701892937,0.0977429599915423,0.0362660085391978,0.963157752162874,0.8908261396683155,0.9643565336146346,1.0435677163894266,1.3504124021910713,False,True,complex oxide (4 elements),other oxide (mixed-anion / molecular-ion)
5f851740ac,Sr2VIO4,32,614.143973830729,4.51088730005528,1668.3342799999998,54.58050372673267,27.670223537268004,2.132760371275474,0.0590381367934276,0.0393865546912464,0.8015149547442786,0.6212927247141643,0.8065039605068767,1.0442631314215018,1.962780268398334,False,True,complex oxide (4 elements),other oxide (mixed-anion / molecular-ion)
22dc48cbb6,Rb5Au(ClO)2,20,615.4109835958365,3.924405840118317,1454.420738,45.98976967317784,17.54500994867086,2.1948833449089595,0.1748409776176251,0.096997769537809,0.6567105478060392,0.3983757356815086,0.6519171143319121,1.0481874571937762,0.3528155462502623,False,True,complex oxide (4 elements),other oxide (mixed-anion / molecular-ion)
f3c365f53b,Cs2Ti(SeO3)3,30,597.7421343914783,3.85896024930629,1389.1050076,59.06097388036504,27.213590343160245,2.103964096454197,0.0443658119806161,0.0052484218263967,0.92152123653375,0.814855551275024,0.925944128412658,1.050076973535777,0.5481880539119677,False,True,complex oxide (4 elements),other oxide (mixed-anion / molecular-ion)
057d5f7f8e,HgBrNO3,24,502.46091672080064,4.527578449076853,1369.9956000000002,45.40827872467793,16.233307623079885,2.0555612811712014,0.2824055461689669,0.1487012164579905,0.4876008215923892,0.2246648291863878,0.4918317763696974,1.0509331991463675,0.3833900819822354,False,True,complex oxide (4 elements),other oxide (mixed-anion / molecular-ion)
1c9395220d,TmW(SeO3)4,36,647.6677229345775,4.4129775577399855,1721.21402,75.10113693459434,30.50684476487291,2.0904057550284274,0.1126755818691093,0.0533937515364113,0.8897071083744426,0.7311348050397312,0.8894719935436661,1.0652113772128369,1.1129451858287345,False,True,complex oxide (4 elements),other oxide (mixed-anion / molecular-ion)
54d609ecee,Ba3Co2Cl2O5,24,512.0291830890675,4.41542262086609,1361.50078,73.27805484059374,26.550538781755453,2.128337519581796,0.173977013861383,0.0446087927607061,0.966151259857855,0.8727170797649723,0.9640270091800012,1.0676415158646606,1.2115435749655306,False,True,complex oxide (4 elements),other oxide (mixed-anion / molecular-ion)
26ed1c9e8c,Ba2CrIO4,32,792.1599787361215,4.339606249033227,2070.20868,56.649672274980766,23.874926624587665,2.1934448146386583,0.1148959362220574,0.079440269455343,0.6736347377155717,0.4322814461892451,0.6745760729203271,1.0764921538770502,1.4386803025702517,False,True,complex oxide (4 elements),other oxide (mixed-anion / molecular-ion)
ac07f14d29,SbIO2F11,15,276.7874514765303,2.937545828310168,489.6457052,83.43834252268783,16.903902206228754,2.184099389748223,0.2573490482038701,0.0747454669280619,0.7482004857686438,0.5166142971995489,0.7509835397932839,1.1022935293214164,0.1482327951829133,False,True,complex oxide (4 elements),other oxide (mixed-anion / molecular-ion)
2d47f128da,K6TaIO5,13,342.1238874974153,3.021082608878529,622.43915,52.185600469633314,16.53487951473776,2.134278341140113,0.1257926960385967,0.0394551001779403,0.9235262899806196,0.7658986077410583,0.9180171255645794,1.114657865260094,0.4994636511422191,False,True,complex oxide (4 elements),other oxide (mixed-anion / molecular-ion)
132ab330d0,K7Sb(SeO4)6,38,711.5644362171804,2.9245097054559137,1253.1937,46.9925485230366,20.787043913070693,2.13207962291321,0.1266757576024758,0.0962239642977884,0.5754120295324651,0.2991692992892723,0.577731740076674,1.1354383899801812,0.2841395780330377,False,True,complex oxide (4 elements),other oxide (mixed-anion / molecular-ion)
ef63050749,Sr2AsIO4,32,609.662184526396,4.805306771553765,1764.25468,45.65832763856015,23.288129680248225,2.088019010240742,0.1024738687730661,0.0944826198658866,0.6254339427062247,0.3392846072427778,0.6228045363519747,1.1378120427281635,2.0822965707355525,False,True,complex oxide (4 elements),other oxide (mixed-anion / molecular-ion)
36f4c0e11e,Sr3TaP3O,32,854.5628796480405,4.2961256577357645,2210.9142640000005,45.51178620404506,22.078244421980745,2.0869056500937777,0.0468893481172413,0.0676025702736391,0.6848755241972819,0.4252530054057445,0.685508874750875,1.1420988550877795,1.110747519146837,False,True,complex oxide (4 elements),other oxide (mixed-anion / molecular-ion)
7e500a6935,Ba2SrBPO3,16,345.866699398465,4.340737330791524,904.113924,33.97605655818006,16.000250982897384,2.12114429639222,0.1603329232030921,0.113811574621156,0.6013040215695863,0.3157303806842469,0.6015806558481889,1.14442024890742,2.3932681456997167,False,True,complex oxide (5 elements),other oxide (mixed-anion / molecular-ion)
f64e3a6272,Sr3BSbO3,16,347.6101085060769,4.236536814561983,886.8584,35.44903570116036,18.1642346389357,2.030043507193305,0.0861660929067436,0.0691006444935938,0.8062853953089857,0.5655742717763664,0.7938190689952535,1.14563221998928,2.1340556447572188,False,True,complex oxide (4 elements),other oxide (mixed-anion / molecular-ion)
1766baf641,Rb5Ag(IO)2,20,669.027926609967,4.075547013246903,1642.02988,39.05504469946542,15.72740467513837,2.184292831469191,0.1893750147259503,0.125273986992761,0.5677728968338547,0.2885736447485023,0.5808496555411641,1.1492819670763,0.6511444609560664,False,True,complex oxide (4 elements),other oxide (mixed-anion / molecular-ion)
2014345448,Sr6TaNb(P3O)2,32,852.4842226754023,3.963612138096362,2034.831264,47.64451686408236,22.92325375492807,2.093693938966377,0.0486681551804993,0.0647743990954112,0.7487659787463367,0.479055656520024,0.7538424269825976,1.1540169198816437,1.0859484165806927,False,True,complex oxide (5 elements),other oxide (mixed-anion / molecular-ion)
c06d3bd7b9,KAu(Se2O7)2,20,451.408783429336,2.85418992165726,775.896469,43.813129427615095,19.998761377620337,2.084575793889124,0.0809730910777138,0.0529669655197685,0.9403483716592824,0.7583399716450316,0.9394337057815988,1.1613860832580345,0.2218813149190607,False,True,complex oxide (4 elements),other oxide (mixed-anion / molecular-ion)
33513b1219,Rb5Au(BrO)2,20,625.3223388481257,4.33436130188368,1632.224738,49.971813936305374,17.888192376229046,2.2169540317489465,0.2041723734852761,0.11475581163932,0.6333494913738599,0.3421807273088098,0.6316868340986741,1.171196928423377,0.3712159861206631,False,True,complex oxide (4 elements),other oxide (mixed-anion / molecular-ion)
a76d2f2423,Bi2(SeO4)3,34,667.4237884975463,4.213815275717704,1693.6672,47.67224794453372,19.13843607202276,2.132500133201102,0.1846956075534671,0.1447530910286919,0.4640457323974602,0.1723036249460476,0.4691890880549576,1.1715786232619565,0.2796745881259959,False,True,"ternary oxide (A-B-O, other ratio)",other oxide (mixed-anion / molecular-ion)
16fe0baa99,CsNa(CO3)2,20,358.5962283047631,2.555321641050599,551.82604236,25.155150941200407,11.901687191164813,2.044925607776412,0.1826511831792298,0.1676993392172841,0.4393169471989013,0.1645536497705396,0.4389666871493953,1.1747947005965558,0.1834951962168043,False,True,complex oxide (4 elements),other oxide (mixed-anion / molecular-ion)
fda8d397a8,Rb7Nb(SO4)6,38,714.8630611062276,2.9443782140588803,1267.55658,51.38930679724551,20.60698404365373,2.093255620428268,0.1454461174326588,0.1195905246737784,0.5904728206373047,0.2914460050310866,0.5890525148030605,1.18942744114059,0.1764562252593514,False,True,complex oxide (4 elements),other oxide (mixed-anion / molecular-ion)
8281a4da2b,LuMo(SeO3)4,36,635.5781088952057,4.069139085582188,1557.4796,79.4447901228022,32.271897938700754,2.0950403462299927,0.1146202211437624,0.0489356848772058,0.997133089319077,0.840867139969374,0.9991067140958186,1.192626019513119,1.4330869334996776,False,True,complex oxide (4 elements),other oxide (mixed-anion / molecular-ion)
ce47fe5b47,Sr12TaNb3(P3O)4,32,853.467571186449,3.7877484408711335,1946.789764,48.2787220128791,23.12404148179012,2.0973210731163987,0.0521383394504295,0.0650260690792201,0.7735949938096671,0.4851845775834936,0.7795348426308033,1.194516020146814,1.0702020278590292,False,True,complex oxide (5 elements),other oxide (mixed-anion / molecular-ion)
bf7c3156bd,Ba3ReBr2O5,22,514.8314013498814,5.405731322265616,1675.986,61.879175287497205,23.090275210412607,2.2591746951695564,0.1306751126373258,0.0930765267419192,0.678928756529831,0.3907483355560894,0.6852492477129074,1.1964693140067135,1.138036841688996,False,True,complex oxide (4 elements),other oxide (mixed-anion / molecular-ion)
7a93042cd8,Sr3BiBO3,16,355.3284315192285,4.959717909086519,1061.2992,34.67030739472339,17.434423574502116,2.0543051982438283,0.1028533145942331,0.0974014127496681,0.6892535433111453,0.3860719841360026,0.6814162538563756,1.2054362116604471,1.857882591141484,False,True,complex oxide (4 elements),other oxide (mixed-anion / molecular-ion)
11248b5165,Rb6Si2S6O,30,907.6840124727354,2.8442686854875525,1554.7344,36.8843858026394,17.350586458973364,2.1028958200606724,0.1557210340226296,0.1163369412224168,0.6284742419665552,0.3316887203914128,0.6247382509684983,1.205703734146362,0.5224520863429862,False,True,complex oxide (4 elements),other oxide (mixed-anion / molecular-ion)
9779328d17,Bi4MoSe5O24,34,684.0597605451537,4.152556066848345,1710.6472,57.23516799430388,20.2814213961084,2.138938560253366,0.2024409953608173,0.1376736985577028,0.5120276348786064,0.2148910155404202,0.5201750124287129,1.2063269682255278,0.2811034356688627,False,True,complex oxide (4 elements),other oxide (mixed-anion / molecular-ion)
e7a5bce39c,Sr3NbP3O,32,854.4842132811342,3.612148783658952,1858.748264,49.06374358882483,23.30645735729058,2.1002917488460686,0.0579080209679067,0.0657639234578256,0.7996448016247666,0.5139988680524765,0.7984278751115407,1.2269010408314047,1.0595716161383828,False,True,complex oxide (4 elements),other oxide (mixed-anion / molecular-ion)
27f3fc5273,K3NbS3O,32,967.734045193252,2.21280061376418,1289.58272,43.9752165895322,17.441734262522065,2.1723428216625424,0.2342685662070847,0.1174496133440895,0.6437098396819592,0.3379148254413545,0.6496473463965905,1.233786704449315,0.8833903221888993,False,True,complex oxide (4 elements),other oxide (mixed-anion / molecular-ion)
f41cb2194e,Ba3RuBr2O5,22,514.7049246919404,4.857722323209047,1505.7119999999998,62.20711076570893,21.34656013754458,2.258115249051988,0.1695019323825067,0.106481227863739,0.6380914412853087,0.3302835806176119,0.6389774655508764,1.2451947243129655,1.2300234380867838,False,True,complex oxide (4 elements),other oxide (mixed-anion / molecular-ion)
ff2b304351,Sr2CrIO4,32,603.9870573268487,4.59834202782244,1672.55268,53.72317384517923,28.267871657175405,2.088528525234089,0.0382403087952081,0.051847799541369,0.8513010381953158,0.5769491708983718,0.84927301744185,1.253358894430778,2.048864572832125,False,True,complex oxide (4 elements),other oxide (mixed-anion / molecular-ion)
f0c141e935,BiSb(SeO3)4,36,661.1872129818698,4.212070449666871,1677.1464,75.03147687141255,30.853374801199323,2.117967894318544,0.1479645237190264,0.0653910566911675,0.9069373389242376,0.6405123812714031,0.9091929004754804,1.2724173624893662,0.2949094472002658,False,True,complex oxide (4 elements),other oxide (mixed-anion / molecular-ion)
1e9bcc31cf,CsVSeO6,36,667.2272882798995,3.5718382287713744,1435.2134076,48.46682311588975,18.99938797524265,2.110666068970605,0.2041380380394842,0.1494314857607981,0.4813136617804844,0.1719374892688112,0.4888806029925338,1.285169857490139,0.2315700927378943,False,True,complex oxide (4 elements),other oxide (mixed-anion / molecular-ion)
d46a92112b,KRb3(TeO4)2,14,307.31918213966543,3.6672059015590768,678.6968999999999,28.75185290050231,12.606210843741817,2.1053204258402745,0.1657972397335762,0.1493562123301939,0.5115001060722936,0.1990190370603358,0.5005935913481041,1.288876692455149,0.2771707303315434,False,True,complex oxide (4 elements),other oxide (mixed-anion / molecular-ion)
86555e54d5,Rb6I2O9,34,734.7159709803115,4.116159457143596,1821.22068,48.86963901110804,16.810780002615232,2.21463498590118,0.2681782682361045,0.1986749738992637,0.3686969785611125,0.1174629986441094,0.3870344494096882,1.3179980135382066,0.6816470376092296,False,True,"ternary oxide (A-B-O, other ratio)",other oxide (mixed-anion / molecular-ion)
9f93838675,Cs3VSeO3,16,462.4336133470516,4.1411067907722,1153.2321114,39.02026867263808,14.443094074440404,2.173434803367752,0.2420604347515574,0.149962229491064,0.5546487162362582,0.2388954085495831,0.5511209982887422,1.3199240559494814,0.5070983980951154,False,True,complex oxide (4 elements),other oxide (mixed-anion / molecular-ion)
25bf62df89,K6VIO5,13,329.33264799007753,2.482911604397427,492.43277000000006,41.107954229140944,15.92916685751466,2.1805531982559887,0.1237383025374763,0.0534557178111655,0.9047350671311792,0.6129531158854943,0.9039825357333308,1.326771868452595,1.1605660532901745,False,True,complex oxide (4 elements),other oxide (mixed-anion / molecular-ion)
50beed8ac0,Cs5Ag(IO)2,20,767.7431384868047,4.577540762107627,2116.406399,39.273299161908,14.3315883720921,2.1602738150356338,0.3424913652251544,0.1891821274842907,0.5004018233957094,0.184200692093873,0.4958274662618089,1.3340401945202174,0.5344475835449214,False,True,complex oxide (4 elements),other oxide (mixed-anion / molecular-ion)
cb05d3e591,K6SbIO5,13,347.2432501604565,2.693503009839982,563.25127,53.98062458406328,16.280301798509683,2.135472115217864,0.1689816913195691,0.0632208429908738,0.9598804549615292,0.6838659791088183,0.9494539190856076,1.3453419167559768,0.5484005363772717,False,True,complex oxide (4 elements),other oxide (mixed-anion / molecular-ion)
b02a430f88,K3AsSeO3,16,374.69753171707714,2.828959436866581,638.3494,41.40314509763323,17.729705944462687,2.1107500776902186,0.171568732730573,0.0792329882525749,0.9033118241353352,0.5833049511083475,0.9049249193313856,1.3463420520385003,0.5860175497545098,False,True,complex oxide (4 elements),other oxide (mixed-anion / molecular-ion)
bc8ab2046a,Rb5AuCO5,24,603.8447591844034,3.939642269535901,1432.626538,42.6030941671643,17.36085279975164,2.121009294396097,0.2395168478699116,0.1582042975628841,0.5744276989567965,0.2322749387562024,0.5566614796343925,1.3536364486564516,0.2007112734213357,False,True,complex oxide (4 elements),other oxide (mixed-anion / molecular-ion)
cd928b1f64,LuAg(NO3)4,36,528.3844713729441,3.336605002918525,1061.7096,34.93633738030607,16.58997957216667,1.984841193930971,0.2837719708309904,0.2378169082158238,0.4246225820405988,0.1319931837913731,0.4436744433814217,1.3604536216670036,0.1173996024106553,False,True,complex oxide (4 elements),other oxide (mixed-anion / molecular-ion)
c63ce5d687,Ba3Te(IO2)2,10,275.5472865962884,5.166900842907398,857.3875400000001,45.49366422349207,18.682145803457274,2.175080513776058,0.1235333843522884,0.0662333960617967,0.9800359025808432,0.6988369672332172,0.9704152730669958,1.360866199860737,1.839160151503464,False,True,complex oxide (4 elements),other oxide (mixed-anion / molecular-ion)
2412370dd6,Rb7Sb(SO4)6,38,701.9491928277967,3.066802851890313,1296.4101999999998,54.84304582028764,22.60255047768081,2.078804267100874,0.1627828877530714,0.1315265608365235,0.6697827961184146,0.3112859165792621,0.6595644007710058,1.3800904305173871,0.1832491407387026,False,True,complex oxide (4 elements),other oxide (mixed-anion / molecular-ion)
d951a0308f,Rb3VSeO3,16,409.6900059233368,3.520599745545268,868.6062,44.48112839489349,17.02044611546809,2.177015891794092,0.1891193007160291,0.1128518314174153,0.7360759447868472,0.39341356279921,0.7311273396937311,1.383238578130657,0.7342663497009582,False,True,complex oxide (4 elements),other oxide (mixed-anion / molecular-ion)
363c012f43,Cs2Ir(OF2)2,18,367.3544118595944,5.11712296993457,1132.0406332,69.54890427481415,18.039913348764117,2.1667992168956958,0.2918264104221204,0.1450242662516332,0.580526736565165,0.2453977791820601,0.5743161344225488,1.4013322351452384,0.5080544380320932,False,True,complex oxide (4 elements),other oxide (mixed-anion / molecular-ion)
a72b38c879,RbNa(CO3)2,20,328.0205300054821,2.3132227544966386,456.95073856,30.987928802581152,14.213972939565572,2.024046846585912,0.1602112545621825,0.1598572069728782,0.5977216361534088,0.2523647255189028,0.6003857997900588,1.404502481527414,0.248973305319087,False,True,complex oxide (4 elements),other oxide (mixed-anion / molecular-ion)
486d349d72,Ba5Cr2FeO12F,42,795.2965484363633,4.415860469705553,2114.9268064000003,53.15691289291009,25.06169152477203,2.1432976891539397,0.0921489027837951,0.128638561027601,0.5746938907695252,0.2467125066394953,0.5807858451339953,1.4056132665162708,0.5897784186011118,False,True,complex oxide (5 elements),other oxide (mixed-anion / molecular-ion)
3a03aea2fa,K2CNO6,10,177.0808619082027,1.8774315170006557,200.2104,17.724173462367656,8.131406033610785,1.962977692520128,0.242693341167498,0.1831456301177184,0.4969080555247336,0.1875628971008983,0.5014831126258121,1.411090133886828,0.3806004985020068,False,True,complex oxide (4 elements),other oxide (mixed-anion / molecular-ion)
c7f6dcb7b7,CsMoOF4,28,575.1156014212854,3.7054449862256313,1283.3538588,76.67782417073687,22.974933074905675,2.2065739312313952,0.271749128680886,0.120427331895467,0.7017123308111481,0.3456221536672688,0.6922621919896826,1.41318288034726,0.3737728043725912,False,True,complex oxide (4 elements),other oxide (mixed-anion / molecular-ion)
4c25a11f87,VAsBr2(OF8)2,44,703.8833477025179,2.9330562670941074,1243.2887024,95.64642533401728,22.28353439823552,2.1428460225846844,0.2899757932498982,0.165594776865523,0.548081405340726,0.2010834296379974,0.5405866069324642,1.43280940978875,0.0506648669574737,False,True,complex oxide (5 elements),other oxide (mixed-anion / molecular-ion)
a37e4f7a5a,CuP(OF)2,24,429.9466525767149,2.541563657060665,658.0614736,88.61044152589768,20.70030663161416,2.0920894087419053,0.4304026879917565,0.1238314209890452,0.8618908449925461,0.495524406049429,0.8619715999519539,1.4443216249729234,0.1821038136032683,False,True,complex oxide (4 elements),other oxide (mixed-anion / molecular-ion)
9f054f22c4,K3Fe(SeO4)3,38,654.2685894603094,3.055826382130358,1204.0254,65.80458426066738,29.431262306815483,2.090911911109992,0.0935390733431198,0.0508283583974011,0.9605356011211568,0.6294217813310771,0.9455792144045736,1.4638260417685378,0.5472200296280196,False,True,complex oxide (4 elements),other oxide (mixed-anion / molecular-ion)
a054091c6d,BaAg3(NO3)8,36,530.7877456733979,2.9938283507272554,956.9708,34.057843457002456,16.167663851132755,1.989098273305199,0.3304345541371248,0.2617823076795783,0.4300716843366337,0.1251760890414417,0.4090905176853634,1.467843682563829,0.0714147689383516,False,True,complex oxide (4 elements),other oxide (mixed-anion / molecular-ion)
2a19340c4a,Sr6B2SbAsO6,16,334.1358397749203,4.174607637462049,840.02,37.01669674451591,19.332079201289925,2.009380038742259,0.0941671002141796,0.0952899495440129,0.8981380339941555,0.5626320121035984,0.9016188084167857,1.4751390154098274,2.2024535891746067,False,True,complex oxide (5 elements),other oxide (mixed-anion / molecular-ion)
74af21c018,Ta2Te4OF10,17,369.1223574207969,4.850762056328936,1078.279192,70.08034545844129,20.23203334105909,2.18874589757357,0.2575176239690833,0.1228198766772425,0.7335624504806556,0.3643767911358038,0.7336725851434386,1.5180022568751683,0.1887813851856412,False,True,complex oxide (4 elements),other oxide (mixed-anion / molecular-ion)
8e14707f3b,CaNbP6WO21,60,907.9511222717398,3.0676063560148124,1677.308704,77.54492814647475,31.113717895919493,2.027033305294897,0.2249456174856096,0.1283695713747872,0.7863179884934183,0.4024501763575811,0.7806606147761129,1.5200218562272445,1.2728459889527244,False,True,complex oxide (5 elements),other oxide (mixed-anion / molecular-ion)
8d154fdb56,BaTa2Mn2(PO4)6,70,1009.6963699247366,3.87770905739204,2357.854044,100.532488191936,39.949299980987696,2.0476762107726287,0.184324746180412,0.1193889074767206,0.8855610364864617,0.4941107310012083,0.8765261944572826,1.5392521077001216,2.1575949346439884,False,True,complex oxide (5 elements),other oxide (mixed-anion / molecular-ion)
1df13413b0,BaSr2BPO3,16,328.35002511718795,4.06954639970578,804.699924,37.042014845434885,18.323738198505996,2.0838667936512745,0.1343190344116966,0.1185419718641931,0.7756027412601103,0.40044358220079,0.7833584862583897,1.5482420066247258,2.319021305180114,False,True,complex oxide (5 elements),other oxide (mixed-anion / molecular-ion)
8d99a40b09,CsKBO3,12,234.81986962698545,3.264407946836343,461.6259038,25.424429985103256,10.982369332542923,2.023164974876794,0.2573804360960146,0.178482232216951,0.5105279032281411,0.1804979868643714,0.5097340571913473,1.5655594678662517,0.300812179079408,False,True,complex oxide (4 elements),other oxide (mixed-anion / molecular-ion)
42a0d78d71,Hf3Mo(SeO3)8,36,632.9561614965515,4.321047095581122,1647.0756,80.71513803365096,32.54323099569148,2.1010601368442496,0.1470883942048077,0.0993228202669344,0.972831850946698,0.6036801865122269,0.980845939424156,1.5677613986444474,1.00358239385646,False,True,complex oxide (4 elements),other oxide (mixed-anion / molecular-ion)
5110c26ade,K5Ag(BrO)2,20,549.3370093263632,2.9935842840032545,990.333,43.81533329251872,17.884299073565213,2.240137537100839,0.2360725297374226,0.1479977318113884,0.7111044350182415,0.3260230440624652,0.7103799198433536,1.5817396672127522,0.7395104636033994,False,True,complex oxide (4 elements),other oxide (mixed-anion / molecular-ion)
99eca7becf,Cs2EuP2O7,24,433.0131428320968,4.538297515071045,1183.4364556,49.18801141706074,18.076783872500958,2.0579567953917226,0.2648345686691317,0.1769317132079521,0.5431654506187292,0.1901361906991627,0.5555306950870724,1.5830407503713162,0.6811447042799915,False,True,complex oxide (4 elements),other oxide (mixed-anion / molecular-ion)
f88b86bb28,K6CrIO5,13,324.5840941967997,2.524630974081967,493.48737000000006,41.85080283598993,17.007080290192338,2.1822604640691154,0.1393219351008305,0.0749225809710842,0.9823925813693234,0.6061720673023395,0.9811842778096596,1.5863188418091911,0.7640850803690239,False,True,complex oxide (4 elements),other oxide (mixed-anion / molecular-ion)
091f05f6f7,NbSe4IO13,38,631.265774708014,3.9122930066246537,1487.2861,73.76200451425042,31.409051040859364,2.086135956957612,0.1754458688167507,0.0823462284655154,0.9299210182277288,0.5324314798359856,0.9224064646726648,1.5896600346212937,0.3329147233566548,False,True,complex oxide (4 elements),other oxide (mixed-anion / molecular-ion)
be408113d2,Rb4TeMoO8,14,308.20776140806515,3.735883913431644,693.4064,36.41804425419451,13.14820971352566,2.229674457541544,0.2716916694578739,0.1955314074546893,0.4788662510971095,0.1386968536462528,0.4943943772097682,1.6092573454924526,0.5962768921713612,False,True,complex oxide (4 elements),other oxide (mixed-anion / molecular-ion)
70cc7da303,TlRe2Ag(OF2)4,16,305.7389206950371,4.891641043588583,900.6503256,86.48882199456784,25.80096769071738,2.253788473278284,0.2620210695403073,0.0828659254178504,0.9826498881305044,0.5867301365675726,0.9686121146476276,1.625612855720184,0.0447292360165175,False,True,complex oxide (5 elements),other oxide (mixed-anion / molecular-ion)
39b3494354,Ce2(SO4)3,34,596.654079673557,3.1639213326559754,1136.8396,69.64195125257726,23.102400948843968,2.1014314090976125,0.2181045413101274,0.1560949001243064,0.7083414582453057,0.3093498191747014,0.7040844846520293,1.6301653482996992,0.552180103789537,False,True,"ternary oxide (A-B-O, other ratio)",other oxide (mixed-anion / molecular-ion)
d1999b2be6,EuS2O7,20,388.7735313893506,2.8026904458602875,656.1795999999999,53.954535479028216,21.37551742017544,2.1053403761447567,0.1924434704638198,0.1140478362177778,0.9799209299406428,0.5688958850294635,0.9698905677076168,1.640079727062358,0.6281476185535123,False,True,"ternary oxide (A-B-O, other ratio)",other oxide (mixed-anion / molecular-ion)
6638b90b52,V3AsBr4(OF8)4,44,701.3254962067716,2.8869755659909693,1219.3086024,99.93911160453696,24.159142509624463,2.1388110856571063,0.3034504880256335,0.1683953725331813,0.6251572938258171,0.2184991972764095,0.6272931807108914,1.6428038394719735,0.069575561090166,False,True,complex oxide (5 elements),other oxide (mixed-anion / molecular-ion)
286294aeea,Sr5As3BrO9,36,693.2921951060775,4.247863400115248,1773.5268,55.38902623772712,27.33026725888958,2.091623037019932,0.1275603026394047,0.1186588311670729,0.7824264700425426,0.3825690890950979,0.7820508306343741,1.658462858492941,1.2698868692934195,False,True,complex oxide (4 elements),other oxide (mixed-anion / molecular-ion)
c06f34537b,CsPtOF4,28,538.273804545171,5.182472451803218,1679.9298588,85.58202802507397,23.568814521823604,2.17387757954458,0.2664154959273313,0.1780478785743777,0.6242744381775384,0.2318891834359523,0.6251336361911993,1.669599725992589,0.2197770638635088,False,True,complex oxide (4 elements),other oxide (mixed-anion / molecular-ion)
02dbf36984,PrSeClO4,14,257.3700079563966,4.120452369368513,638.6365,49.23395177944983,19.77820727539629,2.1185625908555497,0.2005143719331777,0.0904605370290099,0.8833906127405708,0.4799030243307068,0.89670751400556,1.6778654268617552,1.3188652377885768,False,True,complex oxide (4 elements),other oxide (mixed-anion / molecular-ion)
05da31d44a,Pb2Se3O8,26,481.0368654407821,5.380115363319264,1558.5504,49.06140703597736,23.61578592861681,2.0960391009942123,0.0893792620235377,0.1273726778158976,0.681793067791145,0.2822431869276192,0.6659909752171976,1.6943574379636162,0.2011802076988581,False,True,"ternary oxide (A-B-O, other ratio)",other oxide (mixed-anion / molecular-ion)
8973ebd0ca,ReOF5,28,460.95376759042506,4.282508274692231,1188.793664,109.2829783728126,28.16213308019116,2.088941264889021,0.1873809292791146,0.1099369233035379,0.9276746992966802,0.5093356299767964,0.9220568144121828,1.701875441968485,0.0269396943510014,False,True,"ternary oxide (A-B-O, other ratio)",other oxide (mixed-anion / molecular-ion)
ff19ad5575,Sr3ReI2O5,22,488.4915620905283,5.322471067081996,1565.74588,57.16025462920718,25.02091061308604,2.183489718816772,0.1456759266521701,0.1247304811794004,0.8154405158570677,0.368862224882182,0.8250984484184235,1.7081854691930212,1.5380709616127417,False,True,complex oxide (4 elements),other oxide (mixed-anion / molecular-ion)
71a7d252f2,CsIrOF4,28,547.8243538783512,5.057362057612184,1668.4618587999998,68.78235452506958,20.00643710229357,2.190554979512831,0.3212708087327446,0.2137772632279974,0.4884068705338518,0.1526493452550766,0.4965083251631808,1.714645614523845,0.1993839837277316,False,True,complex oxide (4 elements),other oxide (mixed-anion / molecular-ion)
2e93233e5b,Eu2BIO3,28,535.6020543859973,6.072188231154704,1958.56668,53.333442956182665,27.724478442793416,2.066153898928301,0.1851615295235631,0.1554050832077566,0.8081776893092587,0.3802599067608584,0.8027792555324703,1.7161288476295158,0.8025319378776216,False,True,complex oxide (4 elements),other oxide (mixed-anion / molecular-ion)
c5645e55cb,Te2PbO5,32,654.555428228116,5.504019189348848,2169.588,70.94460188491291,28.50109081602439,2.1798859855392894,0.198441405241415,0.1489694374603086,0.7428481870395038,0.3155891389394835,0.7403599284688818,1.7382909723477946,0.799592445641794,False,True,"ternary oxide (A-B-O, other ratio)",other oxide (mixed-anion / molecular-ion)
bbe278249c,Rb3PSeO3,16,404.79260510509664,3.399370678016609,828.670724,44.86370904000077,17.326515758720454,2.099777625824565,0.2055675495056122,0.1372635751615523,0.8277261674055538,0.3880376020811291,0.8118970274718824,1.7538092322359875,0.658011516102833,False,True,complex oxide (4 elements),other oxide (mixed-anion / molecular-ion)
b1ffe9b06a,Rb6CrIO5,13,367.3872526857563,3.487995967942239,771.7043699999998,62.38292881915284,17.99685637770892,2.2054730711806365,0.2140778883142295,0.1102339393563074,0.9319827426861768,0.4922752276424501,0.9330233138250796,1.770801072888602,0.8172949267903213,False,True,complex oxide (4 elements),other oxide (mixed-anion / molecular-ion)
9493a92cc4,Cs2Re2OF10,30,576.7289936493898,4.8613506147258265,1688.4166716,79.76068232521384,23.66664011983175,2.129842956932587,0.3410925970473027,0.1906721179547222,0.6462059678010283,0.2250268507739527,0.6416556170790109,1.771152484075327,0.0493940463831152,False,True,complex oxide (4 elements),other oxide (mixed-anion / molecular-ion)
5174372520,ReAsOF10,26,425.916414125236,3.642300474808822,934.224064,89.95524699976485,23.36114864262129,2.1583608483001817,0.2121403152390145,0.1529301061242525,0.7435922728962768,0.3010218483934921,0.7367988991487525,1.792904389333608,0.0157596964277565,False,True,complex oxide (4 elements),other oxide (mixed-anion / molecular-ion)
3bdadbf5e7,AgN5O14,20,308.1645612122838,2.165594653589857,401.8933,27.236234636503845,14.123100190314435,1.9658132684736307,0.2471166814786743,0.2197019644462295,0.633325028034615,0.2216420236191863,0.6453502172191677,1.8151930849076177,0.0409543325044878,False,True,"ternary oxide (A-B-O, other ratio)",other oxide (mixed-anion / molecular-ion)
036b4aaa27,Cs2CuPO4,16,339.5738020889849,4.14998836231381,848.6565316,59.15736703660055,18.688538160810168,2.1177639278378133,0.3248193954618216,0.1636471249194864,0.7797251042063067,0.3324611501834826,0.7890815317087198,1.826224490719671,0.3764390280405493,False,True,complex oxide (4 elements),other oxide (mixed-anion / molecular-ion)
a41c152304,K7Bi(SO4)6,38,658.2474519199711,2.671615512722145,1059.0441,58.236713712673776,22.17004345377187,2.083235943608312,0.2633248935657026,0.1720100122326782,0.6802298254025759,0.2648671462655596,0.6762855101547349,1.8327573630763092,0.2001924861886394,False,True,complex oxide (4 elements),other oxide (mixed-anion / molecular-ion)
1c6ce78f93,AgAu(NO3)4,36,533.475263128521,3.4417201418632493,1105.7087379999998,41.74101499808682,19.301184978248312,1.958162274710091,0.3365688122755559,0.2507307393366372,0.5407279286711165,0.1639072351231433,0.5503513772127425,1.8524830635861973,0.0549569257664095,False,True,complex oxide (4 elements),other oxide (mixed-anion / molecular-ion)
76c497b528,K7Ru(SO4)6,38,634.3406150558258,2.489821132574709,951.1337,63.81667078931356,26.61932782540027,2.060440497356248,0.2108558312609709,0.1274223132767367,0.9351689232431072,0.4912171557893232,0.9495163753899052,1.856271273201032,0.2571602098835757,False,True,complex oxide (4 elements),other oxide (mixed-anion / molecular-ion)
089ec09709,K7Sb(SO4)6,38,638.052677626416,2.5291818035395046,971.8237,62.46684021877692,26.25194217342475,2.0625305992501546,0.2128197433975368,0.1324968421423644,0.9084576250017008,0.4448376889107239,0.9153120623416312,1.8564127881996044,0.1908732340400161,False,True,complex oxide (4 elements),other oxide (mixed-anion / molecular-ion)
34b53583c7,TaNb5Sb2(PO4)12,68,1003.854030843036,3.3557296656734192,2028.656124,97.3028681933366,37.02883568559061,2.0532728409738894,0.227202861589011,0.1468070197362951,0.86859432386928,0.3937352045310289,0.8590125661095049,1.8606373439110733,1.5748248963578113,False,True,complex oxide (5 elements),other oxide (mixed-anion / molecular-ion)
c69c48123b,La2Hg(SeO3)4,38,690.8324401949031,4.74117763171357,1972.46748,74.38009051895895,30.00978022052901,2.0907111507276186,0.1688730297078962,0.127765236204983,0.8104730783161125,0.355158397317923,0.8026007764140259,1.8622723654592284,0.5023690511331271,False,True,complex oxide (4 elements),other oxide (mixed-anion / molecular-ion)
1f7f32bd4c,LaGd(SO4)3,34,580.5306951336705,3.342888972553105,1168.6865400000002,76.64907198962067,25.467725690297826,2.100432810865055,0.2305094748569152,0.1704332235194038,0.7911416357809611,0.3033121146253141,0.7853953080132359,1.8753324667268056,0.7189365906669225,False,True,complex oxide (4 elements),other oxide (mixed-anion / molecular-ion)
2bed6d9602,LuIn(SeO4)3,34,591.3813840547359,4.035836724862622,1437.3156,71.54580055391901,28.1071091522607,2.0640915544790954,0.1348111186119863,0.1149236847930451,0.8682315416233954,0.3923319282460606,0.8601817646982922,1.8920102666313223,1.4817118295951048,False,True,complex oxide (4 elements),other oxide (mixed-anion / molecular-ion)
2c2dc4dfbc,TaNb2Sb(PO4)6,68,1002.7281764132924,3.505296035775725,2116.697624,97.41993566517856,37.17484106089173,2.051424172332015,0.2248887169304737,0.1451730522429136,0.8561140646128005,0.4116644012449141,0.8429940057369711,1.9028972002514928,1.6100297242543622,False,True,complex oxide (5 elements),other oxide (mixed-anion / molecular-ion)
383710c95e,CdHg3(BrO3)8,36,643.904467639224,4.480506656778425,1737.3986,69.49347817095384,25.547529597586937,2.1132394783319217,0.3177518289554059,0.1774415854893249,0.6606863086523903,0.2548448081070387,0.6899347435175729,1.9249854000283109,0.3088805570579203,False,True,complex oxide (4 elements),other oxide (mixed-anion / molecular-ion)
6e6c5f1fd6,Hg8C(SeO4)3,24,487.3626136625252,6.969768373783415,2045.6035,81.68300881827889,31.239223706736936,2.113633056078875,0.2291216369559809,0.1220706243670261,0.9788448986375514,0.4991860929756805,1.0026213387798042,1.9325391603579345,0.3201929987477246,False,True,complex oxide (4 elements),other oxide (mixed-anion / molecular-ion)
19d1a2b4c6,Ce(BrO3)4,34,568.5197941336323,3.8071303893060056,1303.4496,79.43088407668054,30.56624771309192,2.1109292093582512,0.2245488998712519,0.1119431762400137,0.9544609660326312,0.4828573556350147,0.9533570297511852,1.9334523365681036,0.7358252263775595,False,True,"ternary oxide (A-B-O, other ratio)",other oxide (mixed-anion / molecular-ion)
a69fcc259a,Sr3MoI2O5,22,486.9281377998285,4.723897156293957,1385.21188,60.38313506974978,24.923841953027,2.199624288838543,0.1783629611180788,0.1474584692120495,0.846893369970282,0.3359594908146517,0.8306326739167896,1.950249466857204,1.7443539940427626,False,True,complex oxide (4 elements),other oxide (mixed-anion / molecular-ion)
ad88fe2a9e,Ba8Fe3SeO16,28,513.5352483736594,5.177232597805996,1601.1014,53.715337907979055,27.181685429675017,2.116370790760947,0.1118221337511882,0.1276299603831939,0.7972563619503183,0.3356172105917365,0.7980648682382705,1.954882686089253,0.8177058086828144,False,True,complex oxide (4 elements),other oxide (mixed-anion / molecular-ion)
28c3a32f15,NaAu(Se2O7)2,20,387.90732875571206,3.2524715623577625,759.7879382799999,52.562048132296574,22.210477492653663,2.099641258673356,0.1885429618397081,0.1139883581348602,0.9669329540746744,0.4852973367388548,0.95775895727324,1.9558772299762843,0.2763917974117591,False,True,complex oxide (4 elements),other oxide (mixed-anion / molecular-ion)
08b7b46386,V2Re4O17F,24,407.29308353271153,4.638414085519387,1137.6992032,83.84259190714455,27.930092868553587,2.116038960500623,0.216002970293716,0.1088793021482025,0.9551435679535982,0.4857637609401659,0.9565641408252284,1.9623130826607724,0.4792157245950448,False,True,complex oxide (4 elements),other oxide (mixed-anion / molecular-ion)
692d3938a6,Pr2Hg(SeO3)4,38,676.7711733144321,4.859335377806183,1980.4762,80.52891314562396,32.03467194478037,2.098532798071211,0.1543807175119873,0.1191465957489991,0.8702916332458923,0.3893423601815654,0.8843496934696827,1.963970737539036,0.464718181015092,False,True,complex oxide (4 elements),other oxide (mixed-anion / molecular-ion)
da1e502094,Rb2Cu(Se4O13)2,37,673.4644956207765,3.161344865102374,1282.146,54.41866005414848,25.30558849264498,2.052852395795762,0.1856970471889736,0.1399650183641972,0.8102463304909829,0.3327970410625397,0.81608093249694,2.00080625830737,0.096235054809777,False,True,complex oxide (4 elements),other oxide (mixed-anion / molecular-ion)
acfe8151ef,AgAu(BrO3)4,36,658.0663553208977,4.120363950932802,1632.887138,73.39532134597702,30.503205166104944,2.0656376169806823,0.2452231675228128,0.1313222956645921,0.9475749645414744,0.4501909974255774,0.930738028559084,2.00514745762644,0.2774610397784841,False,True,complex oxide (4 elements),other oxide (mixed-anion / molecular-ion)
384a044ec8,Cs3MnO4F,18,415.90352955739087,4.28526760989981,1073.3008078,53.056547399868194,16.080976526126236,2.195104168376746,0.3463803205119765,0.2211485241936578,0.5389983847346373,0.1277763280300424,0.5333703001941881,2.058011395616241,0.9863682116196392,False,True,complex oxide (4 elements),other oxide (mixed-anion / molecular-ion)
3b24180b7f,SbOsOF10,26,450.31515941910095,3.820058474638566,1035.946864,102.96749102079384,28.61133752041654,2.17145482527466,0.2281547269854892,0.1268290882096748,0.988993969144266,0.4940290241735129,0.9920241025190716,2.064478435871022,0.0653506155860284,False,True,complex oxide (4 elements),other oxide (mixed-anion / molecular-ion)
4c5e41d260,Cs2AgPO4,16,330.90235137278523,4.70357738408298,937.3009316,55.64561623645064,19.926532018672493,2.123769616953856,0.2713756281554441,0.1628088271273474,0.7931792644931926,0.3129555019628461,0.7810845557235858,2.066623745369432,0.4190581115313601,False,True,complex oxide (4 elements),other oxide (mixed-anion / molecular-ion)
1dbbde1663,Cs2AgP2O7,24,499.4937267238208,3.641080509031165,1095.2448556,62.36826715192725,21.59240585012543,2.0758169444174923,0.2841597492859379,0.1667404099708632,0.816334766986377,0.3365296632201884,0.8196871873135468,2.073923063182868,0.5080991990323013,False,True,complex oxide (4 elements),other oxide (mixed-anion / molecular-ion)
5b040142c2,InAg(NO3)4,36,515.3668193286264,3.033277819031791,941.4116,41.02382076276024,19.860205855099057,1.9739724487709625,0.3354257715215507,0.2767791195304567,0.5845161401851259,0.1544796141552822,0.5773613836414868,2.0758256224422214,0.1194159876420301,False,True,complex oxide (4 elements),other oxide (mixed-anion / molecular-ion)
1920ff861e,K2Cd(SeO4)2,26,441.8471956759865,3.5817121139381984,953.0456,52.90963951467979,24.11560002612024,2.078214787307114,0.1302532692811924,0.1227651829139519,0.8543861124283969,0.3495389118865897,0.8596816083402382,2.083507170492683,0.5527540845157823,False,True,complex oxide (4 elements),other oxide (mixed-anion / molecular-ion)
b1bde9f8a6,Ba8TiV3(P2O9)4,56,899.8927549546232,3.917634205002583,2123.075996,78.10222195665288,32.94820825594555,2.020445111804252,0.2517827491805633,0.1678334326818643,0.8146109801623302,0.3261569904738554,0.8211741630288737,2.092968842775089,1.0535219396857296,False,True,complex oxide (5 elements),other oxide (mixed-anion / molecular-ion)
8175bee583,Rb2H2SeO,6,143.95019406423845,3.090488943906595,267.91088,28.82771350773201,11.382041738016849,2.031319575229813,0.3460132316440072,0.1980548896446295,0.9341574985419407,0.4086830177392988,0.930286233110282,2.149463650024315,0.7571416248071919,False,True,complex oxide (4 elements),other oxide (mixed-anion / molecular-ion)
f6ed6a00a9,Ba6PrTl(BO3)6,32,486.34188817796894,5.197002585291683,1522.10815,63.41228544352901,28.90975894582294,1.98653413277788,0.2655941089557924,0.2000390291487455,0.8557706163699833,0.3411409879353681,0.8529675788769746,2.153092591196469,0.8797649985701493,False,True,complex oxide (5 elements),other oxide (mixed-anion / molecular-ion)
1d4f5dc12a,Te2Pb3(IO3)2,26,585.5414825529765,6.957068456824898,2453.21068,75.55977278591737,29.03528078063913,2.192648708844698,0.2176204566592126,0.163829958472872,0.7961685929228796,0.2904753530131921,0.7828342910511225,2.156203923598419,0.5994664963672942,False,True,complex oxide (4 elements),other oxide (mixed-anion / molecular-ion)
4be25a51b3,CsP4AuO12,36,593.0016526192873,3.616548071030553,1291.5197377999998,64.5267111337135,27.692131660756093,1.9917291074555867,0.2608398914083741,0.1560661745425831,0.9095290696230224,0.4065112009726631,0.9183859373090366,2.1591655801837595,0.2500877394412159,False,True,complex oxide (4 elements),other oxide (mixed-anion / molecular-ion)
3c5843d4d6,BaSr9Os6(ClO15)2,48,776.7351734598478,5.597251193613368,2618.175,74.49428963286806,32.6525429239044,2.123879657070593,0.2204761488230808,0.2064431296833743,0.6730713863597326,0.210881227654639,0.6956606654793598,2.171266386132436,0.9193455438440566,False,True,complex oxide (5 elements),other oxide (mixed-anion / molecular-ion)
f1a33f6498,Ba6LaTl(BO3)6,32,492.52821858559207,5.124976106612408,1520.10597,59.485127948220246,27.34988919480198,1.988896847968719,0.2659903339850091,0.1982022787544869,0.7943017031569303,0.3092393353672985,0.792779791836934,2.1829544794045046,0.818496255895411,False,True,complex oxide (5 elements),other oxide (mixed-anion / molecular-ion)
68ac500bff,BaSr(Se4O13)2,36,614.8365032325116,3.4370453578190103,1272.6114,49.66823106602372,23.87328832643498,2.0482253582168077,0.1566722472450661,0.159090523912986,0.7128509778999813,0.2531252157064077,0.7202761632850562,2.197022583898298,0.1311123518476817,False,True,complex oxide (4 elements),other oxide (mixed-anion / molecular-ion)
ce380e813a,Cs3Ir2(O2F3)2,30,677.5409325542178,4.7111775701669885,1922.2767498000003,66.94109354249883,22.59765799029651,2.2211311988552342,0.2951165649872286,0.2181500892283725,0.5888521317661102,0.1634653971556494,0.587633135254169,2.20136515486576,0.3898154698011998,False,True,complex oxide (4 elements),other oxide (mixed-anion / molecular-ion)
8dc4faf343,Hg2PbSeO6,20,362.0633255589813,7.185266247548986,1566.6728,73.16255381777573,27.546204536775164,2.1437539811968307,0.2527652697411425,0.1561717413083418,0.8421008002200525,0.3296512693535582,0.8676094896231232,2.2413118157595493,0.4187407278264263,False,True,complex oxide (4 elements),other oxide (mixed-anion / molecular-ion)
f495aa6ab7,CsHgPO4,28,529.1199892547517,5.378635460124873,1713.8672556,65.04724915647203,22.038785096162822,2.0936079561515,0.3213159963521813,0.2135768992062135,0.5947299442304984,0.1711445116674517,0.5923220276207806,2.246032927346646,0.3702719891795585,False,True,complex oxide (4 elements),other oxide (mixed-anion / molecular-ion)
444197a5a1,CaHg2SeO6,20,341.070777549272,6.000209653747162,1232.4288,76.2010696245131,28.73325267696526,2.1098674135827427,0.2402619287563581,0.1399236115479809,0.9955351064542172,0.4507776740156332,0.993143190407516,2.2487657726858834,0.5207860970625502,False,True,complex oxide (4 elements),other oxide (mixed-anion / molecular-ion)
5a05f54a76,SrAu2SeS3O16,46,790.1635904176464,3.8360957120135057,1825.397076,72.16734205601793,30.36736107241806,2.0432328620574265,0.2324114224671837,0.1779690167128856,0.8301089283365155,0.3250406177755165,0.8215298188559974,2.260287601748689,0.3154423353710912,False,True,complex oxide (5 elements),other oxide (mixed-anion / molecular-ion)
0d850cc1de,AgHg(NO3)4,36,517.0772116943608,3.574139826656481,1112.9556,41.710020205940445,19.413644708347444,1.9717136138904183,0.3658995618691485,0.3010095212175745,0.5225876549241011,0.1154454465217582,0.4973415485110571,2.271962688688347,0.0685793833693077,False,True,complex oxide (4 elements),other oxide (mixed-anion / molecular-ion)
f214db864a,PrTeIO3,24,534.0986876176945,5.514337907898845,1773.64128,82.74004979972042,30.17394811381753,2.2010701418436183,0.1598177640284448,0.1289434107388902,0.9880968970100892,0.4159965319295929,0.977594849761409,2.272746971008884,1.6210867635253656,False,True,complex oxide (4 elements),other oxide (mixed-anion / molecular-ion)
fa21f45a96,CsCe(SO4)2,12,249.4051680864582,3.096945400864848,465.1466519,50.10241105599244,17.4153157138091,2.1391959517322285,0.2477252892579874,0.1724433169427816,0.955047537422763,0.406419549383566,0.9328923010082116,2.274990599828947,0.800617394943945,False,True,complex oxide (4 elements),other oxide (mixed-anion / molecular-ion)
fb40e41ee2,LiMgTl3(SO4)6,70,1033.0794187568472,3.924458726345399,2441.543,99.12135326452248,38.388713770455176,1.975917090349099,0.2270563359550556,0.1918965926411048,0.8981332872443621,0.3365383004597994,0.8797994332151227,2.3042477397333783,0.4419568631987453,False,True,complex oxide (5 elements),other oxide (mixed-anion / molecular-ion)
ba324da315,Cs3Te(OF)3,10,227.67824362065005,4.604368485985127,631.3097653,49.70124340410638,16.283355746078453,2.2472983192284945,0.282582481258565,0.1856598452950362,0.7405043180181856,0.2403607229850544,0.7511288396509804,2.3101288327388287,1.0974139449218625,False,True,complex oxide (4 elements),other oxide (mixed-anion / molecular-ion)
a6599c4d0a,ScVRe4O17F,24,418.5304296553202,4.490126738015085,1131.7136152,85.13064760825165,27.25971834134124,2.1084436745761224,0.2455629503486165,0.1368822319129223,0.9523326292801748,0.3932895005323397,0.9535628260915916,2.313626631382809,0.5006855079394164,False,True,complex oxide (5 elements),other oxide (mixed-anion / molecular-ion)
cd4166c5c1,CaMnHg2(NO3)8,36,505.7822340342283,3.2576181585895814,992.235245,40.9374959220399,19.59490068893191,1.9643812887109948,0.3443624259640151,0.2968362798880061,0.5546955661176496,0.1244412757310494,0.5620205446636448,2.320752168262413,0.1376602190878439,False,True,complex oxide (5 elements),other oxide (mixed-anion / molecular-ion)
73eaa44fe4,SrP3(WO6)2,36,527.9536874428899,4.656296332056092,1480.428172,89.0120257415306,31.47837784478382,2.0497540956765445,0.2416476641147423,0.1775860316354743,0.8856371061002947,0.3671717663113397,0.8925039209502452,2.3221016787021096,2.0327504641424423,False,True,complex oxide (4 elements),other oxide (mixed-anion / molecular-ion)
a9eaaacf50,Ag2Pd(NO3)4,38,547.4150159477243,3.45916533736789,1140.352,43.30809420549616,20.721117057241496,1.967769817715724,0.3733827793796629,0.288703387202394,0.5674970025090303,0.1473354815426644,0.5658551544573859,2.3341121919654806,0.0667642221119673,False,True,complex oxide (4 elements),other oxide (mixed-anion / molecular-ion)
02bec0941b,NiHg3(BrO3)8,36,621.3468885193232,4.499609045698709,1683.681,76.04417015837474,30.16744158396217,2.0698931272138004,0.2991193072518294,0.1797564935338936,0.8720272751110546,0.3251146771538248,0.8699219873744748,2.3405560792213715,0.3651401039471582,False,True,complex oxide (4 elements),other oxide (mixed-anion / molecular-ion)
2a0014d77e,RbBiTe3O8,26,529.9120569770134,5.046641638304815,1610.4868,64.04315353612185,26.320810102566124,2.1266811152342573,0.2183083517448006,0.1677379031690155,0.8324272876572312,0.2991018512602914,0.8214432898128151,2.353056483765421,0.5737622740626975,False,True,complex oxide (4 elements),other oxide (mixed-anion / molecular-ion)
69db026891,FeHg3(NO3)8,36,504.2173178858076,3.799329779381955,1153.6542,43.55753145958953,20.694977585265,1.964246923196912,0.3667001013907074,0.3047424840658203,0.5570569519799096,0.1211888240075132,0.5518689222490882,2.3552819110691496,0.0913600249106863,False,True,complex oxide (4 elements),other oxide (mixed-anion / molecular-ion)
4e0289dbfa,MgHg3(BrO3)8,36,629.4800518708163,4.350757089507725,1649.2925999999998,74.07664231858882,29.11523025845219,2.086225808232581,0.2941565418064176,0.1832554438798866,0.8309677301649646,0.2969867533781283,0.823152044161793,2.359328836144656,0.3940610208462307,False,True,complex oxide (4 elements),other oxide (mixed-anion / molecular-ion)
f9003bc353,ZnHg3(BrO3)8,36,627.2472310102684,4.475060960808899,1690.3966,74.71986754090653,29.33786094718296,2.0760258380673213,0.3027095492404528,0.185556796183177,0.8362693383386498,0.2948662157252737,0.826879419759636,2.4093616879653244,0.3534480596505525,False,True,complex oxide (4 elements),other oxide (mixed-anion / molecular-ion)
2306349499,Rb2Ag(PO3)4,38,615.0466327445454,3.211166968129956,1189.383296,68.30259615432334,27.517940365496607,1.995613532678512,0.2718993744205372,0.1737344733281224,0.9145858206593568,0.3392043979037653,0.9071773771523371,2.4184995472621127,0.367312874887838,False,True,complex oxide (4 elements),other oxide (mixed-anion / molecular-ion)
c9a3a4e2e7,Cd3Au(BrO3)8,36,631.1233047741204,4.097696973267161,1557.4171689999998,69.94406056819342,27.624480135719192,2.0907293505464466,0.3051194636572858,0.1886197723096627,0.7882245836365184,0.2631284283221456,0.7732061100762702,2.447854857393765,0.3593898217442048,False,True,complex oxide (4 elements),other oxide (mixed-anion / molecular-ion)
8be4dd9fb8,SbTeBrO3,24,497.191693620848,5.03997657534834,1509.0488,80.77552316251636,28.71854460135643,2.1479997130407558,0.2012708469366213,0.1672554831992016,0.9883278643186014,0.3907758545373094,0.9655678636718162,2.4498518236723457,1.12743517435743,False,True,complex oxide (4 elements),other oxide (mixed-anion / molecular-ion)
7b9080752e,Cd3Ag(BrO3)8,36,629.6002939559656,3.872616891122766,1468.3188,70.06735092526895,27.704516784784325,2.092272084158175,0.3061704344895856,0.1884431204294701,0.8123995379089873,0.2750665389059878,0.805891065027559,2.4594926823995418,0.3407139918058915,False,True,complex oxide (4 elements),other oxide (mixed-anion / molecular-ion)
d0ab0811b7,LiAg(NO3)4,36,484.930215116485,2.4848581463814803,725.6576,49.17045235314328,22.205068485048415,1.9726757703154567,0.3114850037493027,0.2604161595427017,0.7501264593965342,0.2070351538358796,0.7213067914905581,2.4642026978965266,0.1154401458735688,False,True,complex oxide (4 elements),other oxide (mixed-anion / molecular-ion)
0078957e9e,Gd2(CO3)3,28,518.2444789612339,3.169086943753072,989.0534,51.57686311490777,21.79369680330361,2.038586514022707,0.2996233418322034,0.2180909021493736,0.7961899011337342,0.2800894093345465,0.8146000957470603,2.4678562804693165,1.3033121785758224,False,True,"ternary oxide (A-B-O, other ratio)",other oxide (mixed-anion / molecular-ion)
9b1f54dfa4,Tl3Cd2In(SeO3)8,38,694.9565190069294,4.703455790084991,1968.4555,85.16928280332478,33.06663086780988,2.0426320467669057,0.2171103154467371,0.1689452292687816,0.9902039793557204,0.3946299745629305,0.9873298478929936,2.4737109433538698,0.667365396497183,False,True,complex oxide (5 elements),other oxide (mixed-anion / molecular-ion)
6eed44f84f,RbPtOF4,28,507.6466460518345,4.874455264418087,1490.1792512,85.57361852748355,24.72432599272769,2.1385049813823023,0.3313765642903813,0.2350991397147086,0.7019846358898377,0.1771805757481767,0.7123812042356895,2.48179982323728,0.1880893404290268,False,True,complex oxide (4 elements),other oxide (mixed-anion / molecular-ion)
86386544db,K3Bi(IO3)6,28,516.5218252708338,4.42263825432028,1375.69132,70.3205996104097,27.729613184955443,2.1355861883081984,0.2270787583765328,0.1690261513030561,0.8780342912757051,0.2988424413523373,0.8737462509746674,2.4945078744589804,0.6787932613391663,False,True,complex oxide (4 elements),other oxide (mixed-anion / molecular-ion)
9913dcce7e,Gd3Dy(CO3)6,28,511.725310772771,3.22649594870859,994.3034,52.849105405028624,22.42503046738437,2.033613342810552,0.308180745768454,0.2255840759435401,0.8241484774922702,0.2764975520121311,0.8170508648838225,2.5272471030637487,1.2597274284783972,False,True,complex oxide (4 elements),other oxide (mixed-anion / molecular-ion)
7a7518f62e,K4TeWO8,14,275.82043700707254,3.587103070780514,595.8284,41.42279085166796,16.32671271997781,2.1988044847747825,0.2685279210740376,0.2197012537416066,0.6711070080441917,0.1905390253900724,0.7016276704290725,2.5743234956314422,0.4747217381001448,False,True,complex oxide (4 elements),other oxide (mixed-anion / molecular-ion)
ec42d51061,CaCd2Hg(NO3)8,36,506.4053846165058,3.152922245715296,961.5292,39.46765743025132,19.29219817644695,1.9665173147794608,0.3251101096023356,0.3063315774417311,0.5496661920805578,0.1237019937755264,0.5547711219051923,2.5956495247507205,0.2316272164221712,False,True,complex oxide (5 elements),other oxide (mixed-anion / molecular-ion)
294f326bd7,Rb3Bi(IO3)6,28,535.9134510662094,4.693639015215201,1514.79982,68.00121776170667,26.610434589128666,2.111009399048577,0.241118547991667,0.1834353120109845,0.8313139897411216,0.2496685063643183,0.8171832349893835,2.5987170252104077,0.6494139887601977,False,True,complex oxide (4 elements),other oxide (mixed-anion / molecular-ion)
450421fe2d,Rb3Mn(IO3)6,28,499.96478299241807,4.519500194459306,1360.757465,75.2037433671711,30.362876892282152,2.1229647931011884,0.2027159099161818,0.1492276181568967,0.9965614844383208,0.3698005740935252,0.9948942156485722,2.614523589817021,0.7538486187149052,False,True,complex oxide (4 elements),other oxide (mixed-anion / molecular-ion)
a920d5c9f0,Hg3Pb(BrO3)8,36,595.4930587345639,5.109075658843072,1832.1876,78.63111210015114,32.25832692734584,2.057001453249876,0.2787393749872451,0.183049454269393,0.9031817324817512,0.2813897788048362,0.899712213561127,2.645994151919322,0.4400499709797364,False,True,complex oxide (4 elements),other oxide (mixed-anion / molecular-ion)
d6fc49fde4,Cs2Ce(IO3)6,27,533.2402771385163,4.532016592247032,1455.3429238,65.29458073216198,25.787916329989997,2.1167018496684484,0.2243315453162666,0.1791081955303688,0.8303311869729718,0.2472990999232268,0.8165023854762002,2.6508189983744765,0.8281022408823909,False,True,complex oxide (4 elements),other oxide (mixed-anion / molecular-ion)
12a6af3488,CaHg(NO3)4,36,504.0480284998856,3.2198711488341165,977.3752,38.20025594183566,19.32265635284523,1.945592792627405,0.2715255328384656,0.2970753651311375,0.5554685912861523,0.1154913987533213,0.5776476778512114,2.723624558639712,0.1542469824303729,False,True,complex oxide (4 elements),other oxide (mixed-anion / molecular-ion)
927481478e,Rb3Ga(IO3)6,28,496.6067028251838,4.599498791241306,1375.54242,73.43208570037902,30.44937647261957,2.1350803762255324,0.2084699396757362,0.1605455011711075,0.9774647066440694,0.324923222196062,0.984415973436744,2.732722665331794,0.7656609240923613,False,True,complex oxide (4 elements),other oxide (mixed-anion / molecular-ion)
ed8e1cd40e,Cs3In(IO3)6,28,557.1103875325144,4.658574350279136,1562.9503757,61.54632965084968,25.58772896035875,2.1090522626076065,0.2515171003335026,0.1928057565473505,0.7975416868916847,0.2263610823984525,0.7820251485703203,2.755782317426445,0.6201372858696556,False,True,complex oxide (4 elements),other oxide (mixed-anion / molecular-ion)
b773428800,Rb3Fe(IO3)6,28,495.9869613425404,4.558783081813161,1361.66442,76.48768433238364,30.690600972093453,2.135064804344148,0.2098080861061586,0.1585001574349237,0.9937955196379712,0.3585350950395188,1.0042427262621938,2.7560947824671493,0.7429858781009065,False,True,complex oxide (4 elements),other oxide (mixed-anion / molecular-ion)
78a8908330,Ca2Sb3I3O5,26,734.2774365513454,4.098427763308732,1812.29282,63.287858982453386,25.85406478660451,2.1461364769137146,0.2656461576877139,0.1805636313251792,0.9832933025314764,0.3421393194732147,1.0028731515324611,2.77742773334571,0.996134116021633,False,True,complex oxide (4 elements),other oxide (mixed-anion / molecular-ion)
c100aa5344,CsNb(IO3)6,26,484.7405632272432,4.368451560473548,1275.2278519,68.81551979548429,27.545609733137788,2.137782468630625,0.2276781526361216,0.175445640146577,0.9197850320901227,0.3092307942550856,0.9111718757759556,2.8230078134539065,0.943852603723504,False,True,complex oxide (4 elements),other oxide (mixed-anion / molecular-ion)
b934955135,RbAgCO3,12,230.1554138892116,3.6556959252249848,506.6898,45.26938498549055,16.370695901404513,2.1079243424791216,0.3391228388114566,0.2397908965460969,0.8040231362602956,0.2256102378136671,0.8190771861791334,2.837228266945008,0.3161074177053306,False,True,complex oxide (4 elements),other oxide (mixed-anion / molecular-ion)
4cdd7d16fe,As3Pb5BrO9,36,713.055526551998,6.914865639754133,2969.3268,88.30663260130859,38.15543416258447,2.1524663135376936,0.189812305604227,0.1883934748159701,0.9635842228850824,0.3043950525698563,0.9626322980367348,2.838068931635134,0.618606552842982,False,True,complex oxide (4 elements),other oxide (mixed-anion / molecular-ion)
9f69cf3433,BaReIO4,14,318.0499802472583,5.3717418377612205,1028.87214,49.02603902786924,17.141707047721425,2.153320353143491,0.2589368810231218,0.2152857265366337,0.6480447198339657,0.1519502417057161,0.6562117338440704,2.856819444624506,0.7646639026117842,False,True,complex oxide (4 elements),other oxide (mixed-anion / molecular-ion)
481de6dd2f,CaHg3(NO3)8,36,507.5877936929929,3.722520862601408,1137.8872,41.08819369338956,20.069833027010887,1.95573918073196,0.3223110465006526,0.3211725378402448,0.5429935112806443,0.1120883159619767,0.5605726199557339,2.8723541557179564,0.1175164953902899,False,True,complex oxide (4 elements),other oxide (mixed-anion / molecular-ion)
82c7bc2046,RbCdPO4,28,489.4139164811877,3.9744610356558447,1171.400648,69.85831482967453,26.702552187329054,2.062020866679711,0.3199222959660621,0.2131257692122621,0.9258636101566892,0.2866130632908588,0.8952851412406547,2.8865061438459483,0.8293895350487421,False,True,complex oxide (4 elements),other oxide (mixed-anion / molecular-ion)
662d7c688a,Rb3Gd(BO3)2,24,395.0608895246943,4.466134732683066,1062.5436,62.52063191296793,25.72582769231751,1.998133566759126,0.277425210361837,0.2079852957863493,0.9550484892313889,0.327074723411415,0.9700395786613252,2.903678453083508,1.1180906782221782,False,True,complex oxide (4 elements),other oxide (mixed-anion / molecular-ion)
621fc1e310,KRbBO3,12,218.4725037324967,2.787553076223866,366.7506,30.820379162554524,14.321405887784888,1.9875838243128916,0.2462861322640206,0.2135577386881845,0.8310615345934899,0.243146838133966,0.8092927729195108,2.9098984920918043,0.4246829589070338,False,True,complex oxide (4 elements),other oxide (mixed-anion / molecular-ion)
bcbb46399f,CrAg(NO3)4,36,491.64256561529527,2.755282796499941,815.7678000000001,46.86152220592686,22.63336583044104,1.9570713422389303,0.3755679957441555,0.2818879466348876,0.7469424338325908,0.1878106064015132,0.7309676495015051,2.945596406345108,0.0550306434760937,False,True,complex oxide (4 elements),other oxide (mixed-anion / molecular-ion)
e813091d53,CdAg(NO3)4,36,506.9941086999464,3.067603508539291,936.5976,43.675190019253264,20.33208244369295,1.973224090954844,0.3667491335977844,0.3017338146884541,0.599742720062239,0.1353601822342256,0.6310500006311166,2.954797922018531,0.1202488784806645,False,True,complex oxide (4 elements),other oxide (mixed-anion / molecular-ion)
fd9812ad3c,SbI(OF2)2,16,282.60369039394175,4.191330178760592,713.3137656,80.87365702980199,24.000111570953205,2.1876938738948737,0.3004341879105621,0.187650262219934,0.9918232681736688,0.3316226735118856,0.9600487816822952,2.968103192246818,0.2043059850861953,False,True,complex oxide (4 elements),other oxide (mixed-anion / molecular-ion)
85705ad319,Fe3Pb(NO3)8,36,494.3710732592872,2.9248365398377283,870.7742000000001,50.254544046119776,23.23226375241644,1.97555384903214,0.3626592446573474,0.2905548148905782,0.7422506801764623,0.1811526829275328,0.7404604413220051,2.9995042024628487,0.1146802117283348,False,True,complex oxide (4 elements),other oxide (mixed-anion / molecular-ion)
8f1490a110,Tl3PCO7,24,421.65946556599937,6.049953804806509,1536.260324,60.587993641986486,25.45841355162678,2.050746307151846,0.3197203082798435,0.2418710346638097,0.7829212297580185,0.2029434264196604,0.77343835897127,2.999833005813869,0.2196749000246461,False,True,complex oxide (4 elements),other oxide (mixed-anion / molecular-ion)
8c993eede2,K4TeMoO8,14,274.61257038333616,3.071363234525865,507.9284,50.43755557824888,17.084125831319202,2.203663702288782,0.3083453601307369,0.2174302774013838,0.7734429674912415,0.2013763157305269,0.7554804473492012,3.0014606651009963,0.8003670662308255,False,True,complex oxide (4 elements),other oxide (mixed-anion / molecular-ion)
2192a07ad1,Ba2SeS7O26,36,570.1226317944618,2.895279743758446,994.0534,61.73588598165667,27.60132238359177,2.0213095963415038,0.2329519110664589,0.1857019573113433,0.9683776868851744,0.2958553971771249,0.9552170260931916,3.037956751243976,0.1807382577569039,False,True,complex oxide (4 elements),other oxide (mixed-anion / molecular-ion)
88c5499a98,CeP2Cl8O3,28,882.1783074418202,2.009131232883555,1067.371448,50.79689660384821,19.06000434810033,2.1385410999522265,0.397722189108652,0.2367891455080667,0.8852095911694742,0.2498453212272058,0.8898924831747538,3.038289321371343,0.0455268583298358,False,True,complex oxide (4 elements),other oxide (mixed-anion / molecular-ion)
440ffdd3e0,Ba6TbTl(BO3)6,32,477.7451575677258,5.35314509099148,1540.12585,68.52232010735081,30.85049832260119,1.973655933850469,0.2960939289632805,0.2346849853648585,0.9362858735931692,0.3055730090187099,0.9676925132921946,3.040241879033759,0.9531675703854308,False,True,complex oxide (5 elements),other oxide (mixed-anion / molecular-ion)
f6a126dd3d,Ca3Hg(NO3)8,36,492.9138524937709,2.751866783009823,816.8632,40.37002882457325,20.765382578111897,1.9289849803146768,0.2255420587728,0.2878238703775232,0.675310002557553,0.1590111649761536,0.6740395422952223,3.045695907176626,0.1729623283100724,False,True,complex oxide (4 elements),other oxide (mixed-anion / molecular-ion)
467ed9afae,Ba6DyTl(BO3)6,32,476.6505292372375,5.377891838415436,1543.7005,69.36241042608184,31.299823636902737,1.970915659984896,0.2919558088335973,0.2332920061104508,0.956445816646268,0.3086437734832929,0.954553224404612,3.049677744706506,0.9399220804763044,False,True,complex oxide (5 elements),other oxide (mixed-anion / molecular-ion)
417a06e89b,BaHg2(BrO)2,28,686.2945134125856,7.0681876294841866,2921.2552,84.12528127868279,29.13775993636315,2.1597396988083,0.3194939077011986,0.2428192354318718,0.8047322044092363,0.2051893257487209,0.840429059782872,3.077635404614173,0.4306574853679245,False,True,complex oxide (4 elements),other oxide (mixed-anion / molecular-ion)
f62f3cdbcf,ZnCdAg2(NO3)8,36,493.7170180629134,2.9920140390037977,889.5956,47.51639992522161,22.49826199940412,1.969905955342056,0.3778503030517894,0.3099404263291074,0.7026831158522128,0.1499572129500931,0.683074445020253,3.140050872038602,0.1029257289723371,False,True,complex oxide (5 elements),other oxide (mixed-anion / molecular-ion)
b8dee6bf18,Cd3Hg(NO3)8,36,503.2252647998435,3.4115309684668205,1033.8622,43.82028963741856,20.94827643249163,1.969750541986203,0.3721078833739207,0.3324741286237476,0.5949882725599193,0.1189488447415789,0.600994095044855,3.1523394038450183,0.2238349737378112,False,True,complex oxide (4 elements),other oxide (mixed-anion / molecular-ion)
6554993a35,CaHg3(IO3)8,36,622.9621923550385,5.44057963107322,2041.06936,84.71047950276542,35.4499528022108,2.1363270426540706,0.2373357204291573,0.2007293731553387,0.9456465205033135,0.2564323289669268,0.94397557403671,3.1821016768757486,0.598049780325418,False,True,complex oxide (4 elements),other oxide (mixed-anion / molecular-ion)
5f5e5902a1,Rb2Ti(BrO3)6,27,480.5967722126761,3.4075340513554084,986.2158,67.6635036369447,24.909668460636368,2.116403976887672,0.2975662854559123,0.1994554711746443,0.879500458197347,0.2339886953312701,0.8674260709146844,3.212511555919032,0.513522039467773,False,True,complex oxide (4 elements),other oxide (mixed-anion / molecular-ion)
a60d2d17f8,CaFe3(NO3)8,36,481.2179785576186,2.4280929248191128,703.6522,51.39498117934501,23.60707642297174,1.9713257491708736,0.3592961256941308,0.2870048471979726,0.8305466623014464,0.2021233651958226,0.8603703256969977,3.420596662042373,0.1798968659731555,False,True,complex oxide (4 elements),other oxide (mixed-anion / molecular-ion)
eec36ec959,RbNb(IO3)6,26,470.5974548101469,4.332351513374866,1227.7902,71.26313617434597,28.71379683638599,2.143946150849691,0.2422136371358201,0.1970347597178499,0.9673959670982438,0.2682516819795371,0.9456232689550578,3.460085226900512,1.1332900227076037,False,True,complex oxide (4 elements),other oxide (mixed-anion / molecular-ion)
2858729b96,CdHg3(IO3)8,36,621.2260433398149,5.64913081921144,2113.40236,88.87638424553953,36.93101438772563,2.138479640820385,0.2399658035455583,0.2048525915865791,0.9839453054750084,0.2814829269200047,0.9922649679422832,3.4709877785619137,0.5064273645443799,False,True,complex oxide (4 elements),other oxide (mixed-anion / molecular-ion)
28362a88b3,Cs2RuOF5,9,197.78041007368003,4.012154978785394,477.8723198,52.78224242915852,14.935278657916784,2.14472681913217,0.3704362259158228,0.2380434364192841,0.8203187352113327,0.1960593764198265,0.8332625102386646,3.477220721762113,0.347092655709403,False,True,complex oxide (4 elements),other oxide (mixed-anion / molecular-ion)
9e5b5a6e65,RbTa(IO3)6,26,467.9592379515439,4.669188614670901,1315.8317,73.23048042695335,29.70687159062363,2.134851525430054,0.2400696192817492,0.201846728272127,0.9876175567436464,0.2829281606151806,0.9813358365436264,3.5182251060582,1.1295060700766717,False,True,complex oxide (4 elements),other oxide (mixed-anion / molecular-ion)
6fa8b5e0d7,ZnAg3CN7O24,36,490.29354497358,2.990759987579461,883.0568,50.23710010003559,24.054657691574715,1.9704054764366603,0.3758146167416544,0.3009544099164575,0.7745867171945635,0.1614977299255595,0.7711841994097632,3.559095739756595,0.0780294719720504,False,True,complex oxide (5 elements),other oxide (mixed-anion / molecular-ion)
d643df80db,CaMnFe2(NO3)8,36,484.1876359157831,2.4100903209003617,702.7452450000001,50.69523042749309,23.37004539103645,1.972784472439784,0.3659452211761791,0.2909159740050961,0.8215432540090759,0.1930664889111203,0.8026666559057193,3.5821357968792955,0.1933562914679929,False,True,complex oxide (5 elements),other oxide (mixed-anion / molecular-ion)
fa63c128cb,Fe3Hg(NO3)8,36,475.565630954953,3.017414048993632,864.1641999999999,53.60219093128372,25.266424195243616,1.9656525771040017,0.3770338314771109,0.3118928600486959,0.8259620856538713,0.1775064157961201,0.8110056434575036,3.585123951033056,0.1072265578923955,False,True,complex oxide (4 elements),other oxide (mixed-anion / molecular-ion)
190f1461da,Rb2Re(ClO)3,36,916.284745523684,3.707866602796398,2045.9992,66.2012481239396,24.93484068291197,2.1822448300942634,0.3529808852363704,0.2703703740100526,0.735566532879903,0.1503854847589872,0.7356062349207152,3.6760081954318022,0.1529876115200203,False,True,complex oxide (4 elements),other oxide (mixed-anion / molecular-ion)
cb28214f11,Cs2V(IO3)6,27,487.270382439306,4.655682192478275,1366.1684238,74.75742533272553,29.30629700912369,2.1138775169274777,0.2212099596496123,0.2107736024469913,0.9664666186191184,0.2303604881129166,0.920519900863585,3.6795994307916926,0.9608666570952256,False,True,complex oxide (4 elements),other oxide (mixed-anion / molecular-ion)
314d161c8b,Rb2Rh(BrO3)6,27,473.6690245529708,3.6503198567032022,1041.2543,68.78048857345154,27.12991753155309,2.0898351623640674,0.2969198184438756,0.2160314762761877,0.9858139539205382,0.2539469533764419,0.9849492035183746,3.7025453227028895,0.7217278171461451,False,True,complex oxide (4 elements),other oxide (mixed-anion / molecular-ion)
98ab9cf815,ZnAg(NO3)4,36,478.9116869332975,2.921539879265516,842.5935999999999,51.73844590059207,24.80543381456046,1.9662040908422864,0.381068678394131,0.3152797393232828,0.8177374247201785,0.1764075312316776,0.7598500335910083,3.7069190797342895,0.0854983287027181,False,True,complex oxide (4 elements),other oxide (mixed-anion / molecular-ion)
37da76973c,MnAg(NO3)4,36,496.7560230341046,2.7465892088347617,821.6516899999999,48.67667478744148,22.89540361155696,1.9821520851952232,0.3967394880602677,0.3210329349590847,0.7454053121051253,0.1455100808004106,0.7288109547789703,3.736719872882279,0.0858169360312977,False,True,complex oxide (4 elements),other oxide (mixed-anion / molecular-ion)
8b04bbbd44,Cs2Ti(IO3)6,27,490.60780571359857,4.613605182626678,1363.0939238,71.80840553828617,29.36208074816769,2.103361763612668,0.2336372130519927,0.2125266048938691,0.9851693378994366,0.2388616618863842,0.9548833700983168,4.139064842489068,0.8779709794798892,False,True,complex oxide (4 elements),other oxide (mixed-anion / molecular-ion)
171465d686,ZnNiAg2(NO3)8,36,474.5016897463209,2.925191007418269,835.8779999999999,53.934852320111,26.013377097830265,1.9651383938394176,0.3811195836872894,0.3182965579333769,0.8757669878284421,0.1600155478268465,0.8500796643555525,4.202505825179865,0.0838779811771348,False,True,complex oxide (5 elements),other oxide (mixed-anion / molecular-ion)
783980dc96,Mn3Fe(NO3)8,36,475.15088968962834,2.5046897979603884,716.698335,55.60268510849404,25.847567418845863,1.982216648845465,0.3965069093489138,0.3196122885241938,0.9226510294397796,0.1867321615622891,0.9088818875488804,4.240210860787861,0.1490789889445382,False,True,complex oxide (4 elements),other oxide (mixed-anion / molecular-ion)
1cd223ad4f,MnCdFe2(NO3)8,36,476.3891216464392,2.7016731676078294,775.0782449999999,53.94903324414674,25.40646491680744,1.9693895608300185,0.3857587706353508,0.316763091017203,0.8774067611988149,0.1955567726699353,0.8744349063609301,4.314724888095088,0.1588176379649168,False,True,complex oxide (5 elements),other oxide (mixed-anion / molecular-ion)
e48ac7bc6e,KOs2O4F7,28,457.7743919901506,4.472930846265701,1233.0894448,102.20179230812242,30.190235771347787,2.0984150783331974,0.2848418010778012,0.2448586473903548,0.9936739850454884,0.2345814286802362,0.9966675875865696,4.343561036112654,0.0881045835566576,False,True,complex oxide (4 elements),other oxide (mixed-anion / molecular-ion)
ca300c0b2c,Eu4(PO4)3,38,568.2072426794857,5.218094723239227,1785.540172,71.615598974059,31.490427867169817,2.0135109796005324,0.3352055199366668,0.2936633495567203,0.8388603515841898,0.1532375252968612,0.820689024317001,4.366511490077185,0.6883996501632966,False,True,"ternary oxide (A-B-O, other ratio)",other oxide (mixed-anion / molecular-ion)
0d8745d6bf,CdFe3(NO3)8,36,470.075621572427,2.7411626605809114,775.9852000000001,56.62656942250788,26.579567550272788,1.965437326074661,0.3728860435124394,0.3098622857777486,0.931684374611696,0.2136575267557676,0.9651513920072164,4.403356312768736,0.1618140208857708,False,True,complex oxide (4 elements),other oxide (mixed-anion / molecular-ion)
ae8a70be69,MgMnFe2(NO3)8,36,464.5672028416189,2.455498892536085,686.9722449999999,57.99930668335464,26.69181896659828,1.9671064461180787,0.359578949707398,0.2926477620056576,0.985468934737273,0.2242866429181741,0.9961069435064228,4.449477681680017,0.1703131189599736,False,True,complex oxide (5 elements),other oxide (mixed-anion / molecular-ion)
7bbe46d6db,Mn3Zn(NO3)8,36,471.17914518027993,2.559508403308336,726.262335,56.41579585409601,26.26016056855507,1.9757779368487496,0.3938295509944284,0.3186235583044863,0.9380169628973352,0.1846227085841049,0.9415701479951905,4.475447080546975,0.1715437888204388,False,True,complex oxide (4 elements),other oxide (mixed-anion / molecular-ion)
a8be30643d,MnZn(NO3)4,36,462.2311054173755,2.646672621294735,736.73329,58.62092638665394,27.14401565185353,1.9680322719872152,0.3813312922949726,0.3107339798974678,0.9708009716915847,0.1958859415288361,0.9877187549057662,4.531320527742998,0.1706985875860723,False,True,complex oxide (4 elements),other oxide (mixed-anion / molecular-ion)
a983f561a3,RbOsO4F,14,265.8720876684569,4.480538586930173,717.3876063999999,57.17156162178094,20.000893227916745,2.14482625538064,0.3267449866442449,0.2722838829206861,0.8498189259792762,0.152151361706589,0.8522793447155543,4.55497066461196,0.2151425003177838,False,True,complex oxide (4 elements),other oxide (mixed-anion / molecular-ion)
62ad9b0755,ZnCdFe2(NO3)8,36,467.382826659798,2.7909351023466944,785.5491999999999,56.656938357919465,26.59914699275755,1.9620683695289285,0.3737718070831092,0.3113912735322287,0.9256948642164888,0.1925773084940654,0.9266909944464654,4.565530211109656,0.1621884816647048,False,True,complex oxide (5 elements),other oxide (mixed-anion / molecular-ion)
f910e9d5ef,Mn2ZnFe(NO3)8,36,465.308206166774,2.5950391584777512,727.16929,58.016051846575145,26.9133599576716,1.9729882379650996,0.384302939730153,0.3107175838852576,0.9652561323102024,0.2006119068300454,0.9691903631948976,4.569172077206944,0.150395569989082,False,True,complex oxide (5 elements),other oxide (mixed-anion / molecular-ion)
9bc5b2f412,NiAg(NO3)4,36,467.6384227396418,2.944275946388688,829.1623999999999,56.43013793714527,27.500882554243876,1.963190138917817,0.3825524015005232,0.3225214980310624,0.9458978184486372,0.1966136084225235,0.9194377122391884,4.9462200843089805,0.0867302667808389,False,True,complex oxide (4 elements),other oxide (mixed-anion / molecular-ion)
a1365b8c57,Cs2Nb3Br7O5,34,941.3621892125502,4.1765806502432845,2367.7100876,77.1756257706288,27.895903252148468,2.147921009429069,0.4293681384051555,0.3121806918329253,0.9073240237448332,0.1539331372790577,0.9228137574847216,5.6846786926102615,0.3361958973113568,False,True,complex oxide (4 elements),other oxide (mixed-anion / molecular-ion)
db8026e010,Cs2Ta3Br7O5,34,924.4188796076518,5.202028336975033,2895.9590876,80.58768792959195,30.513589218272543,2.1344547606879005,0.3958266693581829,0.3291841341015835,0.936406888331598,0.1462952871386726,0.9220928020007868,6.000276057978125,0.3064954212371882,False,True,complex oxide (4 elements),other oxide (mixed-anion / molecular-ion)
88620a64c1,Rb2Ta3Br7O5,34,887.7085606934301,5.062207472880876,2706.20848,82.61251648657434,31.30751395070433,2.141172725420485,0.3660600804478431,0.319289756956397,0.966810778999055,0.1650190301782458,1.0330011288193215,6.502312361115247,0.2917595962936689,False,True,complex oxide (4 elements),other oxide (mixed-anion / molecular-ion)
bfcbbdc687,Rb2ICl5O,36,1127.9245850305076,2.8920307977299475,1964.41788,63.88309625650096,25.2166968950764,2.1317072900602514,0.3952187374760079,0.3510297116774918,0.9536739492334028,0.1201759388130341,0.9414628194947008,6.712673014085744,0.1894675776824504,False,True,complex oxide (4 elements),other oxide (mixed-anion / molecular-ion)
