run,d_spearman,d_spearman_lo,d_spearman_hi,d_recall10_pts,d_recall10_lo,d_recall10_hi,d_mae_log10,d_mae_log10_lo,d_mae_log10_hi,spearman_significant,recall10_significant
joint r4 huber 3-ens,0.024015684512752468,0.0051508540364799136,0.045217380693962264,-2.6390909090909087,-13.636363636363635,9.090909090909093,-0.0049193785159223425,-0.017424186617626812,0.007347659077792472,True,False
joint r5 ens B,-0.00017780397219485834,-0.017357056270688308,0.018389516085024468,-6.136136363636364,-18.181818181818183,4.545454545454552,-0.002425947084555472,-0.014894111267159572,0.010297570857053054,False,False
joint r5 ens C,0.005335585886916172,-0.009091429304085954,0.02030818486275208,-3.1415909090909087,-13.63636363636364,6.818181818181824,-0.0008820514367298623,-0.012526878020398341,0.010460282442733468,False,False
r7 matbench a=0.4,-0.0015954455399829705,-0.017209156129933,0.01432860576491935,-2.256363636363636,-13.636363636363635,6.818181818181824,-0.005296453095924993,-0.01759310102914044,0.007032440952033768,False,False
r7 +AFLOW a=0.0,0.014190793522616872,-0.0026608702496900977,0.032961994416557214,-1.165,-11.36363636363636,9.090909090909093,-0.015912608835057754,-0.027770708263168627,-0.004122410622841358,False,False
r7 +AFLOW a=0.4,-0.007621175248049168,-0.024761624764551998,0.009525310743487779,-4.4854545454545445,-15.909090909090907,6.818181818181812,-0.0018242126310879733,-0.014042980250130338,0.010334561746555455,False,False
separate 1-model,-0.02356144974075023,-0.04196245751907318,-0.005794969003102653,-1.1788636363636362,-9.090909090909093,6.818181818181824,0.019973492177903278,0.010102270617652013,0.030125064965059182,True,False
r4 huber s42,0.015190171287943957,-0.0069335071493614895,0.03889740037945072,-0.5347727272727272,-13.636363636363635,11.363636363636365,-0.004618336355589187,-0.01986958344645931,0.010650777597938824,False,False
r4 huber s1,-0.010775535470341224,-0.03399051198132148,0.012558564957105625,-2.979545454545454,-15.909090909090907,9.090909090909093,0.024215020931217846,0.009473256504983651,0.03935810971476268,False,False
r4 huber s2,0.011387701816709969,-0.010930569249519986,0.036617359012188135,-7.287272727272726,-18.181818181818187,4.545454545454541,0.007014192035382637,-0.007234296591377693,0.021101522070155043,False,False
r5 huber s3,-0.02561440995193251,-0.04804658752205521,-0.004761721533954976,-8.409545454545455,-20.454545454545453,2.272727272727282,0.015442717078139953,-0.00011142439033565206,0.030842629667342813,True,False
r5 huber s4,-0.009639209083252488,-0.03211928011305473,0.014504727429646924,-4.651136363636363,-18.181818181818176,6.818181818181824,0.008416758021373597,-0.00831003102660501,0.02508266924324798,False,False
r5 huber s5,-0.013538822107366252,-0.03502198916658217,0.008283999814489153,-3.4343181818181816,-13.63636363636364,6.818181818181824,0.0035384171705779457,-0.010374615228275664,0.017794351230556338,False,False
r5 huber s6,-0.006718942474440041,-0.025899546038720644,0.013615734031125318,-4.926136363636363,-15.909090909090917,6.818181818181812,0.006784816669493192,-0.007238146226215617,0.02049801438025764,False,False
r5 huber s7,-0.020647743635731915,-0.04203972151312901,-0.000935166524575178,-3.2118181818181815,-13.636363636363635,6.818181818181824,0.0209208044211939,0.007481509001966986,0.03451746174567945,True,False
r5 huber s8,-0.0009025066624862381,-0.019550139373661794,0.017682187489178595,-4.947045454545455,-15.909090909090907,6.818181818181812,0.00473391020971009,-0.00956913076323131,0.01910788644916433,False,False
r7 mb a=0.4 s42,-0.03538932508313272,-0.05648664881883401,-0.015325838054256684,-7.301136363636363,-18.181818181818187,4.545454545454541,0.02660049936746142,0.011508266606316393,0.04177119264986603,True,False
r7 mb a=0.4 s1,-0.005485193474889055,-0.02660135313959307,0.016868484846475466,-3.3879545454545457,-13.636363636363635,6.8181818181818175,0.008756283441862148,-0.006113854389690458,0.023381010425828932,False,False
r7 mb a=0.4 s2,-0.0162837479507571,-0.038508706965304576,0.00439236429772628,-4.391363636363636,-15.909090909090907,6.818181818181812,0.008111639314448535,-0.0067823187170023445,0.023111161444149465,False,False
r7 af a=0.0 s42,-0.004252895466312641,-0.024860676017995978,0.017394588624156875,-3.4731818181818177,-13.63636363636364,6.818181818181824,0.003858730175172943,-0.009792941682410218,0.017406201038367226,False,False
r7 af a=0.0 s1,-0.0016224055991129432,-0.023534559512532156,0.02161321096442728,-6.042272727272727,-18.181818181818176,4.545454545454552,-0.005174838262468257,-0.01994688900906597,0.00950848791767163,False,False
r7 af a=0.0 s2,-0.004452468452790478,-0.024911131620920724,0.01764011248865401,-2.755,-13.636363636363635,6.818181818181824,-0.007336975583944694,-0.022053909835319217,0.007638028177703092,False,False
r7 af a=0.4 s42,-0.03015644317822668,-0.05593707725144343,-0.004231661120985431,-4.264545454545454,-15.909090909090907,6.818181818181824,0.010471923582766846,-0.005450112307679984,0.02607448090992153,True,False
r7 af a=0.4 s1,-0.024122791093992922,-0.04121760520101807,-0.00717374758052424,-5.8575,-18.181818181818187,6.818181818181824,0.01612084331810313,0.0016307563700758713,0.030571946253129683,True,False
r7 af a=0.4 s2,-0.024318962449044686,-0.04585187639510923,-0.0024119122099005544,-8.264318181818183,-20.45454545454546,4.545454545454541,0.01671166684045083,0.0016455082485812974,0.03194280402414458,True,False
ALIGNN (K+G),0.027220643817985633,0.009088026390199849,0.04792431268858781,-2.2947727272727265,-13.636363636363635,6.818181818181824,-0.002298758971687559,-0.015001513047099296,0.010149477722013474,True,False
tree: decision_tree,-0.10973861197965289,-0.15857764372119734,-0.0634569621210402,-19.237727272727273,-34.090909090909086,-4.545454545454552,0.0917977632128427,0.0628218203762186,0.12323161284933482,True,True
tree: random_forest,-0.01811466361069929,-0.04791006010169765,0.011647312696630902,-9.934090909090909,-22.72727272727272,2.2727272727272707,0.0012054605060892647,-0.015965105560033242,0.018145468693432094,False,False
tree: xgboost,-0.014132243205055338,-0.04406453130466756,0.016849095932269288,-7.183863636363635,-20.454545454545446,4.545454545454552,-0.016155256858927554,-0.03425574458152771,0.0020123693502404464,False,False
