rank,material_id,formula,n_atoms,space_group,crystal_system,kappa_CGCNN,kappa_ALIGNN,kappa_worse_of_two,kappa_p05_recal,kappa_p50_recal,kappa_p95_recal,p95_p05_ratio_recal,confidence,clears_p95_threshold,gnome_source_id,K_baseline_rf,G_baseline_rf,gamma_baseline_rf,Kappa_baseline_rf,K_baseline_xgb,G_baseline_xgb,gamma_baseline_xgb,Kappa_baseline_xgb,Kappa_baseline,Kappa_baseline_vs_r9_ratio
1,32e397f80a,HfRuI6,8,P-31m,trigonal,0.0834,0.3373,0.3373,0.0339,0.0805,0.1951,5.75,wide,True,32e397f80a,31.574586160051624,9.354330597709971,2.2012189224325533,0.4792074971427472,15.848685,5.3254533,2.197225,0.2062133591990064,0.4792074971427472,0.1995499693931924
2,5fbe5bcacf,PdSe2I5Br,9,P1,triclinic,0.0601,0.0708,0.0708,0.0107,0.0605,0.2618,24.57,wide,True,5fbe5bcacf,15.67178889079232,9.157596618690633,2.336586300371412,0.3954252945244219,13.716386,6.4668703,2.4594862,0.2085561425702086,0.3954252945244219,0.3334913758608406
3,332f7fe495,TeClF5,7,P1,triclinic,0.1903,0.0596,0.1903,0.1262,0.1878,0.2776,2.2,moderate,True,332f7fe495,32.702666415953644,12.15520361735368,2.205104198025185,0.7852280450397713,18.706665,8.829548,2.1252685,0.5239211019037538,0.7852280450397713,0.9781736338802104
4,f58888cfa6,LuSbI6,8,R3,trigonal,0.0519,0.4674,0.4674,0.0071,0.051,0.3961,55.9,wide,True,f58888cfa6,12.633436855501726,7.479617800172451,2.3772855736813425,0.2924646494493408,9.6374,3.7559597,2.2705,0.1168860912486502,0.2924646494493408,0.2427054623422903
5,3b333fcade,SrZrBr6,8,P312,trigonal,0.1894,0.376,0.376,0.076,0.1876,0.4352,5.72,wide,True,3b333fcade,7.270409601995139,3.3426627956064245,2.1609780555420417,0.1281481602277412,8.357889,2.0058484,2.1424844,0.0613992023344382,0.1281481602277412,0.0354396621830789
6,9811b7fd74,GdGaI6,8,R3,trigonal,0.1071,0.7336,0.7336,0.0174,0.1094,0.4473,25.73,wide,True,9811b7fd74,16.73036972954798,9.332379690300437,2.232284938173445,0.4621822935822928,20.275627,5.5228925,2.2465694,0.210418014315677,0.4621822935822928,0.3223817464591212
7,9fdae5c922,KRbSeBr6,9,F-43m,cubic,0.2466,0.1688,0.2466,0.0991,0.2439,0.5702,5.75,wide,True,9fdae5c922,10.06263299724566,5.123809954365395,2.2734697821312717,0.1775305447528873,9.956211,4.913948,2.291965,0.1637969798465432,0.1775305447528873,0.0509586716398391
8,3d3f3d098a,InAgI4,6,I-4,tetragonal,0.0988,0.5608,0.5608,0.0183,0.1013,0.5788,31.66,wide,True,3d3f3d098a,19.06897530111269,9.014935730748745,2.3279388771790903,0.5467024835403823,10.714828,6.5674353,2.3525288,0.3296688811981685,0.5467024835403823,0.1592956717723431
9,e8275d9285,ZrFeI6,8,P-31m,trigonal,0.136,0.3543,0.3543,0.0313,0.1385,0.5954,19.05,wide,True,e8275d9285,31.28051903025121,8.958113558244207,2.249456831259681,0.4430033741596426,16.972408,5.3687587,2.1929517,0.217121240674002,0.4430033741596426,0.2345597277999513
10,262ae9057a,Cs2TaSBr5,9,Cm,monoclinic,0.1159,0.2489,0.2489,0.0228,0.1162,0.5972,26.15,wide,True,262ae9057a,8.872397204020965,5.361898992095589,2.1410585375538886,0.2027061672663394,8.31182,5.585004,2.2584245,0.1911217305679769,0.2027061672663394,0.0679253500504161
11,22772d2a07,Rb2ZrAgTe4Au,9,C222,orthorhombic,0.3332,0.4886,0.4886,0.1694,0.3324,0.5972,3.52,moderate,True,22772d2a07,11.754106656917523,9.18076044488192,2.2237234338048824,0.3588979267139473,17.020237,9.279189,2.2440858,0.3605483431141551,0.3588979267139473,0.3255523011461149
12,7fb1d14f79,RuPtI6,8,C2,monoclinic,0.1206,0.1122,0.1206,0.0227,0.1249,0.6025,26.52,wide,True,7fb1d14f79,36.440912821987865,9.480049696543349,2.426795287097853,0.3287507287723397,23.61422,5.9861655,2.4354906,0.1635933946259289,0.3287507287723397,0.142594828023371
13,844b1549b9,TmSbI6,8,R3,trigonal,0.1127,0.3455,0.3455,0.0169,0.1091,0.637,37.69,wide,True,844b1549b9,14.248161784221509,11.248255423284489,2.3332991945528594,0.5697652486495269,17.616169,6.153585,2.2806742,0.2475942473482381,0.5697652486495269,0.4730506786133199
14,881dd5b86d,HfFeI6,8,P-31m,trigonal,0.0625,0.2851,0.2851,0.0034,0.0574,0.7601,222.8,wide,True,881dd5b86d,30.740904633644963,9.914212758847816,2.1913576692631853,0.5045133033319293,17.861193,5.386462,2.188633,0.2028289659807395,0.5045133033319293,0.3173542202514693
15,552d77a56b,Hg(Se3Br)2,9,P-1,triclinic,0.1364,0.8009,0.8009,0.019,0.1319,0.771,40.59,wide,True,552d77a56b,25.773664788978504,12.48602502308113,2.2522790726806825,0.6288447956388722,21.079626,9.479904,2.2179246,0.4312670173472703,0.6288447956388722,0.530893253589867
16,7578a98a0d,Rb2Hf(Te2Au)2,9,C222,orthorhombic,0.3104,0.4561,0.4561,0.1137,0.3134,0.8008,7.04,wide,True,7578a98a0d,10.999519769196649,9.539494053771488,2.2237711859093707,0.3434232401629014,18.931221,10.941523,2.2345052,0.4216642760983585,0.3434232401629014,0.366230404858806
17,eb76dad8b3,K2Ru(Cl2F)2,9,I4/mmm,tetragonal,0.3331,0.4646,0.4646,0.1138,0.3256,0.8816,7.75,wide,True,eb76dad8b3,14.96336770708406,8.169802914046493,2.2153247423282965,0.390471099808217,13.888977,7.545024,2.2052155,0.3501100371740691,0.390471099808217,0.0513852729331121
18,ce2b3174a8,K2RbBiSbAu3,8,R3m,trigonal,0.1957,0.2634,0.2634,0.0426,0.1882,0.9191,21.6,wide,True,ce2b3174a8,24.25454917437349,11.46295904883158,2.310210497617424,0.4459485534657386,24.178377,9.421547,2.3783157,0.3116867625411253,0.4459485534657386,0.2125176117333812
19,c4d8bb3c6f,Rb3Ag(SbAu)2,8,C2/m,monoclinic,0.3226,0.2911,0.3226,0.1083,0.3155,0.9268,8.56,wide,True,c4d8bb3c6f,21.895079654524547,10.451636460236864,2.3227606912550622,0.4193330960455508,22.224655,8.204999,2.3653014,0.2810333503917099,0.4193330960455508,0.1888585833913726
20,3e16fd27f7,K3BiSbAu3,8,R3m,trigonal,0.3056,0.3085,0.3085,0.1003,0.2949,0.9271,9.24,wide,True,3e16fd27f7,24.62842096977384,11.799621368483455,2.302323100789492,0.4666057737960468,24.275354,10.17388,2.378042,0.3473368697292791,0.4666057737960468,0.2251838362561033
21,77aa45d8de,Ti(PSe3)2,9,C2,monoclinic,0.4614,0.4699,0.4699,0.1929,0.4598,0.9303,4.82,moderate,True,77aa45d8de,32.22718248749105,13.73237984339012,2.115860553555938,0.8589666671713485,23.470676,15.50003,2.114833,1.0206536489538165,0.8589666671713485,0.4376132759092457
22,6d7b04ae71,IrRhI6,8,C2,monoclinic,0.373,0.0505,0.373,0.1264,0.3652,0.9335,7.39,wide,True,6d7b04ae71,36.348459234584034,11.434103016748406,2.405808540763909,0.4497177468651255,24.7363,6.4235735,2.2952013,0.2121746225700328,0.4497177468651255,0.2092218506397518
23,c91fd89141,TaInCl6,8,R3,trigonal,0.0747,0.2528,0.2528,0.0049,0.0762,1.0031,204.14,wide,False,c91fd89141,13.92814756249665,7.75250587513547,2.144344858263893,0.4461736363375633,13.979925,4.8470798,2.1232536,0.22756790684673,0.4461736363375633,0.110052615958815
24,b5387a932b,Cs2Pd(PtSe2)2,9,C2/m,monoclinic,0.1729,0.1718,0.1729,0.0319,0.1807,1.0096,31.65,wide,False,b5387a932b,14.37753545605727,11.89894985768308,2.2774457939918142,0.4448552054568784,21.817984,17.744762,2.3800094,0.7315021058167317,0.4448552054568784,0.214026355309402
25,027d726fb6,ZrPbBr6,8,R3,trigonal,0.1764,0.0215,0.1764,0.023,0.1806,1.0116,43.93,wide,False,027d726fb6,3.1876010385263367,1.9806350661221317,2.167651999224598,0.0501677275038084,3.6428852,1.774073,2.1648614,0.0428931579469352,0.0501677275038084,0.015055922138828
26,3301a13de9,Mg(Se3Br)2,9,P-1,triclinic,0.1552,0.64,0.64,0.0164,0.1596,1.021,62.4,wide,False,3301a13de9,26.28169892295509,13.517852542176117,2.1521208989896974,0.7635646050305501,22.083519,9.573019,2.1476815,0.458810713515258,0.7635646050305501,0.2669372128524607
27,65ace95f61,CaCeBr6,8,C2,monoclinic,0.2797,0.3725,0.3725,0.0677,0.2753,1.0234,15.11,wide,False,65ace95f61,9.778954860367865,7.199840428990435,2.1882528190862507,0.3659673491569745,17.61662,6.5732203,2.1930583,0.3227253260917816,0.3659673491569745,0.1025671290693002
28,297c9b445d,PdSe6IBr,9,P1,triclinic,0.1481,0.6988,0.6988,0.014,0.1404,1.0358,74.04,wide,False,297c9b445d,29.71631437533888,12.774726628846802,2.2948144834631994,0.584226446171517,25.772718,10.559356,2.3626835,0.4106496718605054,0.584226446171517,0.2977044157370316
29,79d4f4d82f,Rb4CdAs2Pt,8,C2/m,monoclinic,0.5333,0.7691,0.7691,0.2532,0.53,1.0526,4.16,moderate,False,79d4f4d82f,13.986096998541845,9.162875822557398,2.2560304002425693,0.3939952265636739,23.501703,11.179443,2.2859976,0.5192297451310718,0.3939952265636739,0.1794603353146749
30,a996f5a4e3,Cd(Se3Br)2,9,P-1,triclinic,0.2062,0.9664,0.9664,0.0244,0.1995,1.053,43.07,wide,False,a996f5a4e3,31.18633004253202,13.451765805855342,2.231934228249432,0.6811051418487253,28.490456,10.4193325,2.1803024,0.4905484920673107,0.6811051418487253,0.2324645577439104
31,c4ea4b1cb6,K3Cu(PAu)2,8,C2/m,monoclinic,0.6337,0.4905,0.6337,0.3575,0.6358,1.1446,3.2,moderate,False,c4ea4b1cb6,24.211492485434796,12.872565559397389,2.2369119673514453,0.6065238287473795,21.483046,12.703881,2.3096266,0.5515369137356911,0.6065238287473795,0.2005479877758905
32,5dfbe90198,Rb3Cu(AgAs)2,8,C2/m,monoclinic,0.4941,0.5015,0.5015,0.2078,0.4963,1.1535,5.55,wide,False,5dfbe90198,22.386893489104345,12.423788758537826,2.24259989008762,0.6134509670469271,24.207556,12.126433,2.2616494,0.5817825535321695,0.6134509670469271,0.1887361128605494
33,41e77920bd,ErRhBr6,8,C2,monoclinic,0.24,0.0923,0.24,0.0401,0.2402,1.1857,29.55,wide,False,41e77920bd,6.863547231567185,5.007595570657869,2.1902893367926457,0.1796661653042293,9.504812,4.2738786,2.071552,0.1613780491305675,0.1796661653042293,0.0473605898593765
34,8676e5e44b,Rb3Ag2P2Au,8,C2/m,monoclinic,0.6396,0.3943,0.6396,0.3285,0.6366,1.1926,3.63,moderate,False,8676e5e44b,22.46206534120089,11.40449216813066,2.262601824871416,0.5170027582635601,21.517418,10.085812,2.2859483,0.4208117536039798,0.5170027582635601,0.1777779380259467
35,fa6029de53,HfGeBr6,8,P312,trigonal,0.0732,0.2103,0.2103,0.0039,0.0712,1.2512,322.79,wide,False,fa6029de53,2.416423991053108,1.6387151817485286,2.106770587546711,0.0382660631707038,2.0117412,1.0009999,2.1421528,0.0177656392486659,0.0382660631707038,0.0112125155191849
36,e83b56bce9,Er2ZnBr6,9,P-31m,trigonal,0.5268,0.9115,0.9115,0.1848,0.5196,1.3074,7.07,wide,False,e83b56bce9,15.873205891667956,9.684077655699856,2.1772530952418547,0.5063935486707087,24.486227,11.35504,2.207291,0.6279392588682983,0.5063935486707087,0.1725773955376411
37,d1dd9d5ee2,K3Ag2Sb2Au,8,C2/m,monoclinic,0.702,0.6278,0.702,0.3406,0.6871,1.3146,3.86,moderate,False,d1dd9d5ee2,23.00607904911652,11.896755451465053,2.2663891287486337,0.5608707921589496,22.913897,10.026023,2.3119736,0.4161321637568788,0.5608707921589496,0.2442405594218937
38,51a5dfe7d3,K4HgAs2Pd,8,C2/m,monoclinic,0.5848,0.8042,0.8042,0.2618,0.6013,1.3446,5.14,wide,False,51a5dfe7d3,15.99684714020427,10.21247633885641,2.228457781207462,0.5008305085667402,20.157578,10.238726,2.2789621,0.480624471934665,0.5008305085667402,0.4578849787845014
39,747fb48837,ZnCd2AsBr3,7,Pm,monoclinic,0.362,0.9729,0.9729,0.0921,0.3661,1.3587,14.75,wide,False,747fb48837,28.77062620482321,16.846272226584738,2.2807681419331938,1.0974792904048885,30.780033,13.422012,2.2569594,0.8046944161710481,1.0974792904048885,0.3163080996064477
40,33a4234ddb,Rb3Ag(PAu)2,8,C2/m,monoclinic,0.4678,0.3067,0.4678,0.1465,0.4689,1.3981,9.54,wide,False,33a4234ddb,22.17620885649717,11.222861395513686,2.2703349390543583,0.4737058048197198,21.016628,10.536237,2.3463852,0.3994357297725051,0.4737058048197198,0.1659725156932481
41,8587a98e3f,ErVBr6,8,P-31m,trigonal,0.1679,0.1207,0.1679,0.0157,0.1752,1.3989,89.36,wide,False,8587a98e3f,6.269385539494887,5.041812985531252,2.139896281249765,0.2063739431345918,8.877914,4.1657286,2.1771402,0.1513021420162148,0.2063739431345918,0.0746425015415855
42,79b9e92954,Rb4HgAs2Pd,8,C2/m,monoclinic,0.6456,0.6126,0.6456,0.2674,0.6423,1.4266,5.33,wide,False,79b9e92954,14.224389871094754,9.12274795720214,2.2652713134451656,0.3926512598981441,19.089235,8.747165,2.2938735,0.361099059608613,0.3926512598981441,0.1920678431551416
43,0be540b3d8,LiCuI6,8,C2,monoclinic,0.1184,0.2429,0.2429,0.0062,0.1094,1.4848,238.08,wide,False,0be540b3d8,16.442012436232382,8.290552366763091,2.2750234668687748,0.3954789394296499,16.264221,5.507049,2.3140447,0.2076153845702965,0.3954789394296499,0.1820068911787867
44,55e74d203d,K3Ag2As2Au,8,C2/m,monoclinic,0.8893,0.5762,0.8893,0.5213,0.8907,1.4861,2.85,moderate,False,55e74d203d,24.167144039827765,13.393835071808654,2.2555303715592205,0.6627824177660407,23.351658,13.565276,2.3440704,0.6176111264806308,0.6627824177660407,0.2268918585878887
45,3b581a1679,Zr(GaI3)2,9,R-3,trigonal,0.2531,0.2921,0.2921,0.0254,0.2607,1.4901,58.69,wide,False,3b581a1679,13.247367243623415,7.686661100846413,2.1914962069383126,0.3425418075201284,11.467238,5.330107,2.206032,0.1959409534351979,0.3425418075201284,0.1273141068952941
46,94d8192cb2,Cs2Pd2PtSe4,9,C2/m,monoclinic,0.1701,0.1397,0.1701,0.019,0.1693,1.5085,79.19,wide,False,94d8192cb2,14.5077405413096,11.86755484922435,2.2631935903259346,0.4707556110298201,18.646751,15.767578,2.3668473,0.6493946729077655,0.4707556110298201,0.2066686639511
47,55e39c76c1,NaLiZrBr6,9,P312,trigonal,0.3735,0.1794,0.3735,0.0657,0.3576,1.6102,24.52,wide,False,55e39c76c1,22.272004632163465,8.119252518528343,2.121186666402271,0.4166250477995801,22.487034,7.5189276,2.1081462,0.3767663793604914,0.4166250477995801,0.1094117913143118
48,adbbd64392,Rb3Cu2As2Au,8,C2/m,monoclinic,0.5229,0.5531,0.5531,0.1484,0.536,1.6514,11.12,wide,False,adbbd64392,22.328865811578908,12.403703016839705,2.227429801306499,0.5921358901927574,24.744627,12.7021,2.2603729,0.5948437801472547,0.5921358901927574,0.1957265918566765
49,1babd4bb2e,KRbZr(Te2Au)2,9,P2,monoclinic,0.3094,0.5399,0.5399,0.0428,0.2961,1.6878,39.48,wide,False,1babd4bb2e,11.695880217614215,10.335147814335148,2.217649269279085,0.4098807449890242,19.796995,10.799449,2.2614183,0.4241878627695007,0.4098807449890242,0.3748974078804065
50,1f66734223,K3CuAgP2Au,8,P-1,triclinic,0.8061,0.5251,0.8061,0.3711,0.8123,1.6929,4.56,moderate,False,1f66734223,24.14377259931156,13.36647707735497,2.2199954025856643,0.7027435605725347,21.857515,12.510294,2.265674,0.6074208893389836,0.7027435605725347,0.2206040084889585
51,a58f6bad97,ScSbBr6,8,R3,trigonal,0.2346,0.2185,0.2346,0.0167,0.2225,1.694,101.28,wide,False,a58f6bad97,4.044611671712122,3.786437146995486,2.2321730650766423,0.1266578779648236,5.202034,2.1319375,2.1907976,0.0569001384783424,0.1266578779648236,0.0343635662522487
52,222af8439d,K3Ag(SbAu)2,8,C2/m,monoclinic,0.5241,0.4677,0.5241,0.1495,0.5365,1.6986,11.37,wide,False,222af8439d,23.333344943316693,11.82967839582583,2.2882071569996847,0.5175545678727819,23.150126,9.679273,2.3695097,0.3546388864238578,0.5175545678727819,0.232514141115458
53,a453186cd3,Rb3Ag2As2Au,8,C2/m,monoclinic,0.4379,0.4151,0.4379,0.1088,0.4515,1.6998,15.62,wide,False,a453186cd3,22.51132816710328,12.31813618711734,2.290932150710975,0.5550426153687428,24.160187,11.696139,2.3424268,0.4891421236342995,0.5550426153687428,0.2321160778808094
54,8f544304b7,K4LiAgAsP,8,Cm,monoclinic,0.9054,0.9926,0.9926,0.4395,0.9024,1.7165,3.91,moderate,False,8f544304b7,16.725474868910197,10.143324058643934,2.013744277867485,0.7648448469705125,15.559419,14.713526,2.0763938,1.2408487684361842,0.7648448469705125,0.4186442251391884
55,9f31c919f8,Rb3BiSbAu3,8,R3m,trigonal,0.1389,0.2224,0.2224,0.0121,0.1377,1.7274,143.03,wide,False,9f31c919f8,22.851674659113844,10.444251662049094,2.323185150054061,0.3840357799252359,23.27732,8.833416,2.374786,0.2847871081540663,0.3840357799252359,0.1751717740830728
56,4809ac6683,Rb3Cu(AgP)2,8,C2/m,monoclinic,0.7993,0.4979,0.7993,0.3754,0.8015,1.7741,4.73,moderate,False,4809ac6683,23.170441921886543,12.09163384919107,2.248200822770651,0.6093084065882064,22.350342,9.705603,2.2135663,0.4554727225792327,0.6093084065882064,0.1639010344691369
57,e2e64b1307,Cs3Ag3AsP,8,R3m,trigonal,0.4931,0.2941,0.4931,0.1171,0.5139,1.7852,15.25,wide,False,e2e64b1307,21.64643586115288,10.891471436618852,2.264374919310828,0.5011159864122137,17.923231,10.279039,2.3019712,0.4411403229372326,0.5011159864122137,0.1871674964788749
58,8ffe188ecc,LiNb(AgS2)2,8,P-42m,tetragonal,0.3495,0.8577,0.8577,0.0757,0.36,1.7866,23.59,wide,False,8ffe188ecc,58.89511797324283,23.17556439473271,2.137490192094573,2.073072999293114,53.753147,29.996498,2.1192107,3.0850680972873183,2.073072999293114,0.5031889197983989
59,4c996b9ceb,EuPtCl6,8,C2,monoclinic,0.118,0.4163,0.4163,0.0062,0.119,1.7894,287.04,wide,False,4c996b9ceb,23.42887261268491,11.572017011923682,2.2651428023860003,0.6378576323929307,27.89301,10.424648,2.2562466,0.5535130138351211,0.6378576323929307,0.117272040454785
60,20ff0e5d0c,Er2TeBr5,8,P1,triclinic,0.4669,0.1532,0.4669,0.1016,0.4814,1.8163,17.88,wide,False,20ff0e5d0c,22.27678006028949,11.722605797754476,2.144450880104898,0.7301874860222437,27.845549,12.278648,2.2529373,0.7050631217847017,0.7301874860222437,0.2753333632275467
61,a9692b8038,K3AsPAu3,8,R3m,trigonal,0.3629,0.3739,0.3739,0.0713,0.3778,1.8405,25.81,wide,False,a9692b8038,25.223847147874373,11.897883969038578,2.2957484766752803,0.484744482536068,26.085941,10.742442,2.3556602,0.3928335418380457,0.484744482536068,0.1766369737233488
62,9a57fc02a9,CoF8,9,C2/m,monoclinic,0.0897,0.1439,0.1439,0.0034,0.0925,1.8582,540.21,wide,False,9a57fc02a9,23.12743315006994,16.7026532359847,2.190502542256388,1.1562550398399345,29.447182,12.115979,2.0934663,0.7975930182613284,1.1562550398399345,0.4294479565448864
63,8bf26c7bed,Rb3Cu2AgAs2,8,C2/m,monoclinic,0.5391,0.6002,0.6002,0.1507,0.5526,1.8617,12.35,wide,False,8bf26c7bed,22.266159958419653,12.55484435817747,2.216133254831754,0.6548041938688762,25.348797,12.332482,2.2579725,0.6134609127475796,0.6548041938688762,0.2075389652984265
64,6d7bbbcb8c,Rb2Li2ZrTe4,9,C222,orthorhombic,0.6956,0.8531,0.8531,0.1803,0.6629,1.9266,10.68,wide,False,6d7bbbcb8c,14.947664893868854,9.8020435897416,2.128586695839485,0.5249381675250664,14.164111,10.801243,2.0715787,0.640374910181037,0.5249381675250664,0.8005368972748291
65,1d21b4ae34,NaGaBr6,8,P1,triclinic,0.1063,0.0502,0.1063,0.0038,0.1026,1.9469,519.15,wide,False,1d21b4ae34,4.74967167659482,4.102959581956084,2.204362064218369,0.1741403612467363,8.83152,2.752017,2.2156298,0.0968006011372581,0.1741403612467363,0.0485619973096151
66,055fd62418,CsK2Cu2AgAs2,8,C2/m,monoclinic,0.872,0.439,0.872,0.3572,0.8711,1.9758,5.53,wide,False,055fd62418,23.917870653343574,13.497842331478829,2.206506246384808,0.7297898450901333,21.349556,13.643,2.2760801,0.6896590856365237,0.7297898450901333,0.2166468632685056
67,bcb3257dd0,Cs3Cu2AgP2,8,C2/m,monoclinic,0.512,0.4183,0.512,0.1143,0.5111,1.9914,17.42,wide,False,bcb3257dd0,22.54011446726287,10.604481241243992,2.213353055981621,0.5088872613099706,20.831724,9.880228,2.201868,0.4628580719416209,0.5088872613099706,0.1709977014669711
68,ce4bc117e8,ErZrBr6,8,P-31m,trigonal,0.3039,0.2907,0.3039,0.0264,0.3051,2.0102,76.24,wide,False,ce4bc117e8,6.665071632243436,3.4270692940414262,2.1297345256711453,0.123224534093192,7.5487113,2.6319566,2.1358392,0.0831033031055497,0.123224534093192,0.0429186692113462
69,19509b7273,KRbHf(AgTe2)2,9,P2,monoclinic,0.6592,0.5419,0.6592,0.1636,0.6448,2.0492,12.53,wide,False,19509b7273,12.437149933087854,9.529715896854556,2.2052419988956067,0.3926449184260346,17.684908,10.344749,2.214873,0.4428126781667073,0.3926449184260346,0.394069041133199
70,aad189367e,ZrGeBr6,8,P312,trigonal,0.1339,0.1845,0.1845,0.006,0.14,2.1097,349.82,wide,False,aad189367e,2.4437750181983264,1.6795777499302549,2.124674373836453,0.0419031901554664,3.6701121,1.4703171,2.1731706,0.0331068666994699,0.0419031901554664,0.010952300049477
71,10d40a0dce,CoIrBr6,8,C2,monoclinic,0.1021,0.0521,0.1021,0.0043,0.1003,2.1493,495.56,wide,False,10d40a0dce,5.667240845627737,4.545679639867789,2.3133599703240364,0.1165767214803451,10.887402,4.1589065,2.1290243,0.1248227296785527,0.1165767214803451,0.0256438268908512
72,35c885b13e,ZrSnBr6,8,R3,trigonal,0.1671,0.0491,0.1671,0.0055,0.1425,2.176,398.75,wide,False,35c885b13e,3.1802137829883232,1.9519705551476785,2.164952612819062,0.0516902759486904,3.6623728,1.7861183,2.1805098,0.0447882466134842,0.0516902759486904,0.0142316635863488
73,eec4222682,Cs2Ni(PdSe2)2,9,Fmmm,orthorhombic,0.2663,0.2303,0.2663,0.0251,0.2834,2.1798,86.91,wide,False,eec4222682,14.778138565339168,10.370823656191025,2.2292038994950194,0.4223569496144075,19.12556,12.457622,2.3072517,0.515267291161368,0.4223569496144075,0.1230762063082361
74,a204f466ca,EuZrCl6,8,R3,trigonal,0.1264,0.0834,0.1264,0.0072,0.1359,2.2238,308.98,wide,False,a204f466ca,21.359750931074945,7.93546102181887,2.107154687190174,0.540233778205378,29.673008,8.471325,2.0818706,0.6140128114732356,0.540233778205378,0.1548038235757955
75,e7a5db403b,CeErBr6,8,C2,monoclinic,0.3301,0.5332,0.5332,0.0401,0.3262,2.2494,56.04,wide,False,e7a5db403b,9.147981704937877,6.5889707783917535,2.175915287732563,0.3049642276894089,12.228415,5.139904,2.175654,0.2128490059829151,0.3049642276894089,0.1005071045818881
76,1f933cd457,Cs2Pd2PtS4,9,C2/m,monoclinic,0.262,0.4039,0.4039,0.0274,0.2572,2.2774,83.17,wide,False,1f933cd457,15.7295773674141,11.841523029922945,2.187902956826343,0.5178662859034612,22.33379,13.483565,2.2780035,0.5782218681404623,0.5178662859034612,0.1340177798610698
77,1c8b7bc6ec,KSe6Br,8,P1,triclinic,0.1149,0.8991,0.8991,0.0041,0.1165,2.2994,556.84,wide,False,1c8b7bc6ec,22.169048049549342,10.897304656926991,2.2045675908557807,0.6918663701534905,19.559494,10.4202795,2.1718616,0.6672104542240473,0.6918663701534905,0.5832613867776948
78,9929ca07be,CsK2Cu(AgP)2,8,C2/m,monoclinic,0.9505,0.3092,0.9505,0.3416,0.9404,2.3069,6.75,wide,False,9929ca07be,23.580195392753303,13.013414564121367,2.2159014700563264,0.6977725951097135,18.55246,10.429331,2.2353947,0.490744430726618,0.6977725951097135,0.1851809355691227
79,c0e352a557,K3Ag(PAu)2,8,C2/m,monoclinic,0.5809,0.4384,0.5809,0.1329,0.585,2.3119,17.4,wide,False,c0e352a557,24.057193231237072,12.776863987619151,2.248471316979328,0.6015475460059392,21.786171,12.312039,2.3370056,0.5200455042315142,0.6015475460059392,0.1879405376275804
80,801c8bda45,K3ReO4,8,C2,monoclinic,0.9641,0.9459,0.9641,0.3355,0.9362,2.367,7.05,wide,False,801c8bda45,37.59589144135022,15.612627307983727,2.108306041263992,0.9535050437071548,32.75315,17.460867,2.2133138,1.00972234768488,0.9535050437071548,0.3448920961207524
81,11c28343d0,K3Ag(AsAu)2,8,C2/m,monoclinic,0.5898,0.429,0.5898,0.1489,0.593,2.3712,15.92,wide,False,11c28343d0,24.53447770429957,13.055644655191788,2.28090003286564,0.5876739998564907,23.855362,14.634326,2.376972,0.631383794661727,0.5876739998564907,0.2149653725592588
82,f3a677860c,Cs2NiPdPtSe4,9,C2/m,monoclinic,0.2888,0.2535,0.2888,0.0283,0.2966,2.3776,84.11,wide,False,f3a677860c,14.468948566244276,10.221243167146149,2.2283648800306404,0.3914734544874909,20.661312,13.310803,2.312417,0.5361147002058472,0.3914734544874909,0.1156921617183561
83,ebe89027cc,Rb4LiAgAs2,8,C2/m,monoclinic,0.7902,0.7649,0.7902,0.2276,0.7856,2.3959,10.53,wide,False,ebe89027cc,13.155532380756068,8.701380666036835,2.007271208344104,0.5406574011952492,14.325658,12.3585415,2.0669765,0.8562331840676822,0.5406574011952492,0.259749741622566
84,e8483382d7,CsCu(AuSe)2,6,C2/m,monoclinic,0.2625,0.4393,0.4393,0.0237,0.2684,2.4034,101.6,wide,False,e8483382d7,58.82649409559827,13.608665385088331,2.5000521803289595,0.5995274904379505,35.97284,10.883039,2.5684335,0.3987745139462711,0.5995274904379505,0.2224993377076574
85,8f3701b860,Ta2RuSe6,9,Cm,monoclinic,0.9537,0.7716,0.9537,0.3307,0.956,2.4603,7.44,wide,False,8f3701b860,45.01620997700935,32.040295420184414,2.121228839600178,1.8967647460889656,40.617798,26.675549,2.12382,1.4401110352751838,1.8967647460889656,0.6348053465185057
86,a5d005c70b,Cs2Os(Cl2F)2,9,I4/mmm,tetragonal,0.2637,0.2829,0.2829,0.0229,0.2667,2.4745,108.12,wide,False,a5d005c70b,12.478767418721295,6.069859848294197,2.2546836735414133,0.2153403267470285,11.819629,6.365061,2.2508593,0.2315825237925609,0.2153403267470285,0.0726586806911723
87,12d9ab62e2,ZnCd2SbI3,7,Pm,monoclinic,0.3991,0.8769,0.8769,0.0509,0.4042,2.4915,48.97,wide,False,12d9ab62e2,24.12890066964066,9.369293765699576,2.323751629121263,0.452591193480709,22.239233,8.299795,2.3731291,0.3594539543791684,0.452591193480709,0.1335448753803681
88,a50d5f760c,TmInSnI6,9,R3,trigonal,0.202,0.382,0.382,0.0092,0.1899,2.5004,273.11,wide,False,a50d5f760c,13.861777657426767,10.243221576609814,2.259698661140157,0.4932781054141354,20.648062,7.5489383,2.2624602,0.3162815461265713,0.4932781054141354,0.1883194435234029
89,de7281ffad,ErAuBr2,8,Pm,monoclinic,0.6825,0.4893,0.6825,0.166,0.6778,2.524,15.2,wide,False,de7281ffad,37.966644737476045,11.555250750694483,2.312141002977016,0.4934783836618133,44.51658,12.887391,2.534982,0.4655130914598601,0.4934783836618133,0.1446125793252883
90,f4cac039b3,TePdBr2,8,P-1,triclinic,0.1842,0.1612,0.1842,0.0114,0.1904,2.5442,223.85,wide,False,f4cac039b3,22.16990888657436,9.59236711493998,2.324662091555312,0.3669675514041136,23.034843,10.108492,2.382468,0.3745697831619737,0.3669675514041136,0.1202212544949325
91,391d35ee8b,Cs2Ru(Cl2F)2,9,I4/mmm,tetragonal,0.329,0.2452,0.329,0.0377,0.3383,2.5582,67.95,wide,False,391d35ee8b,11.890292580916288,5.928919149436055,2.2339863577692003,0.2267491483530427,11.601144,6.282992,2.2401958,0.2453606646416932,0.2267491483530427,0.0723064498665275
92,452c058c00,ZrTi(ICl)3,8,P1,triclinic,0.2009,0.2948,0.2948,0.0088,0.2069,2.6122,297.93,wide,False,452c058c00,18.31870180077568,8.117643807191527,2.0875694443070163,0.5098346912957292,25.889832,7.682579,2.0683548,0.4822033677677647,0.5098346912957292,0.1701133332532246
93,e4f9941a4e,K3RbLiAgAs2,8,P1,triclinic,0.8928,0.6524,0.8928,0.2815,0.8764,2.6186,9.3,wide,False,e4f9941a4e,14.518576480841071,9.79333519886775,1.9951761420141363,0.6979824879539255,15.52494,14.244218,2.0604153,1.1379308030770956,0.6979824879539255,0.4886468780783415
94,39b7b87056,Er2AsBr5,8,P1,triclinic,0.7239,0.3378,0.7239,0.1322,0.6738,2.6407,19.98,wide,False,39b7b87056,19.10954991094596,11.509919653953215,2.1385704419983167,0.734645118788612,26.614443,12.055986,2.242252,0.7146782295912452,0.734645118788612,0.2712602179963241
95,77e5bac279,K2Cd(IF)2,7,C2/m,monoclinic,0.7043,0.8123,0.8123,0.1464,0.7148,2.7039,18.47,wide,False,77e5bac279,20.117767497318265,9.959388965600098,2.2536853207374725,0.5311763523427612,16.606018,9.916059,2.282256,0.510590994549066,0.5311763523427612,0.1740037791917756
96,8871a9f1c7,Rb4Cu2SbAs,8,Amm2,orthorhombic,0.7028,0.6222,0.7028,0.1445,0.6936,2.7226,18.84,wide,False,8871a9f1c7,15.865151454207904,7.53752189616796,2.191870110169456,0.3504473810226063,18.34357,6.98228,2.1810813,0.3173130767945557,0.3504473810226063,0.1244510949109048
97,15aca1906a,K2RbSbO4,8,I-42m,tetragonal,0.4618,0.558,0.558,0.0701,0.4411,2.739,39.07,wide,False,15aca1906a,29.768874142511724,13.374700947853666,2.125779052218915,0.836755633440487,32.656555,17.06185,2.1606028,1.160423456916667,0.836755633440487,0.7013291796952673
98,42894cf736,K2Zr(Te2Au)2,9,C222,orthorhombic,0.4575,0.8196,0.8196,0.0551,0.4454,2.7398,49.75,wide,False,42894cf736,11.9215192593369,10.336386994897415,2.2086731503409576,0.4131877100160116,19.727663,10.9274845,2.2409303,0.439818907851747,0.4131877100160116,0.3295642630083533
99,639f58958e,CsK2Li(AgAs)2,8,C2/m,monoclinic,0.834,0.4928,0.834,0.235,0.8186,2.7648,11.77,wide,False,639f58958e,21.86386096857129,13.24739671621513,2.204008426715575,0.7622958695002238,18.8823,15.207768,2.2462807,0.8923492172611948,0.7622958695002238,0.2971797469434776
100,ed99e65d29,Er2Pd(SeBr2)2,9,C2/m,monoclinic,0.8165,0.4649,0.8165,0.1874,0.7947,2.7678,14.77,wide,False,ed99e65d29,34.71586282948395,18.595231674880484,2.1844924256138327,1.0376005338117196,37.44281,15.143557,2.3776228,0.6325294309036833,1.0376005338117196,0.2773816352078257
101,c635459bbc,Rb4RuO4,9,C2/m,monoclinic,0.633,0.5949,0.633,0.1074,0.6212,2.8329,26.38,wide,False,c635459bbc,25.12418336547029,10.491491548826817,2.1638966823014907,0.4611127263891614,23.301945,10.647758,2.18724,0.4596899326628618,0.4611127263891614,0.234098287358982
102,bf1f5d1c8c,Rb2HPtI5,9,I4mm,tetragonal,0.4385,0.3253,0.4385,0.0538,0.4291,2.908,54.03,wide,False,bf1f5d1c8c,14.9192863774956,6.321635042505489,2.405863888199516,0.1997918752776646,12.512691,5.018555,2.3108125,0.1555880058357011,0.1997918752776646,0.2274443296114482
103,bcf3ef5d3b,CsK2SbO4,8,I-42m,tetragonal,0.4514,0.3574,0.4514,0.0645,0.4533,2.9482,45.7,wide,False,bcf3ef5d3b,29.45624386592341,12.824891714703227,2.128750439061723,0.7606988716230123,25.60149,14.723957,2.1681042,0.8939796618075111,0.7606988716230123,0.763564631801939
104,c379a102ce,Cs2NbFeS4,8,C2,monoclinic,0.4065,0.6223,0.6223,0.0434,0.4062,3.0027,69.13,wide,False,c379a102ce,40.14172984063144,16.561037919992593,2.075484918346709,1.3469485605454925,41.598263,12.022035,2.0807345,0.8342221214984383,1.3469485605454925,0.4283659473001125
105,50b5380512,Rb3Cu(AsAu)2,8,C2/m,monoclinic,0.2814,0.4374,0.4374,0.0248,0.2942,3.0467,122.68,wide,False,50b5380512,22.473781786194174,12.012722875818728,2.2799876282454825,0.5100890186760074,23.844887,13.436853,2.323908,0.5767842409197531,0.5100890186760074,0.1695752570243215
106,aee435bf21,ErFeBr6,8,R3,trigonal,0.1884,0.0616,0.1884,0.0084,0.1809,3.0754,365.14,wide,False,aee435bf21,6.386528704896981,5.180854091442914,2.1950086937596542,0.2042399496702019,9.543697,4.2975593,2.16324,0.1615723942271485,0.2042399496702019,0.0594795137358336
107,9daac5bf43,Rb3Cu2P2Au,8,C2/m,monoclinic,0.6628,0.5739,0.6628,0.1217,0.6647,3.0848,25.35,wide,False,9daac5bf43,22.55291336078904,11.355956137140716,2.231484863254693,0.5224881377100123,23.015617,9.727768,2.260472,0.4039615470405271,0.5224881377100123,0.1772280090678766
108,ea1ef1cad3,K2RbCu(AgP)2,8,C2/m,monoclinic,0.9275,0.2246,0.9275,0.2454,0.9003,3.1123,12.68,wide,False,ea1ef1cad3,23.775864002425056,13.044379608913848,2.231046088374155,0.7036485047449919,23.45934,10.684129,2.2281234,0.525338162788926,0.7036485047449919,0.1875434034545372
109,88350da99f,NaScSnBr6,9,R3,trigonal,0.4676,0.1122,0.4676,0.0412,0.4704,3.1584,76.57,wide,False,88350da99f,11.96156905651887,6.292147347619648,2.212133060522424,0.2516544036791003,15.356603,5.341738,2.2071302,0.1995673597529038,0.2516544036791003,0.0633769623411814
110,1ea216bb3c,Er2CuBr5,8,P1,triclinic,0.4539,0.2781,0.4539,0.0658,0.4576,3.1918,48.49,wide,False,1ea216bb3c,19.975997098707687,11.225995555623214,2.179171654507602,0.6361921661198079,25.745256,12.110078,2.2574832,0.6618213400252785,0.6361921661198079,0.2317490169452685
111,4c3992ab8b,Rb3Cu3AsP,8,R3m,trigonal,0.7159,0.7511,0.7511,0.1447,0.7019,3.1977,22.1,wide,False,4c3992ab8b,22.043282212481163,11.564389726566771,2.2233578339074827,0.5751171154774857,23.80261,8.728524,2.2135088,0.3837817024688584,0.5751171154774857,0.2289781945582918
112,0f007e6887,KTmSnI6,9,R3,trigonal,0.2746,0.3232,0.3232,0.0151,0.2699,3.198,212.42,wide,False,0f007e6887,18.174962029554035,9.772761283669643,2.259660077564841,0.4800776560457559,24.392464,7.9688354,2.2578526,0.3578255516902726,0.4800776560457559,0.2022512728910253
113,d495c81573,CoICl2,8,C2/m,monoclinic,0.1861,0.081,0.1861,0.009,0.1856,3.2693,361.28,wide,False,d495c81573,23.801023130361703,11.401004639878453,2.1577423563256426,0.624578682318732,37.536507,10.956991,2.089604,0.6360667157380551,0.624578682318732,0.1176213584377079
114,80db2bc5cb,CsK2Cu(AgAs)2,8,C2/m,monoclinic,0.6939,0.2917,0.6939,0.1194,0.6862,3.4914,29.25,wide,False,80db2bc5cb,23.36449078085201,13.419354622118297,2.232288187549901,0.6979907314131235,19.508583,12.77411,2.2710378,0.6216163874387689,0.6979907314131235,0.1944159176754444
115,d88ee0f6bc,K3Cu(AgP)2,8,C2/m,monoclinic,0.9542,0.5304,0.9542,0.2299,0.9586,3.5271,15.35,wide,False,d88ee0f6bc,24.090233447486664,13.403677705969764,2.2082934496142204,0.7741474331990692,24.219427,11.716428,2.2126415,0.6319707598637694,0.7741474331990692,0.2063818585563408
116,30ee5d3be2,Be(Se3Br)2,9,P-1,triclinic,0.2408,0.725,0.725,0.0061,0.24,3.5297,575.37,wide,False,30ee5d3be2,29.909503369156223,13.44552218828928,2.166850100744937,0.9288345071544826,25.531866,11.0109625,2.0936074,0.741319335113829,0.9288345071544826,0.971452269861856
117,93e0a3048a,Er2SBr5,8,P1,triclinic,0.5567,0.1035,0.5567,0.0697,0.5431,3.5656,51.17,wide,False,93e0a3048a,11.042962225786969,6.516222137952787,2.1198231478968137,0.3213389701753389,15.330659,6.6292906,2.2150505,0.3019230318424228,0.3213389701753389,0.0830726057970934
118,c03b821eda,Ag3HgAsO4,9,P1,triclinic,0.2929,0.162,0.2929,0.0294,0.3248,3.6649,124.77,wide,False,c03b821eda,68.20368418450934,24.38904382544848,2.2710256262320927,0.9965258257996908,68.79828,21.51548,2.2830904,0.8177937809051896,0.9965258257996908,0.3526626055340717
119,757d018561,Gd2(BrCl)3,8,P1,triclinic,0.4675,0.2543,0.4675,0.0441,0.4905,3.6806,83.38,wide,False,757d018561,25.65713389791732,14.294669701868024,2.122177912883817,1.0844554173296577,30.347599,13.506465,2.1548617,0.9689122801501234,1.0844554173296577,0.2795921145498711
120,164b7cd4e3,MnPtCl6,8,C2,monoclinic,0.1573,0.1408,0.1573,0.0042,0.1514,3.6852,867.87,wide,False,164b7cd4e3,19.355165373257865,9.674830845337796,2.234291575450781,0.4799344815746905,28.784435,9.271774,2.2993627,0.4256828841679925,0.4799344815746905,0.0814542597594727
121,0b5574a75e,Cs2HPtI5,9,I4mm,tetragonal,0.3231,0.469,0.469,0.019,0.3258,3.6871,194.33,wide,False,0b5574a75e,13.83216955697143,5.805481448024905,2.4013995598780915,0.1806956471503784,11.454039,4.682737,2.3135831,0.1429930848807921,0.1806956471503784,0.2618090465093833
122,871f3f6ecb,Cs2Ni(PdS2)2,9,Fmmm,orthorhombic,0.3253,0.3894,0.3894,0.0235,0.3262,3.6903,157.15,wide,False,871f3f6ecb,15.91658270390672,11.429346637192785,2.174922961962243,0.5316000994546056,22.887602,13.086005,2.267144,0.5972686911778197,0.5316000994546056,0.1212255346780547
123,d39a73b18d,Rb4NaBi2Au,8,C2/m,monoclinic,0.5202,0.5363,0.5363,0.0466,0.5212,3.711,79.65,wide,False,d39a73b18d,11.620595459378016,6.090502457136794,2.0405352368495957,0.291450898036822,11.303201,6.056457,2.1003723,0.272083973635682,0.291450898036822,0.1442203946324882
124,46146298a1,CsK2Ag3AsP,8,R3m,trigonal,0.8459,0.2762,0.8459,0.1788,0.8744,3.7761,21.12,wide,False,46146298a1,22.753367921226182,12.04634846217271,2.2426648403646268,0.6031815486442964,18.364922,10.675448,2.311442,0.4687175591669435,0.6031815486442964,0.2069855259651113
125,3670d609fd,CsNaNi3S4,9,Fmm2,orthorhombic,0.9929,0.8189,0.9929,0.221,0.9972,3.8007,17.2,wide,False,3670d609fd,68.51815787568897,30.15173540546024,2.086474311351956,2.686323583737083,56.226803,28.150927,2.174386,2.21314121553997,2.686323583737083,0.3929206411414403
126,bbac81b90d,Cs3Cu(AgP)2,8,C2/m,monoclinic,0.5849,0.3382,0.5849,0.0714,0.5934,3.8133,53.39,wide,False,bbac81b90d,22.78234706455012,11.609177098869097,2.232538492783625,0.572144688216645,17.787428,9.788475,2.2245736,0.4457142019179059,0.572144688216645,0.1823824354951914
127,89fc3780f4,CsMgAgTe2,5,I-4m2,tetragonal,0.9972,0.9938,0.9972,0.2268,1.0029,3.8529,16.99,wide,False,89fc3780f4,43.31739020613856,13.672340094458107,2.1992016815487143,1.0450849696286664,37.941795,14.356137,2.260877,1.0536408548938525,1.0450849696286664,0.798562760398365
128,1f9b804fdb,ErInBr6,8,C2,monoclinic,0.2257,0.0484,0.2257,0.008,0.228,3.9241,491.38,wide,False,1f9b804fdb,5.009290880817314,4.604801730876525,2.202422126979686,0.1616747835178867,8.031313,3.4131045,2.2058833,0.1047626163081887,0.1616747835178867,0.0449596827533984
129,a5b82da44f,AlIrBr6,8,C2,monoclinic,0.1561,0.2176,0.2176,0.0027,0.1513,3.931,1466.39,wide,False,a5b82da44f,3.5113563274999327,3.5348370271856013,2.27356693912265,0.0885847563512089,6.650434,2.8023276,2.108192,0.0753670292296471,0.0885847563512089,0.0204430866695781
130,02028ee042,CsRbPd2PtSe4,9,C2,monoclinic,0.2266,0.1196,0.2266,0.0106,0.2204,3.9432,370.78,wide,False,02028ee042,14.785188941377786,12.302376252808957,2.25840597862846,0.4979299319637191,19.619633,15.663897,2.3627996,0.6451559920252664,0.4979299319637191,0.1807338654747015
131,9dc733aa85,K2Os(Cl2F)2,9,I4/mmm,tetragonal,0.2548,0.4647,0.4647,0.0171,0.2557,3.9753,231.9,wide,False,9dc733aa85,14.77740884491123,7.947608859067772,2.234205158429269,0.3330901291154682,13.612412,7.2518783,2.209453,0.2976658675281034,0.3330901291154682,0.054810477925799
132,8175bee583,Rb2H2SeO,6,P1,triclinic,0.7571,0.6184,0.7571,0.1188,0.7519,3.9992,33.67,wide,False,8175bee583,19.48647416152165,10.515992009374497,2.0680561230142933,0.7947814769592355,18.063215,11.613968,1.9842616,0.9988314890519892,0.7947814769592355,0.8508002967377051
133,fa02cd6824,RbCu(AuSe)2,6,C2/m,monoclinic,0.7273,0.4173,0.7273,0.0763,0.6784,4.0603,53.21,wide,False,fa02cd6824,58.53771770037131,13.91892455830668,2.4712470697512905,0.6217805509240422,40.06969,10.783199,2.5285475,0.3996414233577762,0.6217805509240422,0.1753773680136371
134,c681f7a9f5,AgAu3S2,6,R-3m,trigonal,0.0623,0.2505,0.2505,0.0025,0.0675,4.0909,1628.33,wide,False,c681f7a9f5,85.8963460082999,21.665501015678075,2.442731537742916,1.0416617238856825,83.919075,21.15911,2.5615337,0.8927438845554673,1.0416617238856825,0.5529692534063592
135,9cd1174d5f,ScAsI6,8,R3,trigonal,0.1891,0.8386,0.8386,0.0043,0.1889,4.1005,962.04,wide,False,9cd1174d5f,13.021860152794844,7.56614084141996,2.291726357909326,0.3343224280970727,12.720759,4.0060105,2.268963,0.1334749753035949,0.3343224280970727,0.1807664034370102
136,26f790a4a2,KRb2BiO4,8,C2,monoclinic,0.3545,0.3286,0.3545,0.0336,0.3635,4.1216,122.49,wide,False,26f790a4a2,31.087328655622027,12.484070804200687,2.102417405325164,0.7022250801961053,29.161894,13.131087,2.1592364,0.7139533289463192,0.7022250801961053,0.5538602867128941
137,3b9554aae1,TmGaSnI6,9,R3,trigonal,0.2207,0.3721,0.3721,0.0052,0.208,4.3029,826.84,wide,False,3b9554aae1,15.10989169997294,11.310281968062853,2.210329146803846,0.5873252480309166,24.729458,8.44152,2.273572,0.3618658252022531,0.5873252480309166,0.2088347568700248
138,c19de2f1bb,MnVCl4,6,P2/m,monoclinic,0.723,0.827,0.827,0.0999,0.6736,4.3355,43.4,wide,False,c19de2f1bb,21.13422135657689,10.081326360037442,2.16719910191361,0.7331425570094776,23.975256,11.127353,2.090622,0.918375934570635,0.7331425570094776,0.0690862379366325
139,fddc1971c1,K2Rb2LiAgAs2,8,P-1,triclinic,0.9583,0.559,0.9583,0.1419,0.9209,4.3435,30.61,wide,False,fddc1971c1,14.301868033705931,9.31726663502474,1.9954597205640616,0.6320734093984159,15.148503,12.73709,2.06859,0.9329069857001058,0.6320734093984159,0.3956239087429407
140,c642751c94,MnPbCl6,8,P312,trigonal,0.1593,0.2273,0.2273,0.0038,0.1698,4.6016,1206.14,wide,False,c642751c94,13.838681901968238,5.931364752881322,2.18923942443964,0.2772511556485479,11.538596,4.737089,2.2049358,0.1949768040936439,0.2772511556485479,0.0453187031423431
141,0a7c624c48,Ru(IF)2,5,Cmmm,orthorhombic,0.3593,0.1929,0.3593,0.0232,0.3557,4.766,205.63,wide,False,0a7c624c48,43.52376389240055,16.83670982118939,2.357536966783761,1.1990860502222944,28.56265,14.227286,2.3082101,0.9732416255487704,1.1990860502222944,0.5668749755735473
142,863fc75f1b,CsK2Cu3AsP,8,R3m,trigonal,0.7558,0.3736,0.7558,0.1147,0.7601,4.767,41.57,wide,False,863fc75f1b,23.670220575492117,12.222353017021376,2.241037551138616,0.6140554337829457,21.269428,9.168303,2.240751,0.4006565296953525,0.6140554337829457,0.2747554232072914
143,18e6fdcbe4,VHg2F6,9,P-1,triclinic,0.4513,0.1256,0.4513,0.023,0.4044,4.7926,208.52,wide,False,18e6fdcbe4,64.84644520366469,25.289166325676582,2.2433060721066584,1.219026732184908,52.18836,19.16376,2.2635658,0.7889495610810334,1.219026732184908,0.463095466106624
144,6d5ddc5b7b,In3HgAsSe4,9,P1,triclinic,0.8462,0.7513,0.8462,0.1309,0.8723,4.9651,37.94,wide,False,6d5ddc5b7b,29.798679183451767,13.19940632831741,2.230112983213747,0.5905282892116361,25.426596,15.289542,2.2069135,0.7481997563252751,0.5905282892116361,0.3619942660789297
145,3dc9a53ee3,Rb2Ru(Cl2F)2,9,I4/mmm,tetragonal,0.3753,0.2563,0.3753,0.0222,0.3903,5.267,236.98,wide,False,3dc9a53ee3,13.828570687263744,7.521193480446472,2.2332115364047027,0.3230278134783801,13.266773,7.114413,2.214327,0.3029451280608495,0.3230278134783801,0.0782293494787415
146,de5b2b3816,Cs5Sb2Au,8,R-3m,trigonal,0.471,0.7404,0.7404,0.0244,0.4681,5.5098,226.13,wide,False,de5b2b3816,10.949939589987643,5.170465843098187,2.053612471662697,0.2303545540408421,9.817065,5.105817,2.111596,0.2128463333035959,0.2303545540408421,0.4142886198008889
147,00b4c5137e,CsCu2AuSe2,6,C2/m,monoclinic,0.88,0.4628,0.88,0.0905,0.8848,5.7431,63.44,wide,False,00b4c5137e,57.80295242563893,15.772858398406427,2.3735650889122955,0.8832762828745084,40.531296,12.606206,2.3798885,0.6257816669170365,0.8832762828745084,0.2132470623531784
148,0d392955a3,Nb2I3BrO2,8,P1,triclinic,0.9578,0.7092,0.9578,0.1106,0.9487,5.9412,53.7,wide,False,0d392955a3,44.52361156247216,17.428979823890145,2.1242444132655445,1.133818383308043,39.723415,28.592968,2.168629,2.247078219614461,1.133818383308043,0.3468297161696126
149,0ee58daf7a,Cs2Hg(ClF)2,7,I4/mmm,tetragonal,0.6955,0.5875,0.6955,0.0533,0.6743,5.9915,112.49,wide,False,0ee58daf7a,20.10990289177137,8.94804360492708,2.2457284332343472,0.4108266953294619,15.72207,8.567577,2.2647486,0.3759266013172501,0.4108266953294619,0.1239196985306207
150,fe6f83c2bd,BaNa(AgTe2)2,8,I4mm,tetragonal,0.9711,0.4847,0.9711,0.1483,0.9385,6.161,41.56,wide,False,fe6f83c2bd,40.68392883760799,17.117559343175042,2.237837786269054,0.8955204549199832,32.966537,16.199509,2.2943594,0.7765144560361168,0.8955204549199832,0.4168513162633679
151,2103477c87,Gd2ICl5,8,P1,triclinic,0.6392,0.3692,0.6392,0.0543,0.6734,6.1896,113.91,wide,False,2103477c87,26.60490424974161,15.504295091487654,2.1110019780152416,1.278924791335463,38.05603,15.795384,2.1156323,1.3190982869817252,1.278924791335463,0.4312303292022316
152,8344cb67c9,MgMnCl6,8,C2,monoclinic,0.2894,0.4057,0.4057,0.0077,0.306,6.2351,813.11,wide,False,8344cb67c9,19.14200634106624,9.9825017948519,2.150228565078649,0.6671927324465329,15.953604,7.3302927,2.139123,0.4257334520912452,0.6671927324465329,0.0868492751080955
153,cb3cf94167,Rb3Li(SbAu)2,8,C2/m,monoclinic,0.448,0.2269,0.448,0.023,0.4331,6.2692,272.42,wide,False,cb3cf94167,20.226049942833903,10.227465406647688,2.291329874000653,0.4355082392653983,20.285742,8.577659,2.2667797,0.3441643224473077,0.4355082392653983,0.1782002261843694
154,0c86c8636a,AlRhBr6,8,C2,monoclinic,0.1904,0.1255,0.1904,0.0044,0.2133,6.3207,1434.9,wide,False,0c86c8636a,3.249099726828585,3.5026572055166203,2.179639034342709,0.1026774523959555,6.5562105,2.8192997,2.1019924,0.0819758842535735,0.1026774523959555,0.0226299753362453
155,19662eb567,Li2VAgS4,8,P-42m,tetragonal,0.2597,0.6059,0.6059,0.0099,0.2604,6.3647,642.37,wide,False,19662eb567,63.06788424659872,30.524512508768638,2.0757597411666864,3.8332863937378487,63.43714,33.978455,2.0496213,4.610469811977052,3.8332863937378487,0.8789014790888607
156,28362a88b3,Cs2RuOF5,9,I4mm,tetragonal,0.3471,0.3814,0.3814,0.0171,0.3557,6.4289,376.65,wide,False,28362a88b3,17.12217510542145,6.466797395526644,2.2042378062923067,0.2192538620977011,16.670788,8.148074,2.2683873,0.289245556225095,0.2192538620977011,0.2672788669653099
157,0af99d013d,Rb4NaAgBi2,8,C2/m,monoclinic,0.6266,0.4296,0.6266,0.0312,0.5943,6.4369,206.53,wide,False,0af99d013d,11.49280916916533,5.9560930298368575,2.035758170876916,0.3031075437214023,11.255311,5.9447217,2.044639,0.2994357622641673,0.3031075437214023,0.1474527087414323
158,ea02b909e9,SnBiSbSe4,7,R3m,trigonal,0.9937,0.5653,0.9937,0.1009,0.9758,6.5887,65.3,wide,False,ea02b909e9,39.68320895867849,19.367208638024184,2.179698641677595,1.2090357806153256,34.542152,14.649188,2.1604352,0.813307171882949,1.2090357806153256,0.4368302910104863
159,5e5c060528,KAg(HgO2)2,8,P-1,triclinic,0.486,0.8031,0.8031,0.0303,0.4566,6.6736,219.9,wide,False,5e5c060528,104.40470783629064,32.23913637132455,2.2865560709423405,1.6814511755295536,90.63223,28.484106,2.220344,1.491542987638928,1.6814511755295536,0.4676844424646793
160,7b77d5ff30,NaScSnI6,9,R3,trigonal,0.353,0.2134,0.353,0.0108,0.3596,6.6907,619.14,wide,False,7b77d5ff30,15.52971684017205,9.102081672061304,2.255061591494381,0.4201055102841103,18.499655,6.2106767,2.259637,0.2385366991937703,0.4201055102841103,0.1491091073027258
161,953d09d290,K4LiSb2Au,8,C2/m,monoclinic,0.7278,0.8763,0.8763,0.0534,0.7605,6.7383,126.26,wide,False,953d09d290,14.220175073953914,8.495910782379832,2.0316911793782757,0.5211330824495877,13.193818,8.931876,2.0673347,0.5404085621523367,0.5211330824495877,0.2782506836101706
162,7a34973f56,RuPtBr6,8,C2,monoclinic,0.1328,0.0527,0.1328,0.0014,0.1241,6.7383,4865.68,wide,False,7a34973f56,6.158486565910928,4.505760424630579,2.3450414954591445,0.1196057470310172,12.167781,4.1661763,2.334248,0.1093525222601433,0.1196057470310172,0.0259762752099548
163,bf20f38dc1,NaCeSnBr6,9,R3,trigonal,0.4513,0.7165,0.7165,0.0193,0.4711,6.777,351.34,wide,False,bf20f38dc1,16.153438389531498,8.704183396665197,2.263622913129886,0.3963920536183367,22.408312,7.00161,2.2353952,0.2974819852363866,0.3963920536183367,0.1085350858023522
164,b9d06f4526,K4NaSb2Au,8,C2/m,monoclinic,0.7029,0.5358,0.7029,0.0569,0.6677,6.782,119.25,wide,False,b9d06f4526,14.446250751873867,8.068291437672139,2.0374112296022284,0.4957090364107213,13.728808,8.204253,2.0670807,0.4926293900262284,0.4957090364107213,0.2039455745101563
165,d28a038d70,K3InI4,8,Pm,monoclinic,0.5312,0.8225,0.8225,0.0335,0.4998,6.7821,202.47,wide,False,d28a038d70,16.81972348923389,8.17839014978625,2.31133523198386,0.4151790927227212,15.279087,6.9728003,2.30681,0.3287914122234444,0.4151790927227212,0.7284640634172509
166,35b68ec966,Rb2HfCuAgTe4,9,C222,orthorhombic,0.6825,0.5232,0.6825,0.0386,0.7248,6.8878,178.34,wide,False,35b68ec966,11.94810689696546,8.585490609521713,2.187231559191884,0.3324036647721851,15.616154,8.304032,2.210727,0.3111418162861406,0.3324036647721851,0.2127820561339151
167,9f332958d5,NaNdSnI6,9,R3,trigonal,0.3194,0.7494,0.7494,0.0077,0.2985,6.9095,896.85,wide,False,9f332958d5,17.061482859010365,12.489144402743769,2.269778384297742,0.6680783746917344,22.942835,9.874988,2.2535524,0.4834436194661498,0.6680783746917344,0.2052474371168046
168,2c8d4b19df,Rb2IrOF5,9,I4mm,tetragonal,0.4765,0.6961,0.6961,0.0196,0.452,6.9096,352.94,wide,False,2c8d4b19df,17.464181417466563,7.637876038796153,2.290161591198112,0.2321195836868748,17.832788,8.86372,2.2389877,0.304561909450988,0.2321195836868748,0.1604437648781621
169,b52c3705f5,Cs2Te(OF2)2,9,C2/m,monoclinic,0.6673,0.3151,0.6673,0.0482,0.6539,6.9237,143.6,wide,False,b52c3705f5,16.98917992485131,6.500251816574363,2.288314360605312,0.1909752399050148,17.412468,7.252735,2.2950642,0.2231787313590648,0.1909752399050148,0.4145711510360319
170,d3b2175275,Gd2BrCl5,8,P1,triclinic,0.5567,0.2365,0.5567,0.0305,0.5412,6.9887,228.99,wide,False,d3b2175275,26.497779060574203,15.475229495791591,2.11605917427524,1.2618706890417368,39.85733,15.636017,2.089631,1.327625736239919,1.2618706890417368,0.3276893144442085
171,acd98d9d95,K2Ti(Te2Au)2,9,C222,orthorhombic,0.6954,0.707,0.707,0.0428,0.7155,7.012,163.71,wide,False,acd98d9d95,11.644706118821466,10.9038238888374,2.211503781859668,0.4433695163606213,19.704966,11.137461,2.2694273,0.4375212577961401,0.4433695163606213,0.302776718323195
172,ebe4491461,GaIrCl6,8,C2,monoclinic,0.1432,0.1131,0.1432,0.0009,0.1313,7.1355,7557.48,wide,False,ebe4491461,13.485714586241668,7.477485231017924,2.177370609052224,0.3242850910037492,16.179264,5.2456613,2.0280383,0.2237332259790821,0.3242850910037492,0.0524641753043089
173,3bc26bf89a,CsRb4AgBi2,8,R-3m,trigonal,0.5717,0.2,0.5717,0.0249,0.566,7.1895,289.17,wide,False,3bc26bf89a,10.595539049318203,5.58472611249064,2.042022305120308,0.2708170732896525,9.896708,5.8058453,2.0488765,0.2843741904769953,0.2708170732896525,0.2177110709120883
174,09f6f8cefc,MgBr7,8,C2,monoclinic,0.0598,0.164,0.164,0.0004,0.0599,7.581,18687.18,wide,False,09f6f8cefc,4.29808127934716,2.954796758855077,2.15839910891747,0.1236356024767372,5.6609626,2.1704416,2.1232464,0.0817041345129614,0.1236356024767372,0.0389233277189597
175,09880933a7,Rb3ReO4,8,I-42m,tetragonal,0.4674,0.6168,0.6168,0.0228,0.442,8.4294,370.26,wide,False,09880933a7,33.773183878002456,12.470541608411194,2.116943862456832,0.6450145489741773,31.677439,14.7889595,2.1858487,0.7737594282406196,0.6450145489741773,0.9020211687339432
176,a107021b4a,RbNa2As2Au3,8,R-3m,trigonal,0.8249,0.3195,0.8249,0.0565,0.8037,8.581,151.97,wide,False,a107021b4a,53.43498991739374,17.11555436438062,2.3195272264892925,0.7386209467299054,43.17905,20.365166,2.3413458,0.9307443256960422,0.7386209467299054,0.2634830677756762
177,8b73a21f72,Cs2CoCuO4,8,Amm2,orthorhombic,0.9694,0.4568,0.9694,0.0644,0.9643,8.6893,135.03,wide,False,8b73a21f72,56.27005508802437,22.605666576292315,2.099201978373567,1.7154146643432675,73.54395,18.858467,2.1592145,1.2407693187139726,1.7154146643432675,1.0612319314638126
178,7af53f2b98,NbAg(Te2Au)2,8,P-42m,tetragonal,0.5713,0.9427,0.9427,0.0371,0.5644,8.8969,239.71,wide,False,7af53f2b98,50.6074062550867,18.840465913598447,2.3064159412741123,0.9197748303025328,41.248966,14.542411,2.437537,0.5476556145702329,0.9197748303025328,0.2917043703788469
179,a07e2bf627,Er2RhBr5,8,P1,triclinic,0.7467,0.1407,0.7467,0.0557,0.7619,8.9031,159.97,wide,False,a07e2bf627,22.22538904936573,11.08646632193299,2.1838456318325337,0.5861043430902206,28.419395,12.618375,2.0792618,0.7921925008122446,0.5861043430902206,0.1499887861093254
180,71567900ec,NaSnSbI6,9,R3,trigonal,0.221,0.2324,0.2324,0.0028,0.2317,8.9225,3221.99,wide,False,71567900ec,11.622608440938867,7.77135538502927,2.3145751523064053,0.3143121455892938,13.392905,5.6146874,2.287895,0.2004007433715662,0.3143121455892938,0.1106512238756192
181,8c8ae67bba,CeCdBr6,8,C2,monoclinic,0.2714,0.2253,0.2714,0.005,0.2624,9.1456,1838.53,wide,False,8c8ae67bba,5.952199309826188,4.83650694258953,2.2712507225197207,0.1648232198977357,9.416544,4.3437734,2.2598288,0.1438701804115882,0.1648232198977357,0.0545330479822786
182,dc166d4b9e,NaPrSnI6,9,R3,trigonal,0.3116,0.4585,0.4585,0.006,0.3291,9.1957,1545.47,wide,False,dc166d4b9e,16.77545129678781,12.179772038733628,2.285843390187334,0.6424280571333271,21.756363,9.736448,2.2477887,0.4825095500929586,0.6424280571333271,0.1983215632817802
183,8cd1ce9306,Rb2Pt3(SeS)2,9,C2/m,monoclinic,0.2825,0.1637,0.2825,0.0057,0.2509,9.3775,1635.2,wide,False,8cd1ce9306,15.42573323333808,11.59880882805341,2.2210379786439742,0.4356848012722924,26.243462,15.035713,2.2794209,0.6107052629652198,0.4356848012722924,0.1171017471043579
184,a95e772bb7,Rb5Sb2Au,8,R-3m,trigonal,0.9203,0.6849,0.9203,0.0532,0.9149,9.6263,180.92,wide,False,a95e772bb7,11.701544293596232,5.921989018796061,2.0469951467969296,0.2949746795169065,11.459111,6.4577813,2.1093879,0.3147884238785478,0.2949746795169065,0.1948340877304746
185,e52bf49973,Rb2Os(Cl2F)2,9,I4/mmm,tetragonal,0.2598,0.2692,0.2692,0.0056,0.2624,9.7709,1735.04,wide,False,e52bf49973,13.668316882380072,7.289346652057757,2.2466793525846485,0.2829013033647055,12.971384,6.782755,2.24119,0.2554432988924133,0.2829013033647055,0.0787762277831316
186,e4de4f655e,NaSnBiI6,9,R3,trigonal,0.1848,0.2639,0.2639,0.0015,0.1839,10.2181,6787.05,wide,False,e4de4f655e,11.08960556231519,7.759699126012283,2.261925272772044,0.3174430182456196,13.32294,5.6262403,2.2829838,0.1941871946220195,0.3174430182456196,0.1036344778119737
187,5516ca1e85,Rb2Hg(BrF)2,7,I4/mmm,tetragonal,0.5909,0.5199,0.5909,0.0232,0.575,10.672,459.21,wide,False,5516ca1e85,20.24737829159355,9.540442953253097,2.3225287403567503,0.4146285457866576,14.455944,8.716465,2.298072,0.3689242244937358,0.4146285457866576,0.0908073598169094
188,7b2a583a1e,Rb2Te(OF2)2,9,C2/m,monoclinic,0.8923,0.3196,0.8923,0.0547,0.8976,10.7403,196.24,wide,False,7b2a583a1e,17.702056645943685,8.16509963932057,2.283835540976864,0.2664672916603737,18.548462,8.508369,2.2653506,0.2887697591834821,0.2664672916603737,0.1634269047567043
189,34e7f7b4b5,NaEuTmI6,9,R3,trigonal,0.3186,0.4292,0.4292,0.0077,0.3236,10.7858,1399.41,wide,False,34e7f7b4b5,20.76380970329309,11.99814442836687,2.201102264080215,0.6650675143749855,31.144562,11.098194,2.2147403,0.5898008911519736,0.6650675143749855,0.2948349372469473
190,b47a7152c8,KTe2Au,8,P4/mbm,tetragonal,0.8217,0.3518,0.8217,0.0351,0.8248,11.119,317.08,wide,False,b47a7152c8,21.92647314248573,12.273035043285253,2.305046471876996,0.5428418947884972,23.8777,12.538611,2.3554318,0.5338140855722521,0.5428418947884972,0.6313092486952714
191,b68fb0482e,Li2Ti(AgS2)2,9,I-42m,tetragonal,0.4085,0.6969,0.6969,0.0133,0.3959,11.5069,863.44,wide,False,b68fb0482e,64.96554574352149,28.554153986214907,2.109633551441039,2.388199901763364,59.113728,26.54248,2.073968,2.2170151638823827,2.388199901763364,0.4809052149511882
192,89d8976c21,KRb(Te2Au)2,8,P4/m,tetragonal,0.5248,0.2022,0.5248,0.011,0.4586,11.9664,1085.94,wide,False,89d8976c21,21.585116782871967,11.943414907444666,2.3149779938555786,0.5213228322289445,23.8777,12.456942,2.3691916,0.5267272483323019,0.5213228322289445,0.5767655272059301
193,c28fa6f94f,NaTbSnI6,9,R3,trigonal,0.3271,0.4473,0.4473,0.0037,0.3087,11.9686,3220.83,wide,False,c28fa6f94f,16.400948249784406,10.73415354401963,2.262263311263122,0.5235056735941706,20.44219,7.9606905,2.2545855,0.3409267740654741,0.5235056735941706,0.1900760858928952
194,045269ad3b,Cs2Ni2PdSe4,9,C2/m,monoclinic,0.416,0.3487,0.416,0.0093,0.3913,11.9827,1287.37,wide,False,045269ad3b,14.777794067699103,10.456391294292583,2.206113823953771,0.426546280993336,18.325916,11.877986,2.30911,0.4669144662486891,0.426546280993336,0.1229407252882947
195,2c88caa301,NaSmSnI6,9,R3,trigonal,0.3059,0.868,0.868,0.0038,0.3257,13.0251,3393.44,wide,False,2c88caa301,17.061482859010365,12.491561239989569,2.2740138274573782,0.6589535643932017,22.942835,9.874988,2.2535524,0.478727926255179,0.6589535643932017,0.2256949900585597
196,6159616c79,K2RbCu(SbAu)2,8,C2/m,monoclinic,0.3161,0.2208,0.3161,0.005,0.3104,13.3772,2676.89,wide,False,6159616c79,22.88891213794961,11.490134807412256,2.2810038885945785,0.4891832925423297,23.297028,9.282182,2.3424175,0.3357031029693916,0.4891832925423297,0.2006804148708587
197,9d0c89704a,NaYSnI6,9,R3,trigonal,0.2598,0.5208,0.5208,0.0024,0.2911,13.7802,5800.37,wide,False,9d0c89704a,15.209699537276895,9.477208861403993,2.252879119317276,0.457520504600647,16.153574,6.1045165,2.2476788,0.2404282103051193,0.457520504600647,0.1582509383524701
198,73a5936444,RbCuWSe4,7,I-4,tetragonal,0.6861,0.6175,0.6861,0.0201,0.736,14.3893,717.16,wide,False,73a5936444,58.35078356400368,16.09469539274912,2.2156945485837976,1.0261553369322127,36.789116,11.03439,2.2707765,0.5505471182867001,1.0261553369322127,0.3869824783597277
199,198468c59e,V(OF3)2,9,P-1,triclinic,0.221,0.3615,0.3615,0.0012,0.1958,14.6768,12133.52,wide,False,198468c59e,35.42329935612378,18.550016324344373,2.1252424249304283,1.2452257979512815,38.360455,16.561604,2.157169,1.02184607857466,1.2452257979512815,0.3762700177142203
200,ab12c3e3c5,Cs2VFeSe4,8,C2,monoclinic,0.4319,0.5593,0.5593,0.008,0.4616,14.9463,1868.79,wide,False,ab12c3e3c5,35.1106549576086,14.151071049211062,2.125366119326848,0.9446154824796068,37.52344,10.41782,2.125161,0.6008600094318814,0.9446154824796068,0.4239223551041587
201,01be320754,K4HgP2Pd,8,C2/m,monoclinic,0.6141,0.8812,0.8812,0.0163,0.5623,15.5258,950.11,wide,False,01be320754,17.90977114362601,9.75090720903879,2.198116152025941,0.4962540886419472,19.259571,8.965955,2.2756863,0.4063458933856747,0.4962540886419472,0.2699534745082257
202,31090ae2c2,NbAg3Te3Se,8,R3m,trigonal,0.5777,0.9555,0.9555,0.0171,0.5586,17.6928,1035.0,wide,False,31090ae2c2,49.87971706527704,19.48247114793192,2.268977076263973,1.1489227498066787,40.07984,14.032275,2.33014,0.6620302701502261,1.1489227498066787,0.2967916329322061
203,38731d0243,ErMoBr6,8,P-31m,trigonal,0.1352,0.1368,0.1368,0.0007,0.1262,18.5696,25019.66,wide,False,38731d0243,7.345993895373108,5.171362253591818,2.182252447940642,0.2229557493149513,9.310769,4.152914,2.2129085,0.1572998477259769,0.2229557493149513,0.0663806010212759
204,d27f5bfdf5,Rb4LiAgBi2,8,C2/m,monoclinic,0.7007,0.3895,0.7007,0.0113,0.7388,21.7213,1915.27,wide,False,d27f5bfdf5,11.347677206880032,6.297200635384327,2.029071355210295,0.3205021421693073,10.978671,6.589654,2.0385127,0.3392212833981379,0.3205021421693073,0.1492918274445651
205,aae81fd339,VAg2Te4Au,8,P-42m,tetragonal,0.5119,0.6249,0.6249,0.0106,0.4956,24.7053,2331.36,wide,False,aae81fd339,50.690749761245485,18.98150181736549,2.2937230129462174,1.017064384915885,31.29669,14.796393,2.361552,0.6508925393329821,1.017064384915885,0.3168045464561486
206,58b21591dd,Cs5AgSb2,8,R-3m,trigonal,0.5493,0.7474,0.7474,0.0021,0.4972,28.8851,13588.61,wide,False,58b21591dd,10.936691688069653,5.087345664463379,2.057477384888466,0.2365232191590635,9.568948,5.6022153,2.1198196,0.2554394122191933,0.2365232191590635,0.4718387737214156
207,44cc9d9400,NbIClO,8,C2,monoclinic,0.9388,0.5908,0.9388,0.013,0.8444,30.3182,2341.15,wide,False,44cc9d9400,56.33929196761891,15.460606621138254,2.139558241220905,0.9623830510362652,52.47146,30.643442,2.0977068,2.7577261113287284,0.9623830510362652,0.232608698114162
208,a0e05c85e7,MoBr5Cl,7,Cm,monoclinic,0.0466,0.0279,0.0466,0.0001,0.0414,30.7686,405984.96,wide,False,a0e05c85e7,4.636118413887639,5.631934361500961,2.203426359615326,0.2483869185120273,4.6058636,4.002402,2.1754854,0.15437643962789,0.2483869185120273,0.0549044705885101
209,d5c92e6693,KRb(AuSe2)2,8,P4/m,tetragonal,0.5886,0.4146,0.5886,0.0044,0.5214,32.0804,7316.1,wide,False,d5c92e6693,23.115913823977078,11.71727962011553,2.270133683590577,0.5019626675301442,21.58024,13.402173,2.3514714,0.563337678639883,0.5019626675301442,0.3131921942378323
210,b7058e307d,Cs3GePPt3,8,R3m,trigonal,0.9889,0.8113,0.9889,0.0155,1.0422,34.7448,2235.79,wide,False,b7058e307d,20.64632913457584,10.105101705296043,2.3053313039963146,0.3793287009104362,30.147589,11.211345,2.3744807,0.4160779401896052,0.3793287009104362,0.1689623324200794
211,c9edccbfa0,K2NiAuO4,8,Amm2,orthorhombic,0.9416,0.9623,0.9623,0.0138,1.0064,42.3525,3063.94,wide,False,c9edccbfa0,40.54171819337766,23.14672951920273,2.18326514476709,1.491887760334714,45.810165,22.951149,2.2698379,1.3549975182834355,1.491887760334714,0.7354689072439219
212,4a690634b6,Cs4LiAgBi2,8,C2/m,monoclinic,0.5198,0.8032,0.8032,0.0018,0.5395,44.6477,24862.58,wide,False,4a690634b6,11.138164268122544,5.558934727489829,2.024520623236081,0.2652157800498262,9.979778,5.976534,2.0341358,0.2915698663568593,0.2652157800498262,0.3126782823577906
213,3d26d1d90b,Rb2Os(OF2)2,9,I4/mmm,tetragonal,0.5622,0.7117,0.7117,0.0032,0.471,48.628,15031.8,wide,False,3d26d1d90b,17.766696559086427,7.903660723550496,2.273981228350464,0.2500524393908478,18.400303,9.41023,2.2720578,0.3244698217600001,0.2500524393908478,0.1729499752551606
214,1268bfe16d,Cs4ZnAsP,7,R3m,trigonal,0.6387,0.9305,0.9305,0.0032,0.5489,50.3592,15616.51,wide,False,1268bfe16d,12.994128294872482,6.870217817525762,2.062724870619724,0.4378857760040915,11.49364,6.7527494,2.112341,0.4050318665819848,0.4378857760040915,0.3681182252302746
215,e0c1138cc8,VCu(AgTe2)2,8,P-42m,tetragonal,0.9844,0.605,0.9844,0.0129,0.9482,65.2522,5071.3,wide,False,e0c1138cc8,46.95631509594833,17.864674875666935,2.2598700383526213,0.9694638309211762,33.953663,16.727232,2.3111138,0.8299189975465959,0.9694638309211762,0.3378306862682861
216,0dc1615079,NbCu(AgSe2)2,8,P-42m,tetragonal,0.9444,0.728,0.9444,0.0096,0.9612,71.6734,7483.42,wide,False,0dc1615079,59.74103266054093,19.61930851839461,2.224036601399773,1.1805558935126892,49.215034,19.048754,2.2630553,1.0828285191118827,1.1805558935126892,0.3788980460094585
217,78a4012a48,Cs4NaAgBi2,8,C2/m,monoclinic,0.8545,0.6783,0.8545,0.0016,0.6356,123.6677,77190.06,wide,False,78a4012a48,11.128028636606029,5.350373160458689,2.0321159120423338,0.255698324846011,10.037266,5.377574,2.0432534,0.2541658533673177,0.255698324846011,0.2749434850565623
218,ddfd779509,NbAg2OF5,9,Cm,monoclinic,0.1417,0.7294,0.7294,0.0003,0.159,209.8671,634511.81,wide,False,ddfd779509,70.77851384446622,30.2742039020117,2.1591992955123374,1.9096480700758,70.346596,30.423054,2.276405,1.7105869472868327,1.9096480700758,0.4945531517019823
