epoch,train_loss,val_loss,train_mae,val_mae,lr
0,3.0579006537412985,0.4990734472161248,0.5051716052568875,0.20107439089389073,0.02
1,0.9711588529440073,0.9341333139510382,0.2517955318475381,0.27215221382322763,0.02
2,0.9366254375531123,0.7044882433755058,0.26200125079888564,0.24537344631694613,0.02
3,0.9510139465332031,0.6959950100807917,0.27175915967195463,0.24496477842330933,0.02
4,0.9457207105098626,0.6640552736464,0.27280981357281026,0.23913215455554782,0.02
5,0.9016552191514235,0.600818741889227,0.26365279043332124,0.22266536951065063,0.02
6,0.7761521535042005,0.5246279892467317,0.2334293076625237,0.20311902392478215,0.02
7,0.6324058893399361,0.33991514926864985,0.20191478790381015,0.15568951268990835,0.02
8,0.5665267870976375,0.3485892386663528,0.20232877532641094,0.16425544236387526,0.02
9,0.41205069774236436,0.3435428710210891,0.1732329954703649,0.17010034762677692,0.02
10,0.34288005645458514,0.3560825302487328,0.15480120487702198,0.16360318660736084,0.02
11,0.41527425325833833,0.3358814375741141,0.1723350757207626,0.15922348272232784,0.02
12,0.3698902937082144,0.3230387568473816,0.15045344202946395,0.1472927757671901,0.02
13,0.39165784670756415,0.27708747557231356,0.1595462060127503,0.14147132422242845,0.02
14,0.3840947848099929,0.3086822373526437,0.1574314303887196,0.15066265350296384,0.02
15,0.42348912847347747,0.32660069068272907,0.18294879771195927,0.17615228181793577,0.02
16,0.40991490529133723,0.30177027270907447,0.17673283486794203,0.14747045295579092,0.02
17,0.32782075313421394,0.29402351521310355,0.14396483592497997,0.15401010499114082,0.02
18,0.3037881669325706,0.25774641973631723,0.13952320351814612,0.13247038565930866,0.02
19,0.3221305686693925,0.25488016718909856,0.14058001583967453,0.13506470123926798,0.02
20,0.3179045493786152,0.3230361753985995,0.13876689710678197,0.15877108027537665,0.02
21,0.23711517147528818,0.48654790719350177,0.12012172364271605,0.19230584303538004,0.02
22,0.25236197740603716,0.20905764471916927,0.12635682309285187,0.12895353315841585,0.02
23,0.27317212911752553,0.331798276021367,0.135483947625527,0.1527722825606664,0.02
24,0.44927654633155234,0.5538373703048343,0.1564692410138937,0.19378152844451724,0.02
25,0.5264520590121929,0.4681612423488072,0.1981395240013416,0.18907022405238377,0.02
26,0.40693932649416803,0.4647844816957201,0.16845102799244416,0.19655893459206536,0.02
27,0.4713731987354083,0.30378999028887066,0.1735507207039075,0.14069586850347973,0.02
28,0.3285918400837825,0.4274750635737464,0.15716433410461134,0.16557261418728603,0.02
29,0.4026565160506811,0.6245580429122561,0.1656219794200017,0.21258105408577693,0.02
30,0.3507691082281944,0.3327083275431678,0.14631692388883002,0.14494664541312627,0.02
31,0.2720851081686142,0.2791635145743688,0.1314399248896501,0.13738144650345757,0.02
32,0.2596438562258696,0.2646971969377427,0.1321583681381666,0.13065827034768604,0.02
33,0.18208385018201975,0.23385805317333766,0.10617956618467966,0.12304818559260595,0.02
34,0.17723500537089049,0.2384233417965117,0.10895249110001784,0.12899578043392726,0.02
35,0.2089630111096761,0.24323020165874845,0.12035666241859778,0.12727125059990657,0.02
36,0.20038603452535775,0.27646707991758984,0.11460339350578112,0.12946774810552597,0.02
37,0.20512591420839996,0.26533210348515285,0.13035200562996743,0.14906451744692667,0.02
38,0.1880523791679969,0.33074361440681277,0.12144487744722611,0.1566324234008789,0.02
39,0.2653745418939835,0.26480186269396827,0.1347727637260388,0.13154126490865434,0.02
40,0.16592165055947425,0.46354363078162786,0.10698778010331668,0.17395137676170894,0.02
41,0.21193924286904242,0.2897279269638516,0.11841114115638611,0.14174813564334596,0.02
42,0.18662597005948042,0.23987856862090884,0.11539864597412255,0.12041578370900381,0.02
43,0.16291600465774536,0.23987646329970586,0.10834950361496364,0.1244765158210482,0.02
44,0.12896723976502053,0.20712077475729443,0.09794379266408773,0.11795128385225932,0.02
45,0.1473774151924329,0.21589302236125582,0.10882893346059017,0.11872851032586325,0.02
46,0.1680036214681772,0.3468985997495197,0.10713665592364775,0.14775395357892626,0.02
47,0.4181463531958751,0.5373320409229824,0.16913552887928793,0.1959933993362245,0.02
48,0.2711832913546226,0.23577009780066355,0.13954400280729318,0.13901337413560777,0.02
49,0.26497731965321764,0.22565851183164687,0.12363217985018705,0.12476229986974172,0.02
50,0.2303014425513072,0.24850577541760036,0.12289840315396969,0.12545653751918248,0.02
51,0.24729588826497395,0.27532186749435605,0.118083517291607,0.13020682299420946,0.02
52,0.2323701336597785,0.3060795629308337,0.12720434612188583,0.15788809813204266,0.02
53,0.19137687194041716,0.22867071628570557,0.11217960371420933,0.13334100303195773,0.02
54,0.1667774979120646,0.2899907777706782,0.11101734634393301,0.14839911177044823,0.02
55,0.19112973641126585,0.248221755027771,0.10981574746278616,0.13616919588475002,0.02
56,0.21267886484662693,0.2224739066192082,0.11953520167332429,0.13249083005246662,0.02
57,0.18059901558817962,0.2819918550196148,0.11026098909668433,0.14902951745759874,0.02
58,0.16664436276142414,0.2772368433929625,0.10574905620171474,0.14584548700423466,0.02
59,0.11188370501383757,0.2802288674172901,0.09226509004067152,0.1379428371077492,0.02
60,0.10411064838751768,0.2828825130349114,0.08120618720467274,0.1370315956217902,0.02
61,0.11652910495415712,0.25965056390989394,0.08998562128115924,0.132879505554835,0.02
62,0.10686342517534891,0.28382054964701336,0.08474464836793068,0.13782048651150294,0.02
63,0.15036385854085285,0.27808372037751333,0.10721654089597556,0.14667170956021264,0.02
64,0.1817908490315462,0.3092388255255563,0.1122014718177991,0.1566500507649921,0.02
65,0.13472534937736316,0.28294577910786584,0.09758094216768558,0.14676826908474877,0.01
66,0.11382772603478188,0.26444095834380105,0.08792241166035335,0.13869454534280867,0.01
67,0.1225650191689149,0.26573101253736586,0.09200955537649301,0.140154606174855,0.01
68,0.09776178487600425,0.27498029669125873,0.08061458510466112,0.140979636992727,0.01
69,0.08861989583342503,0.2962450441860017,0.08122980292790975,0.14532158488319033,0.01
70,0.10878101295003524,0.2891209636415754,0.08909924698945804,0.14123075065158663,0.01
71,0.08951421166077639,0.27473158070019316,0.08209788562395634,0.13689693028018587,0.01
72,0.09281740761720217,0.26031373299303506,0.08452613659394093,0.13109165359111058,0.01
73,0.11032011875739464,0.2669999258858817,0.09271636192615215,0.13144189332212722,0.01
74,0.07085021751431318,0.26954790524074007,0.06936418708318319,0.13294986599967593,0.01
75,0.12143005316074078,0.2738177350589207,0.09130063958657093,0.13813994328180948,0.01
76,0.11724863388599494,0.30643989571503233,0.09216432326879256,0.1517795565582457,0.01
77,0.15233049782422872,0.29055084500994,0.09519841846747276,0.1432945423182987,0.01
78,0.09990818867316613,0.34466161685330526,0.08765072150108141,0.15955241379283724,0.01
79,0.09893570924416567,0.3355995281821206,0.08370680694396679,0.15768036068904967,0.01
80,0.11352813752033772,0.3345297120866321,0.08979800660640766,0.14979899852048784,0.01
81,0.09395866424609453,0.31334300410179866,0.07751425917331989,0.14240523676077524,0.01
82,0.08242605985739292,0.3112317593324752,0.08009049044205592,0.13930135326726095,0.01
83,0.11600545132771517,0.36456838108244394,0.09024678134383299,0.1592465341091156,0.01
84,0.08364020733115,0.37591383925506044,0.07710257611977749,0.14964402892759868,0.01
85,0.08982958558660287,0.32829199518476215,0.07848463979287025,0.14617217793351128,0.01
86,0.08154352628267729,0.30606148072651457,0.07677856179384085,0.14459162169978731,0.005
87,0.06538567061607654,0.3082610418399175,0.0709997024291601,0.14022964593910037,0.005
88,0.0931290314747737,0.28844430333092097,0.08258450638789397,0.14420649019025622,0.005
89,0.07890129960500276,0.28554409245649975,0.07260135381649702,0.1386577770823524,0.005
90,0.0643755712474768,0.30277313646816073,0.07295534305083445,0.14501620048568362,0.005
91,0.08338024675464019,0.3150399894941421,0.08260571773235614,0.14625157770656405,0.005
92,0.07816165543328493,0.34293006644362495,0.07472764221139443,0.14618575253656932,0.005
93,0.08591505048366693,0.3363321678979056,0.07681818012243662,0.1465351049389158,0.005
94,0.06984439186560802,0.30612526337305707,0.0690165624404565,0.14151983246916816,0.005
95,0.06352346948324106,0.32616918427603586,0.06755795295421894,0.14498224499679746,0.005
96,0.07717054459529045,0.33319573459171115,0.07192828227312137,0.1384648560058503,0.005
97,0.06289428227031842,0.32914238174756366,0.06785877606807611,0.14612816025813422,0.005
98,0.06392830732541206,0.3426944812138875,0.06866426941676018,0.14794903780732835,0.005
99,0.08481393196643927,0.38371622278576806,0.0768489386790838,0.14784520722570874,0.005
100,0.10551376594946935,0.33423758546511334,0.08620919447678786,0.1368978711820784,0.005
101,0.0889605714342533,0.30901170273621875,0.08149862652405715,0.1532011301744552,0.005
102,0.08802198372208155,0.3088200943810599,0.0799559391843967,0.14561917242549716,0.005
103,0.07945835525408769,0.3470259897765659,0.0745979939133693,0.14237723499536514,0.005
104,0.0637307563653359,0.3238027095794678,0.07080617927205868,0.1377273936356817,0.005
105,0.04550969585394248,0.31497976893470403,0.058006144830813774,0.14205573357286908,0.005
106,0.07124769504253681,0.29420439686094013,0.0688029197546152,0.13798469375996364,0.005
107,0.054495850740334924,0.3037962572915213,0.06278230349222819,0.14177392494110835,0.0025
108,0.0628266788732547,0.3088949762639545,0.07164246300474192,0.14215682659830367,0.0025
109,0.042635855255409694,0.3183960978473936,0.056540033144828604,0.14469607919454575,0.0025
110,0.06929744604306343,0.3292553552559444,0.07059640983740488,0.1467876590433575,0.0025
111,0.052240932637300244,0.3777921682312375,0.05973839266942098,0.15188532712913694,0.0025
112,0.06155611949089246,0.37351342751866295,0.0665642207249617,0.14822502043985186,0.0025
113,0.053187015576240344,0.33203036728359403,0.06213463518099907,0.14456742576190404,0.0025
114,0.04633772770563761,0.3292751851535979,0.061584016642509364,0.1499186491682416,0.0025
115,0.056403526969445054,0.32323519743624185,0.06749936498892613,0.14334574270816075,0.0025
116,0.05091375204233023,0.30475321057296934,0.05522790673451546,0.1429315237771897,0.0025
117,0.052775992109225345,0.31901284200804575,0.06511353896214411,0.14029025038083395,0.0025
118,0.06328830948242774,0.3279262795334771,0.07219233077306014,0.14361232093402318,0.0025
119,0.04354041799520835,0.3580316894111179,0.05797520791872954,0.14776647410222463,0.0025
120,0.07418065315637833,0.34634621086574735,0.06179838791871682,0.15012587855259577,0.0025
121,0.0473796913257012,0.31028982996940613,0.05909417837094038,0.1397011081377665,0.0025
122,0.06439179472434214,0.3172006181308201,0.06818767812771676,0.13839407478060042,0.0025
123,0.047744165360927585,0.3204142153263092,0.0596743174470388,0.13950531220152265,0.0025
124,0.05280288687119117,0.33174567563193186,0.058032537652896,0.14783154924710593,0.0025
125,0.06600549740669055,0.3114406480675652,0.06280140372423025,0.14505315536544436,0.0025
126,0.06885452912403987,0.31280966103076935,0.06875159495916122,0.13838668983607066,0.0025
127,0.06018769450676747,0.30641959820474896,0.06679133879832733,0.13844117983466103,0.0025
128,0.0659125822644012,0.30935116041274296,0.07358062205215295,0.1371137953939892,0.00125
129,0.06486545419081663,0.31341043682325453,0.06988506874977014,0.1385879349850473,0.00125
130,0.045804346677584526,0.32121960322062176,0.05880971623536868,0.14342854065554483,0.00125
131,0.05742449200688264,0.335746515364874,0.06516638168921837,0.14796696709735052,0.00125
132,0.04731046824883192,0.3336908100616364,0.06017851279332088,0.14057761430740356,0.00125
133,0.04536350079071828,0.3240138462611607,0.05651629269123078,0.14052769435303553,0.00125
134,0.0389780104924471,0.33607686985106694,0.05317753958396423,0.14525577142125085,0.00125
135,0.042859403980083956,0.367457576805637,0.05763933540154726,0.14873432013250532,0.00125
136,0.046510513012225814,0.36018734035037814,0.05771053020770733,0.1446115133308229,0.00125
137,0.04745235309864466,0.35691681788081214,0.0573563967186671,0.14365469415982565,0.00125
138,0.05186339259529725,0.3759042336827233,0.06256441640166135,0.14331826922439395,0.00125
139,0.03715656839120082,0.34283165420804707,0.05347616183452117,0.13962273441609882,0.00125
140,0.03824036556940812,0.3578060468037923,0.04971309441786546,0.13983224119458879,0.00125
141,0.04034635478105301,0.3370627278373355,0.05401623302545303,0.14173672880445207,0.00125
142,0.03380489979798977,0.3255840766997564,0.04900493931311827,0.13855462840625218,0.00125
143,0.039745305211116105,0.3208104542323521,0.05231789377255317,0.1360667837517602,0.00125
144,0.04312795549631119,0.32532509735652376,0.0566569847938342,0.14069176216920218,0.00125
145,0.048390311919725856,0.3355263727051871,0.057596246325052704,0.13750744717461721,0.00125
146,0.03801155264178912,0.3097867767016093,0.05096595837519719,0.13371019845917112,0.00125
147,0.055551835054006335,0.31240988629204886,0.06361815998187433,0.13986684594835555,0.00125
148,0.03387431999047597,0.33190320432186127,0.05016863281146074,0.14095877820537203,0.00125
149,0.04545790828191317,0.34008853137493134,0.05610410800346961,0.1380032588328634,0.000625
150,0.04169583748548459,0.3568906549896513,0.0517943418942965,0.1421501636505127,0.000625
151,0.048880860343193396,0.3509125070912497,0.05983756627791967,0.141375547008855,0.000625
152,0.045723960930720356,0.3446444471677144,0.058226901426529275,0.14122051497300467,0.000625
153,0.043567499136313415,0.3341195455619267,0.05764233210147955,0.14148736603203274,0.000625
154,0.04222259976160832,0.35340229528290884,0.05624779611825943,0.1455488701661428,0.000625
155,0.03708899976351322,0.34653390589214506,0.04905414577478018,0.14073484994116284,0.000625
156,0.03391663474150193,0.35113818872542607,0.05027604714418069,0.14000589577924638,0.000625
157,0.04149696404735247,0.3596550879024324,0.05377331572847489,0.1413658211628596,0.000625
158,0.04113375384073991,0.34638528312955585,0.05485560404948699,0.1438901743718556,0.000625
159,0.036250454359329665,0.3381118256421316,0.05014987240235011,0.14199097667421615,0.000625
160,0.03367479458833352,0.31202881534894306,0.04957068936947064,0.13717625041802725,0.000625
161,0.038770138902159836,0.31534268032936824,0.051740970997474135,0.1344647223041171,0.000625
162,0.040953771693584246,0.34359083431107657,0.05449538536560841,0.13990198998224168,0.000625
163,0.03295031533791469,0.338678179752259,0.051496443916589786,0.1407553521650178,0.000625
164,0.037734598685533575,0.33780460130600704,0.05286122835599459,0.13917065943990434,0.000625
165,0.052940935354966384,0.3630238814013345,0.05699428365780757,0.14346503643762498,0.000625
166,0.04487078587214152,0.38692075156030203,0.05507476398578057,0.14357783184165046,0.000625
167,0.057432450086642536,0.4206931704566592,0.06380532521467942,0.13948808255649747,0.000625
168,0.046318345688856566,0.38667462837128413,0.05752270160577236,0.14116663592202322,0.000625
169,0.03856575038188543,0.3493950828200295,0.053618712302966,0.1363442309555553,0.000625
170,0.0442090127712641,0.34349618071601506,0.058737913156167054,0.138360361967768,0.0003125
171,0.04085489996732809,0.3606467133476621,0.05363203867887839,0.14217354073410943,0.0003125
172,0.037829836362447494,0.3459872305393219,0.050453503926595054,0.1377817541360855,0.0003125
173,0.043410603740276436,0.36644011452084496,0.05315346007163708,0.14485157423076175,0.0003125
174,0.047720252856230126,0.35495106663022724,0.05658006675732442,0.1388018535716193,0.0003125
175,0.034819620083539914,0.3690258406457447,0.0506244169595914,0.1463440614087241,0.0003125
176,0.03885938708598797,0.3753651146377836,0.050939913896413946,0.14387740123839604,0.0003125
177,0.03309332445645944,0.3640164626496179,0.048106009532243775,0.14313738757655733,0.0003125
178,0.04202560706016345,0.3267227957646052,0.05188453250970596,0.13952799567154475,0.0003125
179,0.04643850517578614,0.3320778849579039,0.05776270543917632,0.13598632315794626,0.0003125
180,0.02952244369647442,0.32695741596676053,0.04689430705247781,0.13443869281382786,0.0003125
181,0.05401945419800587,0.3389739188409987,0.058803626054372546,0.14187276966515042,0.0003125
182,0.03942288244381929,0.34246117018517996,0.05149356707548484,0.13773182176408313,0.0003125
183,0.04285394106155787,0.37699336948848905,0.05619012400125846,0.1436285511368797,0.0003125
184,0.03950164501483624,0.3536483013913745,0.054548676885091345,0.13658546904722849,0.0003125
185,0.05022842028202155,0.3746886281740098,0.05949379480802096,0.1403611061118898,0.0003125
186,0.035067454400735026,0.3549086082549322,0.0485361587924835,0.13445072017964863,0.0003125
187,0.04392486061805334,0.3449787355604626,0.054992533341432226,0.1354978886388597,0.0003125
188,0.04488808608207947,0.3462354611782801,0.058546012448958865,0.14066215994812192,0.0003125
189,0.04210968819948343,0.3298671344916026,0.05370119664913569,0.14200406060332343,0.0003125
190,0.035245741254244095,0.33070353099278044,0.05090829890507918,0.1417528490225474,0.0003125
191,0.03500617131208762,0.3437423195157732,0.048841220369705785,0.1391075218007678,0.00015625
192,0.033865846760379965,0.34314689182099845,0.05246395027408233,0.14018648046822774,0.00015625
193,0.03616653359853304,0.32262315920421053,0.05180011223524045,0.13692563346454076,0.00015625
194,0.031987280341295096,0.3424287551925296,0.04468798820789044,0.14076319762638637,0.00015625
195,0.03258533615332383,0.36128638471875874,0.04717707484960556,0.14832715903009688,0.00015625
196,0.030882091075181962,0.3456449026153201,0.04890485180494113,0.14350791630290805,0.00015625
197,0.03106913692676104,0.35217082500457764,0.04698346398579769,0.14548665427026294,0.00015625
198,0.04520155447415816,0.3461289136182694,0.058106885812221426,0.14285930281593687,0.00015625
199,0.03585541553986378,0.3450156585091636,0.04997781671774693,0.1421862929349854,0.00015625
